{"timestamps": [1491420852.934358, 1491420861.76142, 1491420871.816253, 1491420883.266804, 1491420896.191042, 1491420909.606273, 1491420922.836674, 1491420936.603692, 1491420950.044216, 1491420964.487618, 1491420978.713334, 1491420992.774667, 1491421007.294767, 1491421021.33941, 1491421034.295816, 1491421048.406316, 1491421061.566312, 1491421076.533988, 1491421090.950444, 1491421106.103984, 1491421120.021941, 1491421134.709408, 1491421148.417079, 1491421164.226783, 1491421179.343566, 1491421193.455039, 1491421207.427036, 1491421220.925035, 1491421234.99621, 1491421248.255526, 1491421263.381807, 1491421277.895495, 1491421291.700902, 1491421308.623411, 1491421320.646669, 1491421335.060929, 1491421348.905094, 1491421361.834493, 1491421375.464917, 1491421390.544206, 1491421404.582545, 1491421414.937515, 1491421424.405448, 1491421433.958341, 1491421443.413894, 1491421453.113285, 1491421462.899102, 1491421475.061418, 1491421485.873925, 1491421495.320172, 1491421504.848338, 1491421514.384833, 1491421523.873034, 1491421533.149998, 1491421543.11217, 1491421552.148331, 1491421561.365514, 1491421570.891157, 1491421580.052324, 1491421589.099923, 1491421598.243433, 1491421607.821303, 1491421616.88295, 1491421626.19454, 1491421635.820057, 1491421645.195788, 1491421654.732358, 1491421664.261987, 1491421673.740949, 1491421683.384928, 1491421692.931422, 1491421702.528646, 1491421711.701749, 1491421721.146497, 1491421730.499487, 1491421740.070896, 1491421749.637146, 1491421759.14109, 1491421768.115463, 1491421777.892575, 1491421787.235699, 1491421796.574981, 1491421805.9116, 1491421815.309579, 1491421824.560616, 1491421834.137238, 1491421843.400992, 1491421852.913572, 1491421862.400131, 1491421871.92998, 1491421881.54805, 1491421891.193506, 1491421900.533502, 1491421910.057445, 1491421919.634389, 1491421928.772749, 1491421938.160038, 1491421947.697041, 1491421957.1922, 1491421966.523327], "rewards": [-299.12834614515003, -268.81278433064557, -226.77281700094304, -196.55792025021026, -165.97533066630638, -139.70343247226015, -120.95439400827698, -102.87555283565308, -87.104315103938291, -75.336027346979961, -65.455601504775018, -55.059148843337745, -49.03987025062672, -42.697844928985702, -37.631048868943815, -33.721115779721721, -29.604671655000356, -26.582588298899282, -24.578714699636087, -21.969690677909981, -20.324789330346182, -18.75506586506399, -17.133027906058381, -15.692291445362645, -14.981731699480287, -14.797905358530583, -13.537654313209574, -13.751513054461897, -12.686592091159799, -12.753956851224654, -12.214358916628452, -11.387527765233601, -10.974011612613445, -10.945485607634277, -10.505108650233485, -10.618248972388756, -10.181527715240442, -9.932062525476498, -9.1352902590996692, -9.9971979649987173, -10.123181758355974, -10.208928306880445, -9.9451043981805949, -9.1108043845792324, -9.6319597954756198, -9.2329688871344757, -9.2521368750284871, -9.214273213871131, -8.5188697498640096, -8.904953257047449, -8.5152649297275502, -8.2897542831530853, -8.9005536744196068, -8.7957769293429457, -8.4082984600805784, -8.6475082457364092, -9.0443303307135903, -7.9380297538327076, -7.9572494784405681, -8.0055380512660435, -8.0385975126301101, -8.0293517717440537, -8.3118273873945867, -6.6244591460783537, -7.5506756752608331, -8.1184409917555502, -8.4297150830966299, -7.684961021371211, -8.6024981040610786, -7.5063449412189005, -7.8093698244254766, -7.7881005158521956, -7.5347640255711212, -6.9747681187295312, -7.5865108500288416, -7.1549554530071555, -7.6029020996339849, -7.2147447310961113, -7.149242446191713, -7.2866834975543533, -7.0419492812840652, -7.2150613588219903, -7.4900445806519427, -7.0494276209097002, -7.0685568636982863, -7.1127466223670277, -7.4158275177910893, -7.3400982334985461, -7.4030264699915946, -7.23146735210236, -7.8032975345116595, -7.0256158826479922, -7.3145224820242696, -7.3623880814784517, -6.7320634795721208, -7.6048762104472871, -7.7195210325897259, -7.5651834029267082, -7.3708817775337705, -7.388868926595034]}