{"timestamps": [1491477826.447901, 1491477845.413414, 1491477873.492893, 1491477896.242062, 1491477922.207454, 1491477947.520255, 1491477972.876256, 1491477997.691905, 1491478018.842346, 1491478044.391727, 1491478067.880763, 1491478091.159504, 1491478113.907592, 1491478137.227366, 1491478162.258786, 1491478183.321652, 1491478206.396816, 1491478228.448422, 1491478251.362693, 1491478274.98841, 1491478297.985803, 1491478326.473141, 1491478349.453651, 1491478367.516432, 1491478392.155256, 1491478415.506711, 1491478436.364001, 1491478457.02417, 1491478479.328969, 1491478504.787332, 1491478529.035487, 1491478550.958172, 1491478574.075786, 1491478596.783605, 1491478622.366923, 1491478647.652919, 1491478666.380088, 1491478690.6818, 1491478716.217393, 1491478738.573051, 1491478761.991361, 1491478783.813711, 1491478809.465528, 1491478834.020319, 1491478859.022637, 1491478885.664915, 1491478911.089064, 1491478937.087805, 1491478959.58421, 1491478982.239453, 1491479007.186075, 1491479032.767685, 1491479059.531133, 1491479083.112102, 1491479103.104735, 1491479126.739573, 1491479153.511076, 1491479174.842481, 1491479198.957721, 1491479224.32874, 1491479248.771732, 1491479272.49441, 1491479289.294569, 1491479309.656398, 1491479333.276312, 1491479358.849547, 1491479381.856699, 1491479406.707177, 1491479429.6793, 1491479455.461264, 1491479477.422961, 1491479503.65551, 1491479522.150341, 1491479545.34494, 1491479567.985995, 1491479589.18452, 1491479611.242308, 1491479637.063726, 1491479663.629385, 1491479684.029522, 1491479708.314895, 1491479726.356251, 1491479750.490239, 1491479773.757451, 1491479800.262709, 1491479823.688483, 1491479837.431419, 1491479850.809561, 1491479864.547518, 1491479877.916679, 1491479891.318103, 1491479904.96825, 1491479917.990834, 1491479931.399197, 1491479945.032604, 1491479959.172705, 1491479972.65245, 1491479986.936088, 1491480001.299652, 1491480015.374302], "rewards": [-148.34330184189702, -128.9517567252962, -111.42981323542625, -91.76969537028845, -79.5747819269125, -68.85244508685219, -60.195226384702245, -51.19501657930755, -44.53816998564187, -39.60277920660314, -35.178937059304374, -30.654195628782187, -26.75377489984477, -24.243901197170945, -22.033338331219344, -19.96160972437548, -18.089452785095062, -16.685630680005115, -15.629996181144017, -14.912220911856803, -14.10516079000953, -13.748698046153244, -12.72192374799643, -12.319370490697557, -11.979001777605331, -11.278160425424353, -11.311062730018744, -11.248808931683602, -10.89572223453706, -11.369163281867948, -10.73068848928829, -10.529177706666854, -10.648478117017628, -11.050246549422258, -11.190536668625155, -10.724615514106873, -10.468739103151703, -10.210203378235455, -9.68608432781499, -9.902876412397905, -9.867488050164162, -9.65056704835285, -9.849633375250892, -9.448984381837201, -9.340444339028885, -9.21749107767596, -9.150950914060086, -9.10824236241575, -9.743521006115598, -9.473846973257366, -8.9993421000736848, -9.4998890146204129, -8.9771558736733894, -9.1671211394092378, -9.35424173938849, -8.8310365890936335, -9.1717564867820158, -9.0443410572246741, -8.7761825534587992, -9.1626191030852535, -8.6230164318155129, -9.0416408083736339, -8.4175719500346435, -9.1154094322917061, -8.5496295131289699, -9.2348186635287082, -8.9352429775404545, -8.1381415649936972, -8.2269485717401327, -8.4971660533342828, -8.7080877125432785, -8.0473979493191425, -9.233689445504158, -8.8858535707729089, -8.3544326656102381, -8.4843196027065719, -8.5272520043870372, -7.9933087612887759, -8.629101246426508, -8.1543894567017006, -8.9018311013923537, -8.0962694993080397, -8.4704707078811445, -7.7144687975427475, -8.4946554592290724, -8.4047464072463836, -8.8720351143955689, -7.4004360944608756, -7.7078120797461409, -8.0337209830685872, -8.2912636664017931, -7.9397794125916468, -8.3341932479420571, -7.9494960204403551, -7.4113502369185005, -7.5591277361951095, -8.1654047074498877, -9.0477145063220163, -8.0681072250974974, -8.1615694814194484]}