{"timestamps": [1491486981.836369, 1491487010.04652, 1491487037.593457, 1491487064.228681, 1491487087.906531, 1491487116.057439, 1491487145.811599, 1491487172.435279, 1491487201.247373, 1491487226.363847, 1491487252.096937, 1491487272.427264, 1491487291.343407, 1491487315.254253, 1491487340.983525, 1491487368.974734, 1491487397.077364, 1491487423.266716, 1491487450.650234, 1491487478.550721, 1491487505.237737, 1491487534.75202, 1491487567.648796, 1491487597.794762, 1491487624.659929, 1491487647.936378, 1491487676.311539, 1491487699.700565, 1491487727.287353, 1491487749.822005, 1491487776.433438, 1491487802.094297, 1491487828.55893, 1491487852.793794, 1491487881.088049, 1491487901.810336, 1491487926.638224, 1491487953.549651, 1491487978.745547, 1491488002.749955, 1491488034.309645, 1491488062.439926, 1491488088.149759, 1491488113.05379, 1491488135.003233, 1491488166.499252, 1491488199.915417, 1491488227.806658, 1491488258.622337, 1491488278.627718, 1491488305.968307, 1491488332.312145, 1491488361.014624, 1491488386.306422, 1491488414.378848, 1491488440.756978, 1491488470.430951, 1491488493.918106, 1491488527.473289, 1491488553.271694, 1491488587.198325, 1491488607.87673, 1491488632.0772, 1491488655.718259, 1491488680.474, 1491488708.560759, 1491488736.383908, 1491488762.583836, 1491488792.735371, 1491488818.956071, 1491488847.030265, 1491488871.105755, 1491488897.483903, 1491488924.964787, 1491488946.650381, 1491488973.233899, 1491488999.362868, 1491489021.928001, 1491489047.70739, 1491489075.905248, 1491489104.707251, 1491489136.177289, 1491489158.474222, 1491489183.573774, 1491489208.946466, 1491489235.91232, 1491489257.207138, 1491489282.937018, 1491489305.706795, 1491489332.437405, 1491489358.261777, 1491489383.800335, 1491489409.740439, 1491489434.240727, 1491489461.698609, 1491489489.563172, 1491489515.001553, 1491489541.490109, 1491489561.2902, 1491489581.491777], "rewards": [-210.59630171614776, -190.88240951702861, -158.90663355262515, -129.61138184155831, -110.77900113571025, -94.814576867375777, -80.31306782822989, -68.260558937397249, -60.441044684036221, -50.9470215227945, -44.539077767081054, -39.314244423240076, -34.471064494632813, -29.855846412307525, -27.60697659694727, -24.211257146470434, -21.666534085763519, -19.500431622153776, -18.381960881599099, -16.865002301995894, -15.894218995558445, -14.627560781137952, -14.377475871611711, -13.083099248700403, -13.723182969506608, -12.773246732175195, -12.13080248120345, -11.569222504783733, -11.95361736303304, -11.805172599212638, -11.320706858848601, -11.928461015984967, -11.354938474986419, -11.160417388951407, -10.748170981951789, -10.877642571412299, -10.751152690529606, -10.946106742410755, -11.053845332133255, -10.545348468683454, -10.503591632394173, -10.397487981218251, -10.43380161766853, -10.24904180186952, -10.702875969818137, -10.020092393371144, -10.354520805430479, -10.131517562917651, -10.208919363043371, -10.208677939612155, -10.024108040757795, -9.8640626632432298, -9.9211602235318725, -10.045583770493215, -9.6466097645576632, -9.904274836340365, -9.3839681184085464, -9.8281026038682686, -9.5158097170016944, -9.5218690649400859, -9.0090583105238036, -8.7588462492739048, -9.3571927515753526, -9.1154856267613873, -8.8669821279134347, -9.1378637976403887, -9.0116579735566074, -8.8332311632935987, -9.090400053073056, -8.853438072755905, -8.7118091316045962, -8.6658635756712723, -9.1027275304995534, -8.4938170930570607, -8.8382078709054408, -8.6849336630539291, -8.6460254952233218, -8.9588770152040418, -8.8553887872787111, -8.5210966311472855, -8.8204002823595431, -8.5881444532559144, -8.6957788844595516, -9.0721575760669584, -8.7173238364911132, -8.8274193990430927, -8.9237910035920738, -8.2215851121755446, -8.2075240625064652, -8.458239655033692, -8.2988918811780152, -8.4110384555843982, -8.6401041079837242, -9.1537081669097109, -8.5725211790843669, -8.7052284275754008, -9.7209249708753127, -8.1217203763004431, -8.0826640755338079, -8.3338779684727395]}