{"timestamps": [1491463187.020383, 1491463215.277254, 1491463242.687374, 1491463270.33012, 1491463297.621885, 1491463324.252099, 1491463360.737366, 1491463407.839058, 1491463478.653261, 1491463534.051376, 1491463596.406908, 1491463663.291726, 1491463722.080625, 1491463777.184569, 1491463836.689802, 1491463902.711263, 1491463969.429109, 1491464039.040137, 1491464100.074485, 1491464166.601303, 1491464233.897595, 1491464295.657422, 1491464351.223073, 1491464421.360943, 1491464483.059521, 1491464550.879372, 1491464607.89106, 1491464665.221831, 1491464730.289426, 1491464793.38363, 1491464857.711091, 1491464920.098009, 1491464975.754786, 1491465032.426754, 1491465093.828103, 1491465150.972875, 1491465210.936353, 1491465273.625102, 1491465337.302773, 1491465401.484757, 1491465461.401681, 1491465531.684156, 1491465598.786594, 1491465661.488232, 1491465724.003389, 1491465778.226216, 1491465838.768197, 1491465899.521419, 1491465960.302821, 1491466014.118525, 1491466068.511131, 1491466129.51756, 1491466183.946897, 1491466246.307683, 1491466305.87, 1491466367.775242, 1491466423.061818, 1491466482.915205, 1491466541.150613, 1491466601.227408, 1491466662.291495, 1491466726.296022, 1491466790.123236, 1491466850.147674, 1491466919.178107, 1491466969.834555, 1491467029.097758, 1491467091.010095, 1491467150.695835, 1491467210.300419, 1491467279.123981, 1491467341.716296, 1491467399.577673, 1491467464.410413, 1491467517.440651, 1491467571.793654, 1491467635.203546, 1491467701.713881, 1491467761.454471, 1491467821.683598, 1491467876.785923, 1491467934.781018, 1491467997.482439, 1491468063.698968, 1491468121.60228, 1491468176.259087, 1491468240.05185, 1491468308.153043, 1491468367.421806, 1491468429.549121, 1491468485.670188, 1491468546.2912, 1491468608.130639, 1491468656.567983, 1491468684.38676, 1491468709.429472, 1491468736.832121, 1491468763.762935, 1491468790.839052, 1491468817.589578], "rewards": [-980.83151929111045, -975.006030504931, -931.27658874653764, -887.83282708244792, -818.08943849296327, -767.05322553262067, -726.54301172937949, -682.34070652259504, -635.34820441882357, -607.92461037745579, -572.50732487482935, -546.09671435201392, -515.58668248109154, -480.3580171724567, -452.74962538413359, -424.74196892866786, -398.25961513735228, -374.60009613752067, -354.01988863069795, -341.0503138844349, -319.72898027474503, -303.58447428714231, -288.08698711124237, -274.50071706276469, -262.21744305976404, -252.68023980568938, -238.77419066391786, -229.86357657808338, -219.25416633616456, -209.93935570255471, -207.00945175001561, -194.06269574502153, -189.59441872735962, -180.82618106627928, -176.08295327517385, -169.421185799569, -163.41593668143142, -157.15857261282878, -155.84520305943676, -150.60836525538301, -146.17276895624497, -142.33809734845582, -139.00891646820313, -134.58340154530703, -132.17818651056979, -126.62255420949988, -125.0186555261142, -121.66165172829818, -121.4129395073028, -118.61439446194605, -120.18137052488997, -119.30764543453884, -118.5685419294757, -116.63463173820102, -115.70554148831376, -111.81605637643823, -109.46033915165265, -107.31875699034656, -108.37084688937387, -107.24692087488548, -104.51736509294967, -102.33933942024115, -102.39379976296745, -102.11960389615437, -99.819306109664225, -97.014874772191305, -96.173699957955293, -90.821977697760616, -91.879944071269989, -93.141744347348848, -91.308493487282945, -88.119226723088246, -88.360151801315382, -90.121683947461619, -90.203600993092678, -88.60153960590111, -88.060676337081219, -83.15244371889689, -85.455496773216794, -85.613476722891832, -85.936428474212448, -85.354570705505267, -83.535799704763591, -82.50592245574498, -86.693799214008649, -83.902578576121527, -82.405144835985553, -84.779757622454056, -86.386715124770731, -87.061992010934773, -84.858833687245337, -85.570521892017226, -83.088719998452888, -83.565094887558018, -83.588226939718751, -79.645221929257929, -79.159280704715442, -79.730932911758003, -80.740846542121773, -78.523579690082073]}