{"timestamps": [1491412548.556941, 1491412582.174378, 1491412618.564285, 1491412654.940029, 1491412692.218935, 1491412729.591168, 1491412767.089768, 1491412805.102891, 1491412842.979734, 1491412880.539356, 1491412917.417701, 1491412954.55544, 1491412992.545929, 1491413030.892661, 1491413069.526137, 1491413107.267478, 1491413145.818348, 1491413183.465179, 1491413220.700389, 1491413257.745457, 1491413295.356262, 1491413333.247359, 1491413371.483676, 1491413409.590761, 1491413445.937198, 1491413483.879477, 1491413520.54484, 1491413559.33534, 1491413597.538405, 1491413635.542657, 1491413673.393517, 1491413710.491421, 1491413747.969035, 1491413785.720378, 1491413823.816206, 1491413860.758686, 1491413897.997075, 1491413936.161593, 1491413974.497149, 1491414011.575447, 1491414049.403322, 1491414086.958117, 1491414124.896779, 1491414162.233187, 1491414198.915544, 1491414237.945784, 1491414275.765641, 1491414314.109084, 1491414351.7096, 1491414390.52408, 1491414428.68783, 1491414466.329912, 1491414503.823659, 1491414540.880807, 1491414577.407022, 1491414616.231021, 1491414654.190368, 1491414692.075479, 1491414729.443701, 1491414767.132884, 1491414803.58855, 1491414841.92407, 1491414879.339853, 1491414915.661568, 1491414953.266321, 1491414990.850214, 1491415029.335796, 1491415066.080308, 1491415102.998037, 1491415140.051247, 1491415177.357027, 1491415216.540339, 1491415254.250359, 1491415292.744029, 1491415329.708297, 1491415366.825072, 1491415403.751657, 1491415441.143593, 1491415478.933198, 1491415516.548767, 1491415554.018306, 1491415592.684958, 1491415630.83164, 1491415668.410593, 1491415705.601283, 1491415743.99762, 1491415781.708776, 1491415819.241351, 1491415857.949171, 1491415894.855607, 1491415932.108023, 1491415969.049959, 1491416006.4178, 1491416043.468086, 1491416080.289983, 1491416118.471338, 1491416154.217401, 1491416191.723788, 1491416228.515861, 1491416265.879468], "rewards": [-1082.1223304116952, -1091.2320173538656, -1014.4707361939853, -914.41151895541009, -885.74882000670414, -893.84570334747377, -819.7539341458546, -772.9792121349202, -724.62093894473833, -687.68602946237763, -643.34366321919572, -603.37851987117392, -567.46430956632275, -536.44784122442081, -506.43288327824934, -469.08252834153944, -448.55198870659683, -424.79495631573087, -396.5048146257086, -377.59719167215457, -351.51162641953482, -332.58304850598643, -315.56839273443637, -297.57396892443364, -286.18832335289898, -271.76225924917082, -257.65590691089898, -245.27589149653278, -234.28442667655466, -223.6318761173805, -217.75573423704921, -206.28644616738129, -196.7007257470126, -190.40560665366141, -187.33050176019137, -176.87259442533096, -172.53276277299068, -167.2541899527522, -163.7831324848851, -158.618444153556, -154.57825373209189, -149.74936056541188, -147.83111082142645, -143.86325824762275, -142.10804666328377, -135.17870912820462, -132.26355458232629, -129.88560162667059, -128.37547601894485, -126.53616248743627, -124.05735532518236, -119.21265229773391, -116.19638122019201, -113.7508942901692, -111.59987655396482, -108.46450116248491, -104.03131041742439, -108.26931582284152, -103.32466786198673, -99.636545895873766, -102.48036709403091, -98.437518950959742, -97.166450814674249, -100.77735106962011, -99.530181531703221, -91.729260290942705, -93.451576617823889, -87.627535900735708, -84.667684168249792, -82.338689009491901, -85.93249202957945, -80.540528582629307, -77.011833549821375, -78.957556473292584, -75.262643609262923, -75.29677406440706, -74.530771906359675, -78.333768086845481, -78.637402495786603, -74.370830875722504, -71.341482952699707, -71.861965408065714, -69.15283891363157, -70.728599078918435, -67.695904323368993, -64.723581983537201, -65.738848924907231, -63.640332568695406, -64.829501708059595, -60.904364586808924, -62.837599000004538, -62.932858013601347, -59.487403906092595, -56.849653594020737, -58.718703451075491, -58.681169853528921, -58.531821996894223, -54.848166036339656, -56.454793780810235, -52.456111638942723]}