{"timestamps": [1491737856.886125, 1491737941.586605, 1491738026.144902, 1491738110.323251, 1491738195.225848, 1491738279.651307, 1491738364.894458, 1491738449.745112, 1491738531.890504, 1491738616.385198, 1491738700.985935, 1491738786.846026, 1491738872.237969, 1491738957.514866, 1491739042.058068, 1491739125.698594, 1491739211.0023, 1491739297.830138, 1491739380.768148, 1491739463.123581, 1491739546.866403, 1491739633.218706, 1491739717.73738, 1491739803.124215, 1491739885.106301, 1491739965.156576, 1491740044.21625, 1491740123.353176, 1491740202.664636, 1491740284.237288, 1491740368.766385, 1491740454.172708, 1491740540.72461, 1491740623.134393, 1491740702.237092, 1491740782.23654, 1491740861.951593, 1491740941.105618, 1491741019.24649, 1491741097.520752, 1491741175.860161, 1491741253.82074, 1491741331.657641, 1491741412.600192, 1491741496.31688, 1491741579.258147, 1491741664.397051, 1491741746.631247, 1491741824.071194, 1491741901.203314, 1491741977.076463, 1491742053.923371, 1491742130.439395, 1491742212.292659, 1491742296.452756, 1491742381.008748, 1491742462.66133, 1491742543.086877, 1491742626.713217, 1491742710.406334, 1491742793.528238, 1491742875.722098, 1491742959.04948, 1491743038.796146, 1491743123.446908, 1491743206.867364, 1491743290.378791, 1491743372.38228, 1491743452.662512, 1491743535.384054, 1491743619.144372, 1491743702.030247, 1491743787.065965, 1491743867.575845, 1491743945.108822, 1491744023.626099, 1491744100.797742, 1491744177.761683, 1491744254.98084, 1491744332.107287, 1491744408.542143, 1491744485.9859, 1491744563.647329, 1491744641.331694, 1491744719.367988, 1491744805.533151, 1491744889.54938, 1491744973.27986, 1491745050.886014, 1491745129.186248, 1491745206.786444, 1491745283.999112, 1491745362.459404, 1491745440.893085, 1491745527.894442, 1491745611.455916, 1491745694.079314, 1491745772.206437, 1491745851.192619, 1491745930.759045], "rewards": [-1172.1301082617144, -1147.7716745516125, -1094.0490340765573, -1014.2286965483182, -925.9285993038048, -850.1459674743028, -780.0052075928295, -714.1149598153993, -654.3286189309927, -597.437542102706, -544.5997833782615, -501.90858229409474, -459.86127580115726, -419.8478625439533, -398.53712741320766, -374.32469031684377, -349.3257829518771, -322.24768307112043, -297.2130930170294, -276.4770275091306, -256.7422562487858, -240.14335835231313, -224.07328307687246, -208.91973007224928, -193.90237182625822, -178.4784660639173, -173.3397894588593, -166.36752751859458, -157.91203108618694, -149.40681079023338, -141.03418118549948, -134.58820095388276, -129.38883914877965, -122.37370989690982, -118.81843787848187, -111.97341715644438, -105.47204992023758, -101.81111783494477, -96.89135348107074, -93.73603713761426, -88.97280790403148, -82.77393542220221, -79.5321607583513, -74.7314022397293, -71.5096640570725, -68.21961147223112, -66.11427152539144, -63.09240800526445, -60.1391578708421, -57.440545626760674, -54.18503211982419, -51.547456040576265, -50.04537388379703, -47.772660397105724, -44.064342799478645, -44.93134310623233, -43.88947882050646, -40.54304336865247, -39.922188586580866, -38.87511582137516, -37.75462508838264, -36.462640876204226, -34.96087452373956, -36.275712047998034, -35.492730095772934, -34.00810596603472, -32.73943777829073, -33.31232583230433, -32.290428274051074, -33.51211491532359, -32.302154784325566, -32.49509229972727, -26.623812118959172, -27.02593358404482, -26.823123880154743, -24.92017627636089, -24.378544303456493, -25.016410062478748, -23.23035888048667, -22.734069532390162, -21.183547739019996, -18.26538815263278, -18.777484741665894, -17.257798152096164, -18.094361024713315, -16.346123093766593, -13.59459493281956, -15.642845203345805, -14.895776201657842, -17.855360096594538, -18.084014676370575, -15.889886330480488, -13.890874776544072, -12.283049403405224, -13.28070408320801, -14.978355651451963, -14.001438335072034, -14.521631239139111, -16.770801119609477, -14.245790877877061]}