{"timestamps": [1491463379.835698, 1491463421.955435, 1491463464.568796, 1491463509.812944, 1491463557.979853, 1491463602.563978, 1491463649.745011, 1491463702.894772, 1491463751.117723, 1491463798.120296, 1491463843.678781, 1491463892.230038, 1491463942.478639, 1491463991.527396, 1491464042.682239, 1491464091.4921, 1491464142.125728, 1491464185.652313, 1491464241.442216, 1491464286.178285, 1491464331.382077, 1491464382.819598, 1491464425.089219, 1491464469.880415, 1491464514.66329, 1491464560.985113, 1491464610.91262, 1491464657.684182, 1491464705.202985, 1491464754.138418, 1491464800.740498, 1491464848.268579, 1491464894.697658, 1491464944.889988, 1491464994.578705, 1491465042.811202, 1491465088.744556, 1491465134.369086, 1491465184.769619, 1491465233.866173, 1491465281.688851, 1491465330.209238, 1491465373.505665, 1491465420.056064, 1491465462.273127, 1491465510.988655, 1491465556.362504, 1491465601.293997, 1491465652.444293, 1491465697.488979, 1491465747.462724, 1491465793.564297, 1491465846.324707, 1491465896.935915, 1491465944.926324, 1491466000.305474, 1491466056.963633, 1491466106.217418, 1491466155.793891, 1491466203.174727, 1491466252.263021, 1491466300.228419, 1491466350.22907, 1491466402.936358, 1491466448.245153, 1491466503.2872, 1491466559.306153, 1491466609.637012, 1491466652.398367, 1491466701.375211, 1491466751.34019, 1491466803.592265, 1491466853.723579, 1491466901.777125, 1491466947.449208, 1491467000.020965, 1491467047.259489, 1491467096.799871, 1491467146.264104, 1491467194.367151, 1491467248.82099, 1491467295.001011, 1491467347.756616, 1491467399.308897, 1491467452.116683, 1491467511.129251, 1491467561.418616, 1491467607.667975, 1491467661.497857, 1491467714.389358, 1491467768.488154, 1491467818.160715, 1491467861.391491, 1491467908.002857, 1491467959.853736, 1491468010.666799, 1491468057.149561, 1491468111.411378, 1491468157.653672, 1491468208.067535], "rewards": [-596.1309139713259, -577.4483731889467, -529.9359336554961, -476.0805086691036, -425.61545100878465, -381.2456241156969, -351.29517372501067, -313.7540640482401, -284.2349652845419, -251.76446242980924, -232.67339237508764, -208.58514507062011, -191.20963048378405, -172.65603035443243, -155.13830162921045, -141.6815184983377, -130.8161221067309, -122.05737807366086, -112.10290416707643, -103.55612716368563, -96.36661851790595, -88.58979318478826, -81.46903490634126, -77.35827333834371, -71.91515925458945, -67.61776215964622, -63.10263033179918, -59.99103090073598, -57.2030482010424, -53.38561389352376, -50.95982873250315, -47.99660784085979, -45.78688197547345, -42.91414139406401, -40.2131631476777, -38.71447147453061, -36.74455538594419, -35.89596868320008, -33.844945565214196, -33.655693680422836, -32.40470137921728, -30.790811670982542, -29.569226627475743, -28.146873188429353, -27.684215908845378, -25.857469140427703, -24.55010343933915, -23.376404703782764, -22.428753021946786, -21.607850101164264, -20.994697167053154, -20.110652904977844, -19.322469037454177, -18.95597733556351, -17.668703697853083, -17.189892077124387, -16.174521664922359, -16.043120103383846, -15.448767025009227, -15.236090852373216, -14.182656701037772, -13.833265861333398, -13.539610016506732, -13.184289994660235, -13.053484948705288, -12.629898999382872, -12.089192290437746, -11.844082982417467, -11.637266298614218, -11.420528118495215, -10.881232799239795, -11.049715923495031, -10.386460990516591, -10.289269564483885, -10.371878038178661, -10.33705714563315, -10.339218342544587, -9.9740814738779946, -9.8870336324269914, -9.6226470858930941, -9.3815280192972761, -9.3109445924957708, -9.090093426780042, -8.9207884437838931, -8.7708959576592083, -8.6393433295595212, -8.7856251802315448, -8.6391690943544877, -8.724571229863324, -8.2161989515515685, -8.4253150812078434, -8.4141141352659066, -8.1422885424068969, -7.8471442913676537, -8.2674461281620282, -8.240530496573637, -8.0028619680082347, -7.9568199497139691, -7.9085793731743639, -7.7122827360114696]}