{"timestamps": [1491463382.714883, 1491463395.077324, 1491463407.526623, 1491463423.98178, 1491463443.306671, 1491463460.21063, 1491463475.042189, 1491463491.338787, 1491463508.233833, 1491463528.018153, 1491463543.828749, 1491463558.779937, 1491463573.017611, 1491463587.684231, 1491463602.156127, 1491463616.625274, 1491463631.341833, 1491463645.897751, 1491463661.527959, 1491463676.340941, 1491463690.888885, 1491463705.279812, 1491463720.034094, 1491463734.84763, 1491463749.968547, 1491463765.211475, 1491463779.809129, 1491463794.746226, 1491463809.487988, 1491463824.243611, 1491463838.967063, 1491463853.700051, 1491463868.657643, 1491463883.52861, 1491463899.079589, 1491463913.769185, 1491463928.375175, 1491463943.107694, 1491463957.823677, 1491463973.050482, 1491463987.965157, 1491464003.118586, 1491464017.940126, 1491464032.604267, 1491464047.273879, 1491464062.003309, 1491464076.685616, 1491464091.704749, 1491464106.435702, 1491464121.143757, 1491464137.226239, 1491464152.176509, 1491464167.036617, 1491464181.907958, 1491464197.634096, 1491464212.100427, 1491464226.947326, 1491464241.939973, 1491464256.496279, 1491464271.271046, 1491464286.023343, 1491464300.701959, 1491464315.399632, 1491464330.159959, 1491464345.184369, 1491464360.061453, 1491464374.945524, 1491464389.732487, 1491464404.347234, 1491464419.114906, 1491464433.886573, 1491464448.738622, 1491464463.487238, 1491464478.228985, 1491464493.71713, 1491464508.335159, 1491464522.971684, 1491464537.48154, 1491464552.029633, 1491464566.86618, 1491464581.464669, 1491464596.121601, 1491464610.802135, 1491464625.681519, 1491464640.329569, 1491464654.907972, 1491464669.866261, 1491464684.528181, 1491464699.333211, 1491464713.990867, 1491464728.960971, 1491464743.639552, 1491464758.300653, 1491464773.387514, 1491464789.207451, 1491464804.69042, 1491464819.976331, 1491464834.686211, 1491464849.586973, 1491464864.388325], "rewards": [-179.01029095163395, -174.21052544182888, -150.04285528807793, -130.77564586381959, -110.04391078482097, -93.830922884682167, -82.976736739038074, -70.577186429840779, -60.228092276989976, -53.195964092994544, -45.492111626099224, -40.538529431412947, -34.651100574867208, -31.623358860373063, -27.859094929486094, -24.284981327481145, -22.537264357124542, -19.812432141066346, -17.591603341519875, -16.69773871944459, -15.606504099768449, -14.865676079091582, -13.863847370383114, -13.144842885405843, -12.218415476769128, -11.359247563560849, -10.500911243108705, -10.96891182234258, -10.861001594989945, -10.153627501705479, -9.9941551259952135, -9.8680426895882114, -9.4627632500137793, -9.0148696089313596, -9.2946146931031262, -8.8957881261773313, -9.1286497467475574, -8.3838904447743374, -8.3640403454241383, -8.9280868036922723, -8.8910677462569101, -8.4047354542972297, -9.059455949565562, -8.1968625391945675, -9.0259223512458373, -7.9181393168911605, -8.7211576961609367, -8.3642112788026441, -8.0230643960785013, -8.0896846678762522, -8.1422223515939667, -8.0803382056817981, -7.8584087318310285, -8.3957859488586397, -7.6523126000327064, -8.3525583707362721, -8.2394279211633954, -7.6719176183990045, -8.2245925755058007, -8.9392442257470393, -7.9200150659555222, -7.6025280194725111, -7.1028857605638338, -7.5341625351365611, -7.8536607790493687, -7.0915960122219097, -7.5068600700355015, -6.5350626276846038, -6.7054378329916666, -7.3189844298754769, -6.7004205364659404, -7.0606062781040073, -7.1032656218980614, -8.137001742628108, -7.4577524397036123, -6.6632829768383184, -6.8797221175689325, -6.5616726533416996, -7.4468872000079243, -6.9113062777312413, -7.2462722824324066, -7.44438248914454, -7.3997585812331854, -7.5593716019955943, -7.8445886163973331, -6.6277622696175538, -7.0656730505333574, -7.0135029531517148, -7.1552723579141118, -7.2976599629210295, -7.2477343200171758, -7.3003658075588245, -6.9359919124069105, -10.358018930178849, -7.5677908303364418, -7.6863050560894912, -8.0537124233632635, -6.9454632591637822, -7.612028941960153, -7.448206740893629]}