{"timestamps": [1491490250.280683, 1491490327.691822, 1491490401.832012, 1491490471.597551, 1491490538.97316, 1491490603.100717, 1491490677.580459, 1491490751.724804, 1491490826.054869, 1491490892.211727, 1491490964.725044, 1491491040.875877, 1491491110.056919, 1491491179.523265, 1491491249.471158, 1491491316.893622, 1491491390.515807, 1491491463.247504, 1491491533.700876, 1491491606.005772, 1491491681.161597, 1491491753.336862, 1491491820.729795, 1491491886.471704, 1491491959.328764, 1491492023.69482, 1491492089.178496, 1491492155.844966, 1491492231.926883, 1491492299.653674, 1491492369.581832, 1491492450.016471, 1491492520.771465, 1491492598.465228, 1491492662.442478, 1491492737.43722, 1491492806.440434, 1491492882.071362, 1491492954.177977, 1491493022.34161, 1491493095.71565, 1491493171.368574, 1491493251.280496, 1491493324.925177, 1491493399.337991, 1491493478.612966, 1491493551.677613, 1491493631.390291, 1491493705.026907, 1491493777.186527, 1491493849.650589, 1491493936.494774, 1491494000.983395, 1491494068.408501, 1491494141.142611, 1491494214.431647, 1491494285.065882, 1491494360.981607, 1491494434.750326, 1491494514.436844, 1491494596.549581, 1491494664.752295, 1491494733.631645, 1491494809.376579, 1491494889.572511, 1491494974.655924, 1491495048.148334, 1491495126.905659, 1491495194.371016, 1491495259.709691, 1491495329.073272, 1491495397.238937, 1491495473.811199, 1491495548.364462, 1491495622.333367, 1491495696.867146, 1491495764.526563, 1491495836.588063, 1491495904.48015, 1491495978.012089, 1491496043.214905, 1491496120.363917, 1491496201.661793, 1491496272.646568, 1491496350.831211, 1491496421.232804, 1491496493.368838, 1491496558.87607, 1491496628.993165, 1491496701.12564, 1491496772.187734, 1491496847.173292, 1491496910.09628, 1491496990.801934, 1491497064.599997, 1491497137.280932, 1491497203.738202, 1491497268.58161, 1491497327.579089, 1491497360.000438], "rewards": [-975.65677015440133, -951.33689117594201, -879.86478959211604, -809.05991922992916, -768.53315338530922, -716.83033435937114, -667.74607172449851, -627.16691610738553, -591.02863656248394, -552.04753513268452, -517.63231805475243, -488.56960769710014, -451.98363826582784, -428.55550272515626, -397.71690620610912, -378.36783455796171, -355.97559597631312, -334.1119094438294, -315.4613634010019, -298.2349370679413, -287.45578097683131, -272.88116037809442, -258.78602237605912, -246.86290743888119, -237.17314585997946, -224.38933369643269, -218.43593994591319, -208.15411955517041, -201.00729142336925, -195.76318249160337, -185.81984117659422, -182.55689060110828, -171.95036134568807, -167.23541033741964, -166.53956040871694, -156.93361760849791, -154.9585061914965, -147.27449157388165, -147.76466121838047, -139.32775613482471, -133.1188759409477, -132.66978857941714, -126.24533921121008, -123.78255577135938, -119.61327985982479, -117.01547456300625, -114.91774465639122, -108.76024504372923, -105.29669260799352, -102.03535079374571, -96.931341371637004, -98.891675845022334, -100.59768062260893, -94.732136023525612, -92.706922933448084, -90.972135864008919, -88.362140505233143, -87.429250287638411, -86.897977708284103, -84.806105344155753, -87.290276711097263, -87.460105247347471, -86.863846377610244, -86.548334597298719, -84.414243153030512, -76.783158204265007, -74.376250314821775, -81.146117210913445, -77.230462476334083, -75.89991583641735, -79.286979636634925, -78.36141564438293, -77.017844213158568, -75.703407599854216, -72.159176285119756, -66.82590859184667, -74.191672799918237, -75.047331848502168, -69.322268451579532, -68.612701303522513, -69.653098972636059, -69.765279249711455, -67.403838407787319, -68.925071861590055, -65.314330002402826, -67.162402972580907, -65.722916508745499, -66.333965653170793, -65.207898114108801, -65.476726692518568, -62.308363605810882, -60.979493901284862, -61.63741174363323, -56.036997727284515, -59.63217068926965, -61.932724822156395, -63.466991294732125, -59.263844696477697, -57.42654662353759, -57.963515616204056]}