{"timestamps": [1491562649.18429, 1491562731.356843, 1491562812.610659, 1491562895.379508, 1491562976.875112, 1491563056.082212, 1491563137.092958, 1491563219.47437, 1491563302.299438, 1491563382.685679, 1491563463.809496, 1491563545.780114, 1491563628.114296, 1491563709.649873, 1491563789.835681, 1491563870.824768, 1491563950.723596, 1491564032.125337, 1491564113.571167, 1491564193.172378, 1491564274.353817, 1491564355.266346, 1491564435.628774, 1491564518.364717, 1491564598.065853, 1491564676.465109, 1491564758.66617, 1491564838.860468, 1491564918.010663, 1491564998.578609, 1491565078.485377, 1491565158.25629, 1491565238.86995, 1491565318.652526, 1491565397.896036, 1491565478.712767, 1491565558.181995, 1491565637.243013, 1491565718.02714, 1491565798.477385, 1491565878.43483, 1491565959.564272, 1491566041.393747, 1491566121.005532, 1491566202.343781, 1491566282.783388, 1491566362.901512, 1491566444.273641, 1491566524.548648, 1491566604.593736, 1491566685.873937, 1491566767.548433, 1491566845.853319, 1491566925.72856, 1491567004.757901, 1491567083.841602, 1491567163.917389, 1491567243.886553, 1491567321.849913, 1491567401.161132, 1491567481.658631, 1491567560.784923, 1491567641.474853, 1491567722.79676, 1491567802.742293, 1491567881.408581, 1491567963.297478, 1491568042.684482, 1491568122.469862, 1491568202.804448, 1491568282.094686, 1491568361.537995, 1491568442.147327, 1491568521.926622, 1491568600.846251, 1491568682.325971, 1491568761.524866, 1491568842.483318, 1491568924.334448, 1491569005.760214, 1491569087.402089, 1491569169.799567, 1491569249.904187, 1491569330.030291, 1491569412.437731, 1491569494.693252, 1491569575.562978, 1491569656.972471, 1491569738.171431, 1491569818.651779, 1491569900.365994, 1491569982.283144, 1491570063.36041, 1491570145.083332, 1491570224.036022, 1491570304.723864, 1491570385.171671, 1491570466.137033, 1491570545.661621, 1491570624.665421], "rewards": [-1010.4004670845826, -997.4040639431538, -920.018873910167, -843.933106135008, -765.4895900382513, -698.9851494472878, -640.3676864968069, -587.547455795027, -537.7903061653927, -496.31956663247024, -459.27524081668787, -423.1574867391347, -389.37091315013043, -362.265645187116, -334.4933846635024, -311.5515879255896, -291.086359547627, -270.9423434146366, -252.64530832184207, -236.33871473018942, -220.74112475407983, -206.7361965406964, -195.07549007895523, -182.9375923974836, -173.77294508994845, -163.80278122070555, -156.49151211868568, -149.02385358614754, -143.39802429509376, -136.70382915712446, -130.08903590595344, -124.54164763436607, -119.13554742635684, -116.3756156799373, -111.32264677498375, -105.72086048670639, -102.61639205473274, -99.1085178168626, -95.90310746344633, -92.33207539636282, -89.35581455215456, -88.93785851944924, -86.70796903046752, -84.07718305341905, -81.29359103355736, -80.35028136447288, -77.41410995790352, -77.13940024831031, -74.45692363631363, -71.545077619836, -69.24124179521317, -66.85663425659128, -63.42364326688044, -61.82100230735751, -61.24958619193737, -60.05930654198164, -57.21695416343837, -55.7963956215342, -53.49910925700605, -55.28698619258557, -53.349154651635956, -52.73026260866182, -51.94490794051165, -52.552851919920855, -50.466977571404435, -49.35543023237677, -48.15230714836866, -48.60268632326725, -45.964467259661006, -46.44531259952204, -43.88513535728484, -42.72612926577021, -41.56223500253753, -39.23596568984069, -37.922646056745855, -37.172574201944435, -36.48245509195616, -34.63813330040923, -34.76959458310403, -34.1161358746204, -34.260023605703715, -35.62608237735774, -35.59025808263958, -38.49917763552756, -39.77809688036698, -36.61443478816465, -30.58679018366174, -27.59160871241964, -27.14036243603766, -24.767099664391473, -27.447292294347097, -25.43945484010437, -30.640177339496045, -29.502873101219976, -30.013298909273143, -25.03842397811589, -33.50598377865639, -32.49009022892996, -40.301637615407685, -41.56607511515985]}