{"timestamps": [1491429303.385634, 1491429349.744345, 1491429395.520585, 1491429431.521922, 1491429458.760565, 1491429485.780129, 1491429513.029167, 1491429541.071271, 1491429569.257574, 1491429596.994682, 1491429624.640182, 1491429651.442399, 1491429678.280553, 1491429705.720133, 1491429732.836956, 1491429764.74474, 1491429819.150206, 1491429873.250169, 1491429925.248802, 1491429976.973154, 1491430030.811064, 1491430090.916947, 1491430144.231182, 1491430198.365558, 1491430251.319031, 1491430307.55278, 1491430362.600495, 1491430414.975224, 1491430474.955209, 1491430533.538848, 1491430587.851841, 1491430643.597957, 1491430696.182836, 1491430756.547864, 1491430809.528386, 1491430856.837048, 1491430907.971713, 1491430967.54905, 1491431021.270995, 1491431076.119344, 1491431128.139212, 1491431179.591973, 1491431240.166385, 1491431299.303353, 1491431350.421526, 1491431407.003599, 1491431467.708288, 1491431520.729687, 1491431577.153731, 1491431618.638393, 1491431646.096778, 1491431672.807144, 1491431699.869042, 1491431727.258259, 1491431754.592275, 1491431782.368517, 1491431810.261013, 1491431838.068069, 1491431864.785258, 1491431892.223478, 1491431919.364526, 1491431945.839285, 1491431973.605291, 1491432001.256387, 1491432028.75384, 1491432056.563711, 1491432084.30874, 1491432112.651534, 1491432139.900712, 1491432167.421689, 1491432194.746545, 1491432221.639589, 1491432249.772688, 1491432277.534485, 1491432305.334281, 1491432333.568299, 1491432361.592509, 1491432388.501031, 1491432416.51317, 1491432444.508969, 1491432472.247549, 1491432500.321439, 1491432529.309691, 1491432557.586768, 1491432585.648901, 1491432613.852668, 1491432640.575642, 1491432667.623362, 1491432695.102736, 1491432721.908508, 1491432749.08721, 1491432777.311725, 1491432805.339624, 1491432833.637713, 1491432861.2839, 1491432889.793739, 1491432916.682704, 1491432944.109456, 1491432971.980295, 1491432998.104425], "rewards": [-878.11662629025261, -860.2949119570319, -820.51804889209859, -780.46755733251678, -735.22377065967873, -678.42763669041324, -660.35861092170046, -614.93278067504116, -574.53371995664759, -534.02325320086948, -506.84173775228442, -478.71861598161672, -440.73049695567863, -416.00624816105773, -389.96843263923199, -365.14172173782191, -343.23981674812842, -319.00324644701999, -304.09526197546109, -288.05831629842737, -272.78677573033877, -256.94346918001094, -245.78898168065029, -236.59983782746971, -223.5712981441535, -213.81634693792978, -201.06742695294699, -190.31373098585686, -183.06927306031412, -175.78612530312074, -169.4234002498136, -161.68320471900549, -153.10162063862168, -147.38367484550218, -140.59595644871874, -135.55816663305256, -130.83918282023708, -126.1648005247428, -121.93509176304889, -117.87383372236982, -112.47782707990865, -110.02015382893973, -108.83764200455931, -106.6586842509904, -101.96679941257348, -100.63659636727191, -96.76030295444896, -96.175814470242528, -92.679702622709726, -90.78338643449041, -90.207257343981553, -88.584666425908097, -85.917823134107238, -83.190396921608894, -82.507968574220541, -81.933015016910517, -78.415561896082139, -77.170469766827139, -76.396809459009489, -73.767540791417147, -75.242898373360546, -71.631609068040433, -75.159364312850187, -71.993922994970802, -71.142551289826372, -69.26185775292403, -72.777660057506267, -68.182175224577364, -64.342213150393405, -62.607079742894854, -62.372373879688503, -62.947891169725239, -62.884339077075694, -59.465300347011706, -57.64407774090251, -60.759792054594634, -57.489761736806116, -58.272883799089733, -57.656839200875439, -57.695569811277245, -58.150326000352294, -59.442428653247227, -59.620587870007391, -57.518980110071816, -59.796364709496316, -53.065744616916525, -59.375428959458269, -57.814825919891646, -58.226091212747953, -55.462969167604321, -58.38731653851189, -54.126267851711624, -56.829740344854848, -55.661854645647757, -54.939012523884912, -53.22747145799967, -54.850229995769212, -51.65851300303131, -48.319626198985901, -52.806970691708912]}