{"timestamps": [1491497930.435283, 1491497985.875526, 1491498034.841528, 1491498094.17256, 1491498159.565482, 1491498214.590912, 1491498277.70832, 1491498327.337781, 1491498387.763138, 1491498441.66707, 1491498516.831606, 1491498574.935731, 1491498635.592648, 1491498694.563917, 1491498758.214592, 1491498821.67405, 1491498880.670177, 1491498939.896117, 1491498999.936472, 1491499054.422884, 1491499111.127516, 1491499168.407572, 1491499217.951114, 1491499267.203937, 1491499323.650619, 1491499383.041446, 1491499440.711372, 1491499497.946502, 1491499553.717758, 1491499615.75826, 1491499677.298622, 1491499730.511587, 1491499801.181901, 1491499865.877046, 1491499930.906905, 1491499995.628993, 1491500054.2877, 1491500119.543667, 1491500185.0266, 1491500246.123269, 1491500302.835861, 1491500363.997294, 1491500426.267987, 1491500480.337501, 1491500540.422429, 1491500603.459806, 1491500671.145847, 1491500740.097105, 1491500803.582031, 1491500862.795943, 1491500926.679756, 1491500991.140384, 1491501056.479685, 1491501116.566149, 1491501174.383663, 1491501236.689045, 1491501298.837365, 1491501367.169348, 1491501430.459999, 1491501496.500972, 1491501556.076404, 1491501613.082953, 1491501663.654334, 1491501716.393993, 1491501771.717841, 1491501827.387222, 1491501877.573697, 1491501930.905793, 1491501980.586564, 1491502041.074326, 1491502095.627079, 1491502149.389902, 1491502200.044753, 1491502257.212302, 1491502313.675588, 1491502361.336512, 1491502415.096398, 1491502466.061654, 1491502516.950644, 1491502567.798565, 1491502631.931605, 1491502692.139686, 1491502751.42325, 1491502810.266189, 1491502863.435808, 1491502922.577745, 1491502984.893478, 1491503043.543502, 1491503105.048295, 1491503158.812516, 1491503221.30205, 1491503283.698174, 1491503348.545977, 1491503399.856792, 1491503448.690584, 1491503501.706202, 1491503558.883168, 1491503620.842095, 1491503677.964185, 1491503733.009692], "rewards": [-596.11202095723786, -573.68716987925461, -511.6021054038215, -462.94651072386586, -426.41226173181951, -387.98941331119863, -350.44384936315817, -315.89072711403423, -286.96536280537623, -261.90076448921326, -234.80009641330511, -211.87360747982831, -192.65188269265155, -178.57948835162833, -162.1896960512972, -148.10988565982939, -132.24656741465114, -123.37344324362111, -114.206145547188, -106.5610704614791, -96.908491878671526, -89.304087903519957, -82.427209509843436, -75.680435487855874, -70.068727147363361, -65.184196468567265, -60.35187636648736, -55.60168998963222, -51.398063470795186, -45.82486705746237, -42.191817473562331, -38.665048663241244, -35.648980055122522, -32.616352557498779, -30.746989112005412, -27.875553634577269, -25.76752477207059, -24.063017291597088, -21.884586816983003, -20.779761100226416, -20.007052595475127, -18.617287422151932, -17.147927459404993, -16.689060108235559, -15.848451878582921, -15.083748033407272, -14.428370436890255, -14.173272281840028, -13.52506088194162, -13.014542964002217, -12.647548655379161, -12.486406913193287, -12.096798650229211, -11.770997004412138, -11.36034500328047, -10.96222524541475, -11.010397907436918, -10.677925796963748, -10.606150170466858, -10.477385047197236, -10.247032025449778, -9.9253638502599522, -9.867475450122928, -9.8181475128459006, -9.4813461337600931, -9.4601503360736459, -9.299493984631555, -9.2608564040348611, -8.8404088813264874, -8.9717713885974995, -9.0741443777415078, -8.6667567334967313, -8.94111442338016, -8.7002196683977271, -8.6765895841311576, -8.4465065225154277, -8.507265088972197, -8.3140662387366717, -8.4276905885921973, -8.160652969041168, -8.2139605331229681, -8.3071414471243106, -8.1329085343903529, -7.8939926318088283, -8.3153760625298663, -7.9739632208042481, -8.036038276356674, -7.890140597122107, -8.0297533736140529, -7.9076977800986938, -7.6536052460473512, -7.9274496215144685, -7.9275556213819254, -7.7353975030359345, -7.5857312624759308, -7.4686885732205219, -7.516300540037208, -7.5345816473714482, -7.407904500518689, -7.5861543523505466]}