{"timestamps": [1491546672.515888, 1491546782.469022, 1491546922.183342, 1491547075.450732, 1491547229.874017, 1491547382.821027, 1491547536.362303, 1491547689.282158, 1491547841.031046, 1491547992.455481, 1491548142.850834, 1491548293.458703, 1491548442.248038, 1491548590.413396, 1491548737.582219, 1491548884.268159, 1491549029.720795, 1491549175.381758, 1491549320.596106, 1491549467.850506, 1491549612.676801, 1491549756.123458, 1491549899.012006, 1491550040.441852, 1491550182.67037, 1491550324.271459, 1491550465.143205, 1491550608.019589, 1491550749.907402, 1491550893.157078, 1491551038.385069, 1491551181.728914, 1491551321.170823, 1491551462.520926, 1491551603.684639, 1491551742.830415, 1491551884.268914, 1491552020.105434, 1491552156.225849, 1491552291.165268, 1491552428.163972, 1491552565.754425, 1491552707.25169, 1491552845.546125, 1491552986.882284, 1491553128.609829, 1491553270.650724, 1491553414.053846, 1491553558.586974, 1491553704.038611, 1491553853.611291, 1491553998.721747, 1491554141.272292, 1491554288.688361, 1491554438.215809, 1491554589.823661, 1491554738.164443, 1491554885.259233, 1491555030.473088, 1491555172.737727, 1491555314.845873, 1491555458.257445, 1491555600.660671, 1491555744.482944, 1491555885.839507, 1491556024.252344, 1491556167.702253, 1491556313.355088, 1491556453.802664, 1491556600.097614, 1491556740.625072, 1491556892.827024, 1491557042.683563, 1491557196.131979, 1491557347.730055, 1491557504.285674, 1491557657.808429, 1491557810.694629, 1491557965.475226, 1491558121.070948, 1491558271.809231, 1491558424.65849, 1491558576.014611, 1491558724.224767, 1491558872.803901, 1491559016.425055, 1491559161.19844, 1491559303.846212, 1491559442.781276, 1491559583.781793, 1491559724.848249, 1491559867.083266, 1491560012.356789, 1491560160.534217, 1491560312.896897, 1491560479.541078, 1491560647.794112, 1491560818.053451, 1491560985.402611, 1491561154.664423], "rewards": [-862.30340297365137, -830.01434807283692, -745.9847838316075, -684.89382385492092, -625.15746538657982, -569.80972947613418, -526.74780222834863, -486.36308738763427, -450.29037457327865, -418.01184510652882, -383.73523859831243, -355.00857733099798, -331.63105100791768, -305.62464047855826, -285.12753557309401, -266.62707180326424, -248.83911071099379, -231.73694448923933, -219.42992087219608, -204.28272990902485, -193.89280997354169, -184.25811972699913, -174.34144578557635, -163.9649964777862, -155.39899103079389, -148.64827244327859, -142.33740902558162, -136.57307206613234, -130.1169350332008, -125.17109007704229, -118.91860550434632, -113.62851367599748, -108.01215242431374, -104.18476121758667, -97.653384994053141, -92.942867062273237, -89.263816741504272, -85.975695515252269, -82.58557977008131, -78.437483692531231, -73.803078427361029, -75.284855823019285, -69.236998984272233, -61.68563685562431, -59.075105291282789, -57.333096849155311, -56.733819184101691, -58.048189242426012, -56.211288162678805, -54.117344443865584, -50.851476756630667, -51.099371206718743, -46.823596296871713, -45.229191934822559, -43.785931971056698, -42.065590996959543, -38.730671343728545, -40.292147835168819, -39.193002444069016, -39.071265059666096, -37.021131650497921, -41.145299683972254, -37.502325822042842, -37.649465400528754, -32.294039075910341, -31.868140081715993, -28.849274541706244, -27.458763692774397, -26.375862115137796, -26.361822492893364, -28.093044590307446, -23.149819293413071, -23.740564314348678, -24.814138408283242, -29.276881171579539, -17.992822536296835, -23.794932061433084, -21.915551283672926, -22.948492557413484, -21.958138841008584, -18.590433137061723, -20.95674418104576, -20.659310159816403, -23.319019218576795, -21.370238055908466, -21.799324166806137, -19.65233545040731, -20.058758807670312, -21.983691338177898, -17.106041323555257, -18.117881659183869, -14.316003561711744, -18.187716870869554, -18.557190467049441, -14.938915982440847, -16.163744362574089, -16.419558697678912, -14.148039010618255, -11.474353957702894, -10.954225345362335]}