{"timestamps": [1491497925.726589, 1491497994.109199, 1491498049.690772, 1491498108.96856, 1491498165.401549, 1491498223.192893, 1491498277.200319, 1491498329.611096, 1491498390.802807, 1491498453.463695, 1491498518.463883, 1491498575.324454, 1491498636.744056, 1491498695.083554, 1491498749.953901, 1491498810.869724, 1491498866.359527, 1491498921.047031, 1491498977.769663, 1491499036.889579, 1491499088.738318, 1491499145.073163, 1491499202.003363, 1491499266.644909, 1491499328.043309, 1491499381.381129, 1491499444.146949, 1491499499.960372, 1491499561.390118, 1491499619.916789, 1491499674.370124, 1491499729.746747, 1491499781.479917, 1491499835.564193, 1491499890.534737, 1491499945.23623, 1491499996.025331, 1491500061.243749, 1491500126.770198, 1491500184.519718, 1491500235.12394, 1491500289.994093, 1491500347.726809, 1491500407.729619, 1491500462.819537, 1491500518.650721, 1491500576.507179, 1491500635.550848, 1491500698.253519, 1491500755.181324, 1491500807.980016, 1491500866.281103, 1491500924.794663, 1491500987.610857, 1491501053.100388, 1491501103.837577, 1491501149.827443, 1491501216.036788, 1491501273.124235, 1491501320.483541, 1491501378.271789, 1491501439.276479, 1491501492.182333, 1491501550.318979, 1491501598.418803, 1491501647.912566, 1491501703.104919, 1491501756.45462, 1491501805.921584, 1491501853.186924, 1491501896.646489, 1491501941.965355, 1491501994.788267, 1491502043.388126, 1491502100.964431, 1491502148.776778, 1491502196.009404, 1491502244.854337, 1491502293.377987, 1491502345.043375, 1491502397.241178, 1491502450.342024, 1491502505.811119, 1491502558.14117, 1491502620.806989, 1491502682.107525, 1491502746.301147, 1491502806.489944, 1491502855.637799, 1491502917.840993, 1491502977.520239, 1491503042.4981, 1491503107.121836, 1491503175.832737, 1491503237.287811, 1491503297.355017, 1491503351.863538, 1491503403.788573, 1491503451.415503, 1491503504.715821], "rewards": [-667.98954339482964, -647.57922517626753, -572.72181537040842, -503.03752277236731, -450.66283614354165, -403.84777615716825, -370.89104142179093, -329.70156767781452, -298.66581028119037, -270.65135338030143, -246.25668725384716, -220.37471561388645, -197.49693153701807, -183.13203567831385, -164.45103940797645, -153.41311547134075, -138.09684879739689, -127.8176572959912, -115.98310735245427, -110.46723585969596, -101.20188564286869, -94.637129064897806, -88.089812778744957, -80.685501232291983, -75.34650766101521, -71.825153188909525, -67.967826008489908, -64.035984147514085, -61.280520713731306, -59.169946661728567, -54.327154881314343, -52.144997432930211, -49.254070931465819, -46.945547848164409, -44.824838546870261, -43.532132836572394, -40.893079303826283, -39.651240480597629, -37.65755096951704, -35.596859606563584, -34.392459844712768, -33.922575997841669, -32.791539400640936, -31.562372916762289, -30.744557922349529, -30.083385238436776, -29.512525091100088, -29.33602656235686, -28.550847267811768, -28.04226293261577, -27.823606241248129, -27.265706108623498, -26.91127367892269, -26.345796654353776, -25.897279469293174, -25.67526831319687, -25.092428200757322, -25.036912821595187, -24.68885078209404, -24.354338675608574, -24.308403867085925, -23.731873091632089, -23.083608913187319, -23.14964762591158, -22.755182842710695, -22.616450442925892, -21.971219198640057, -21.774731847317412, -21.21964420066859, -20.754722785661617, -20.549647936663661, -20.48370835095935, -20.846569195396654, -20.121709406289604, -18.944944602682163, -18.5966186718865, -17.752371819991914, -17.825487108236675, -16.107118255238849, -16.371862339217678, -15.790727139990477, -15.344032037207535, -14.629857456485858, -14.273841819500117, -13.89719446626906, -13.566703954246538, -12.955970498343415, -12.512334814540177, -12.700701437179758, -11.823666606941273, -11.441755982687523, -11.364408098511904, -11.689184674055598, -10.911048556313874, -10.552435062196599, -10.174763707377934, -10.444150735257329, -10.003944415975138, -9.8822501580531128, -9.475751017264745]}