{"timestamps": [1491469539.203045, 1491469560.245669, 1491469578.722637, 1491469599.053619, 1491469625.5142, 1491469656.603027, 1491469686.109156, 1491469720.720272, 1491469765.592304, 1491469803.832757, 1491469835.873522, 1491469877.176942, 1491469911.096318, 1491469954.945209, 1491469988.249159, 1491470029.397507, 1491470068.152096, 1491470105.013354, 1491470145.39886, 1491470185.107348, 1491470220.418754, 1491470255.926169, 1491470295.965048, 1491470328.646012, 1491470371.19408, 1491470409.899812, 1491470450.057436, 1491470488.752772, 1491470523.845944, 1491470562.95171, 1491470597.635723, 1491470642.248326, 1491470677.79165, 1491470722.749608, 1491470770.231163, 1491470811.991482, 1491470851.144922, 1491470891.861861, 1491470932.965883, 1491470977.067953, 1491471013.657993, 1491471055.076599, 1491471094.802643, 1491471127.217966, 1491471168.424806, 1491471210.203577, 1491471248.932411, 1491471288.088665, 1491471332.513226, 1491471370.660301, 1491471410.993916, 1491471453.341614, 1491471492.204875, 1491471536.506434, 1491471576.388632, 1491471623.230169, 1491471671.40358, 1491471711.883932, 1491471753.935735, 1491471799.335689, 1491471842.961269, 1491471890.847018, 1491471941.004963, 1491471981.361007, 1491472022.970781, 1491472064.405388, 1491472109.229746, 1491472158.795651, 1491472205.127893, 1491472246.601241, 1491472286.447862, 1491472332.628838, 1491472374.27814, 1491472419.580961, 1491472468.244589, 1491472510.584025, 1491472556.162462, 1491472594.186066, 1491472634.344224, 1491472679.832946, 1491472717.876143, 1491472764.274059, 1491472816.958515, 1491472866.088325, 1491472908.306312, 1491472948.806652, 1491472996.092976, 1491473035.898711, 1491473080.632052, 1491473126.219626, 1491473173.744167, 1491473216.357031, 1491473254.734299, 1491473303.423036, 1491473344.765589, 1491473381.214388, 1491473422.46395, 1491473459.096904, 1491473504.322364, 1491473545.309332], "rewards": [-647.71868082261904, -633.73386486038657, -580.54265303038767, -532.79330092933947, -472.33984285574513, -419.55845692176308, -381.73939291347028, -342.80126822144712, -307.75870278393131, -274.92122119520377, -248.53402284453477, -224.64383544454176, -201.3845140422878, -183.2005350068392, -164.9997208601456, -146.58766351547933, -133.8214186499651, -121.93240761108328, -109.96405969184711, -100.98659486527907, -91.02170336095034, -83.636568408025028, -76.971877826722974, -69.733104398528567, -64.719675640192676, -59.476510518364478, -54.71645774901954, -50.08031248002743, -44.760993843880186, -40.401266332131797, -36.832037981217965, -32.876720539764136, -29.366728908415006, -26.971444736600731, -24.17501063447375, -22.246233906728577, -20.406791349370462, -18.886401370360215, -17.493502899957253, -16.305966611888543, -15.191279145859582, -14.081587198352427, -12.865754842130512, -12.338478560498761, -11.977397494779909, -11.110677801784741, -10.838244409223089, -10.220281934351625, -9.7947267502430346, -9.4645263515325713, -9.414056585935187, -9.0367800312474831, -8.7574647276353144, -8.6627422644914027, -8.3251821225790295, -8.0093885633162056, -7.9962500750413001, -7.8683011764224053, -7.6981994407744638, -7.7154070629399243, -7.2720385931170712, -7.3147856981199801, -7.2080268350122507, -7.2871022622937724, -7.0473104991742899, -6.9043915415229904, -6.7517447605588812, -6.8588672563505853, -7.0107080421020784, -7.0644734351979581, -7.14129234128505, -6.925629695326271, -6.7514163186666432, -6.6667753770148126, -6.5975017001376237, -6.6308156774174449, -6.3651097403865062, -6.7463987687385361, -6.7126978574051597, -6.4825781937817597, -6.4290717107244584, -6.7383379271380788, -6.5944438505409098, -6.3999398337862639, -6.4876191858156105, -6.6845787868209481, -6.491174512490602, -6.6661773146607137, -6.4488941041402486, -6.5194421141665408, -6.5100249216038755, -6.5385742506896154, -6.3755741931695651, -6.6583999483396443, -6.4805968799140468, -6.4523586813327389, -6.5755699738646891, -6.6214105189823371, -6.426919800870321, -6.4525772253357845]}