{"timestamps": [1491463187.730035, 1491463215.810413, 1491463243.860977, 1491463272.132605, 1491463299.846464, 1491463328.515667, 1491463368.960415, 1491463422.487315, 1491463486.598783, 1491463542.790793, 1491463599.328818, 1491463664.161022, 1491463727.392244, 1491463790.557716, 1491463856.293806, 1491463925.543672, 1491463984.639196, 1491464048.040185, 1491464117.825575, 1491464177.748504, 1491464240.522059, 1491464304.298304, 1491464368.570991, 1491464435.155818, 1491464495.578253, 1491464556.013153, 1491464623.454026, 1491464687.427457, 1491464751.102198, 1491464815.165762, 1491464874.54401, 1491464931.200493, 1491464997.461589, 1491465057.673195, 1491465123.274609, 1491465181.08667, 1491465241.666578, 1491465299.228865, 1491465356.829953, 1491465417.090202, 1491465483.557023, 1491465547.813306, 1491465609.189798, 1491465675.494449, 1491465733.692779, 1491465803.227068, 1491465877.413879, 1491465937.538323, 1491465995.22538, 1491466055.964058, 1491466124.412256, 1491466191.291382, 1491466256.297444, 1491466323.823569, 1491466391.313245, 1491466458.651278, 1491466531.625418, 1491466604.708527, 1491466657.745712, 1491466718.423735, 1491466785.181524, 1491466852.448944, 1491466916.72791, 1491466977.361015, 1491467042.978842, 1491467109.310826, 1491467183.410985, 1491467243.380279, 1491467304.293025, 1491467366.100272, 1491467425.435187, 1491467492.93398, 1491467563.581404, 1491467622.61533, 1491467686.637944, 1491467756.279858, 1491467830.522879, 1491467896.754718, 1491467964.198734, 1491468025.062418, 1491468083.20024, 1491468157.885155, 1491468220.67783, 1491468283.690694, 1491468351.702443, 1491468425.246545, 1491468490.455599, 1491468545.994117, 1491468609.995623, 1491468658.573311, 1491468687.110199, 1491468713.309452, 1491468742.045677, 1491468771.092827, 1491468800.632617, 1491468827.772137, 1491468854.00596, 1491468881.904688, 1491468911.322341, 1491468937.921484], "rewards": [-980.21319394128614, -995.9236368692583, -948.39689145497482, -882.95842817797325, -844.53476783568487, -770.85948229796259, -719.30514412600451, -669.46458290922874, -625.21035098866025, -578.84592119492027, -542.68712405708425, -505.02925136920283, -472.59674768326818, -437.48488312010437, -406.29745980825965, -382.62370786904432, -353.50904259023645, -333.86890772389711, -314.1996971851251, -291.12807983524692, -273.65713492133926, -258.79441628180894, -242.81288897331638, -231.56399862537415, -215.69466153960093, -207.58692887847093, -194.41953014946168, -186.7377653194616, -180.48257727315701, -171.6065657701956, -163.19196623831425, -154.24661303190439, -151.37373656122332, -145.39617558343016, -141.42405408599285, -131.25858280524932, -132.21254755677467, -126.01184194882316, -120.37766044286518, -120.10477830066628, -111.04832347239496, -107.329627304121, -100.57717418166906, -97.38429780248498, -102.07010680135306, -89.234322362615202, -94.905493972395234, -94.052420693271273, -92.382372896515676, -84.067583172700054, -83.759544802361631, -78.61632438230609, -75.409462976550685, -70.721106571920743, -70.576858212047696, -71.70487516070456, -64.856298142048175, -65.152929667316727, -60.071333916864631, -58.403375568367991, -59.545971138115817, -63.200919630260621, -62.160717582292818, -59.52067273134643, -60.209315464096825, -56.865074970506384, -55.401267643890989, -52.91347064027125, -44.340787467182544, -50.345431936851625, -48.520219816012123, -44.228812563027738, -55.347757049222558, -41.888263342028495, -48.96911708239054, -47.511920536099034, -49.237269589807426, -48.060889473928746, -50.810490797898709, -47.556503150904035, -47.509001997855385, -36.325642327860848, -38.544894614290662, -43.811613678766506, -49.692746383500101, -45.555219640583502, -50.568332503958203, -47.085597104587521, -45.814423910742114, -40.699372078700442, -47.203595141965373, -50.670545226353234, -46.274835559151001, -42.857320591726349, -40.80123897709845, -44.379461589095826, -41.936429609486638, -43.217997666663251, -35.595609283807086, -45.606544476589924]}