{"timestamps": [1491429778.666447, 1491429794.103186, 1491429811.075006, 1491429826.17355, 1491429840.906904, 1491429857.68548, 1491429871.61401, 1491429886.859497, 1491429902.604149, 1491429919.029615, 1491429938.544715, 1491429953.496411, 1491429969.574786, 1491429984.448661, 1491430001.384439, 1491430020.410286, 1491430039.284285, 1491430053.74651, 1491430069.782719, 1491430085.697429, 1491430102.566012, 1491430120.117027, 1491430135.217524, 1491430153.201252, 1491430170.154175, 1491430187.348419, 1491430204.772082, 1491430222.60839, 1491430237.820283, 1491430254.858729, 1491430274.078938, 1491430289.524053, 1491430306.466096, 1491430319.338559, 1491430334.441284, 1491430349.169972, 1491430366.892835, 1491430385.093138, 1491430400.221031, 1491430417.134554, 1491430432.87929, 1491430449.116203, 1491430466.217165, 1491430484.67611, 1491430500.005904, 1491430515.694418, 1491430533.686662, 1491430548.608119, 1491430565.862866, 1491430580.853955, 1491430594.82359, 1491430610.31709, 1491430626.129592, 1491430645.759621, 1491430660.667898, 1491430678.195133, 1491430694.8709, 1491430709.905795, 1491430727.507477, 1491430743.432352, 1491430759.643845, 1491430773.654096, 1491430790.560266, 1491430803.637326, 1491430819.554323, 1491430837.284538, 1491430854.404574, 1491430867.125103, 1491430883.685571, 1491430900.614294, 1491430917.334639, 1491430933.534016, 1491430948.616434, 1491430966.917691, 1491430983.290041, 1491431001.528677, 1491431018.181652, 1491431031.736094, 1491431049.713669, 1491431066.641972, 1491431082.668053, 1491431097.446619, 1491431110.56129, 1491431126.097032, 1491431139.408819, 1491431153.897068, 1491431170.732061, 1491431188.113951, 1491431202.719212, 1491431219.743308, 1491431235.715955, 1491431252.991603, 1491431268.689768, 1491431287.094506, 1491431303.959836, 1491431320.559421, 1491431336.473524, 1491431352.689204, 1491431368.12862, 1491431385.434382], "rewards": [-155.81414702340442, -139.85084605448338, -119.68793540150742, -102.42533648604878, -86.769282082636025, -73.489540409724327, -63.475233295019414, -53.979016870525093, -46.318798892917613, -39.288803241237126, -34.851483936129277, -30.046613083285223, -26.355420711517631, -24.113140620553835, -21.044668586957997, -18.477696320264204, -16.293753790444097, -15.422811727096715, -14.304648486585764, -13.580887058923075, -13.011662931103579, -11.687664591968264, -11.098573410594822, -10.455244859178702, -9.8825990147214444, -9.4092134853624181, -9.3457714039591604, -8.5512127475630226, -8.6057587806616489, -8.2512425950779953, -8.4400026098976664, -8.3726481189071773, -8.2105749517432791, -8.1176942252923077, -7.504511948065189, -7.7352632220012687, -8.1859237501324351, -7.8734610118736228, -7.7950830196796055, -7.6265463854997151, -7.9426994893883816, -8.0276491203676841, -7.7466069337617629, -8.1812072731679599, -8.2933717540245713, -7.6054954373083561, -8.0921488416738434, -7.8816400122101253, -8.1382020595014293, -6.9833860417516282, -7.3081227709829957, -6.8305990279981952, -7.7913128778148266, -6.8221684101815265, -7.7430363999663268, -7.533374945017135, -7.3284393868617723, -7.5535271615220703, -7.3854321494192421, -7.8296442511299809, -7.5220556960344425, -6.7696675965358573, -6.9485459759613706, -7.3953945678075073, -7.5988235268638702, -7.6613531895550349, -7.1895592272885089, -6.6530354271077821, -7.049125518340488, -6.7577519513607811, -6.6911324450041141, -7.0595274237912857, -7.1978854294840753, -7.1080261822316766, -6.8328438443698385, -7.5926423429259993, -6.9715514786430868, -7.2550656398855082, -7.357932987919618, -6.8414734969150546, -6.8768300318551754, -6.5811039794605017, -6.4615733194972673, -6.9992013108463391, -7.4000107036259477, -6.7589140380363162, -7.3475769553663346, -7.4387328044481844, -8.0486822792802677, -7.3927606352418449, -7.2750012446950407, -7.3025821864336571, -6.8892212726717776, -7.5332934844998318, -7.8110944835785929, -7.6004943965721035, -7.9472281528956845, -6.2584490941023994, -7.6017569106945366, -7.2864780128573532]}