{"timestamps": [1491477827.415192, 1491477851.246012, 1491477876.595138, 1491477900.997954, 1491477926.109875, 1491477950.982214, 1491477974.701022, 1491478000.510186, 1491478022.437113, 1491478048.116419, 1491478069.499671, 1491478092.221237, 1491478118.075915, 1491478142.085828, 1491478160.832237, 1491478186.14218, 1491478213.384153, 1491478238.337821, 1491478259.998114, 1491478285.004597, 1491478308.289624, 1491478329.601288, 1491478357.498582, 1491478376.150408, 1491478396.723708, 1491478416.134985, 1491478442.833304, 1491478469.474076, 1491478491.287741, 1491478520.012985, 1491478543.501612, 1491478565.610761, 1491478589.857848, 1491478611.255839, 1491478635.231936, 1491478659.446595, 1491478681.237968, 1491478702.368777, 1491478726.962135, 1491478753.662051, 1491478775.308557, 1491478799.523516, 1491478822.855806, 1491478845.675795, 1491478871.308281, 1491478894.517042, 1491478914.364113, 1491478939.142139, 1491478961.29496, 1491478979.79242, 1491479004.186215, 1491479024.602326, 1491479046.498909, 1491479069.93469, 1491479094.168, 1491479119.236108, 1491479141.160639, 1491479167.56885, 1491479190.7943, 1491479210.293544, 1491479233.228215, 1491479256.072279, 1491479280.478116, 1491479301.540795, 1491479320.894218, 1491479343.270822, 1491479370.565365, 1491479391.701679, 1491479416.176862, 1491479437.294277, 1491479462.859111, 1491479486.431472, 1491479511.20073, 1491479538.382085, 1491479561.889475, 1491479587.429592, 1491479606.31079, 1491479629.270056, 1491479650.066929, 1491479673.704041, 1491479696.268756, 1491479720.33381, 1491479743.728078, 1491479765.84584, 1491479790.487792, 1491479814.404662, 1491479830.535453, 1491479843.935515, 1491479857.313512, 1491479870.938619, 1491479884.396097, 1491479897.859177, 1491479911.12977, 1491479925.010555, 1491479938.549918, 1491479952.25453, 1491479966.119919, 1491479979.389806, 1491479993.163861, 1491480006.861097], "rewards": [-132.0159867636554, -118.9092114415977, -98.22367609866782, -85.56693060193564, -72.85902595784351, -63.4814695392607, -53.30026992924104, -46.27047187799057, -40.33278519329431, -36.10484434405922, -31.27330250464991, -28.186835047508193, -25.065596702243326, -22.625137842807266, -21.238814251407216, -19.077386115552727, -17.822537718495834, -16.358938532095447, -15.584145828934318, -14.682211149545198, -13.62954088003565, -13.276783479316583, -13.218791100933426, -13.213765903970813, -13.019244030331379, -12.007237701270078, -12.20409701268084, -11.615496744025725, -11.06623325014952, -11.624175087382696, -11.330146453680893, -11.036973553953821, -10.783133690345728, -10.951336274069467, -11.35275310946255, -10.89770373097168, -10.731846127117958, -10.716699717498543, -10.082045546956984, -10.47081021435386, -9.867138831588086, -9.706402434506742, -9.442771817677675, -9.898246269249821, -10.325997097074646, -9.788200663553285, -9.82640326190332, -9.953966487103237, -10.53765887313368, -10.308340944368151, -9.8035663666903599, -10.060335398406355, -10.116708300462959, -9.9675092027617342, -10.247419566595408, -9.5214510563364687, -8.9210038426142138, -9.6937238724672508, -9.4598854975756961, -9.4145780365374723, -9.0988177572345101, -9.4735667545798972, -9.3340907522687697, -8.7103200647467798, -9.168529674569001, -9.5868377073671756, -9.0540357386081141, -8.8914135013323587, -9.1578193063726694, -9.5136787388795234, -8.6924149388190912, -8.6925251886781112, -8.8492301823913255, -8.3153564623015033, -8.7542565834039596, -8.7468797992111362, -8.9579808006429715, -8.5167394237895717, -8.9511002823346253, -8.315060610981023, -8.3119580665818216, -8.4174150513433545, -8.9330816520827856, -8.7592255910835917, -9.3921663396043797, -8.4504348041943373, -8.4670432134309799, -8.5752856978002221, -8.3003491874090436, -8.4921024794871229, -8.5926977934045841, -8.6194242487661352, -8.4480560244698655, -8.4884001927044768, -8.3070250982366574, -8.9077180553575719, -8.5499104981746985, -7.6951453495809279, -7.9568902867348221, -8.5406082402671775]}