{"timestamps": [1491477825.635349, 1491477849.36866, 1491477870.058843, 1491477893.731543, 1491477916.976782, 1491477942.082756, 1491477966.528015, 1491477989.33769, 1491478010.924808, 1491478032.424274, 1491478054.651182, 1491478082.861828, 1491478104.030609, 1491478126.948872, 1491478150.25859, 1491478173.340665, 1491478195.610013, 1491478221.244892, 1491478247.938384, 1491478274.334073, 1491478297.470672, 1491478324.928844, 1491478355.680307, 1491478374.231921, 1491478395.458655, 1491478421.481385, 1491478445.44029, 1491478468.642977, 1491478493.755163, 1491478516.653531, 1491478540.288284, 1491478566.171103, 1491478590.059911, 1491478615.711462, 1491478640.593549, 1491478668.252701, 1491478692.523842, 1491478713.039298, 1491478738.491726, 1491478759.774832, 1491478784.359149, 1491478806.588304, 1491478828.303814, 1491478851.317448, 1491478875.307016, 1491478900.987924, 1491478926.386797, 1491478952.879296, 1491478980.093998, 1491479000.495112, 1491479027.282695, 1491479052.073282, 1491479077.914754, 1491479104.675223, 1491479130.066458, 1491479153.866664, 1491479175.072944, 1491479197.251895, 1491479219.046912, 1491479242.377424, 1491479261.093301, 1491479284.990497, 1491479311.84649, 1491479338.599196, 1491479359.348831, 1491479382.141114, 1491479400.390826, 1491479424.276329, 1491479447.39001, 1491479471.709632, 1491479495.011986, 1491479524.071832, 1491479548.863513, 1491479572.435334, 1491479598.68408, 1491479621.839994, 1491479643.250526, 1491479666.981675, 1491479693.571525, 1491479716.877386, 1491479736.677523, 1491479760.298708, 1491479784.13572, 1491479808.867485, 1491479826.339428, 1491479839.771147, 1491479852.838083, 1491479866.719339, 1491479879.786167, 1491479893.49084, 1491479906.83568, 1491479921.463954, 1491479934.367853, 1491479947.585996, 1491479960.998924, 1491479974.95738, 1491479988.845622, 1491480002.075417, 1491480015.919803, 1491480030.302968], "rewards": [-140.29643066315873, -128.08721268985863, -110.49922300120723, -93.80616225946898, -78.58096802891865, -67.06910324906879, -58.12308890421595, -51.03821569736633, -43.25092104999921, -37.220797349349695, -33.232698694735355, -29.16272650683961, -25.315068479350234, -23.006819614140483, -20.872333536173166, -19.269165617080876, -17.55680300584909, -15.765015334857942, -15.044918225222117, -14.603697514478826, -13.958770370766851, -12.865418704168635, -12.364804807290485, -11.218269037984971, -11.265455180970964, -10.960170194466281, -11.241386506861845, -10.567414969439433, -10.321842964922594, -10.107493880806548, -9.624052694400975, -9.572946837538973, -9.361066364195375, -9.423051191966536, -9.1625941222451, -8.570314172454669, -8.435601396049504, -7.922953894153225, -8.48915380184352, -8.880813944356579, -7.975415733286747, -9.04040937058892, -8.299650392635952, -8.252718158460159, -8.212914997553069, -7.97684446922277, -8.081771371515266, -8.22602635355724, -7.534260984787477, -7.764187212187635, -8.1279797284288993, -8.0121232695742091, -8.5130862964726024, -7.4831033238307336, -8.4957994132310333, -7.8666409545335689, -7.6853694553726726, -7.356948951103508, -7.7801973135315441, -7.7120478482651142, -7.2758896355162515, -8.4659140777717123, -7.338619701957982, -7.6813332937894439, -7.8637635530665939, -7.7507565774005354, -7.2015372750094766, -7.4162339532821564, -7.2860563270270511, -7.6740533307363057, -7.843694074273726, -7.6799931352786981, -7.584789306155745, -7.1645272680972081, -7.2780480799401985, -7.5462122700101153, -7.2130650721598188, -7.0543435709000626, -6.930223022616345, -7.1810641450434511, -7.2421609887726888, -7.108515406465659, -7.5400937642884465, -6.9659068073949451, -7.3822103850593654, -7.5912015333253748, -6.6369124797746153, -6.9280922935696845, -6.8053272981105888, -7.5401641436429818, -6.8672483631884518, -6.6211412343040843, -7.135094451676947, -6.8590945687264941, -6.9521432485290431, -7.0178507645164174, -7.0848889228237848, -7.3656451321197292, -6.6776175222606886, -7.1783109048257163]}