{"timestamps": [1491417101.133939, 1491417127.569034, 1491417154.424609, 1491417182.299673, 1491417211.243297, 1491417239.054597, 1491417266.624161, 1491417294.236904, 1491417322.044829, 1491417349.35082, 1491417376.554854, 1491417404.698865, 1491417433.510285, 1491417460.778505, 1491417487.251561, 1491417512.420339, 1491417538.936377, 1491417566.793774, 1491417593.709499, 1491417620.487802, 1491417647.529039, 1491417675.629269, 1491417702.760714, 1491417729.933578, 1491417756.324296, 1491417783.534843, 1491417810.643423, 1491417838.030233, 1491417865.901241, 1491417893.069211, 1491417920.449732, 1491417947.637082, 1491417975.012855, 1491418002.427238, 1491418029.786914, 1491418057.131233, 1491418084.737101, 1491418112.418684, 1491418139.082043, 1491418166.555697, 1491418194.245184, 1491418221.454555, 1491418249.06768, 1491418276.601505, 1491418304.129973, 1491418331.453359, 1491418358.841466, 1491418386.40956, 1491418413.578672, 1491418440.926653, 1491418468.168998, 1491418495.869359, 1491418523.339103, 1491418550.92038, 1491418578.433715, 1491418604.696036, 1491418631.909736, 1491418660.193489, 1491418688.024538, 1491418715.264988, 1491418742.641492, 1491418769.914814, 1491418797.111433, 1491418824.087626, 1491418852.145253, 1491418879.374767, 1491418906.852514, 1491418933.706665, 1491418961.227876, 1491418987.987079, 1491419014.48942, 1491419040.010553, 1491419067.373353, 1491419094.67655, 1491419122.132789, 1491419149.593735, 1491419176.364019, 1491419203.423737, 1491419231.33426, 1491419258.72331, 1491419286.288545, 1491419313.701197, 1491419341.032432, 1491419368.131964, 1491419394.788444, 1491419422.840326, 1491419450.328413, 1491419478.242688, 1491419506.097438, 1491419533.63524, 1491419558.924673, 1491419584.709243, 1491419610.981493, 1491419638.29308, 1491419666.225484, 1491419693.724623, 1491419721.679978, 1491419749.285618, 1491419776.327698, 1491419804.180645], "rewards": [-974.469894805225, -973.2604786066827, -926.1777175943945, -890.7947931537078, -831.3678163953473, -843.9780691780666, -813.4356596178421, -767.9668104817183, -738.5016867983503, -704.2577094660218, -669.8196251795769, -649.8471270745962, -623.8887762605925, -600.6438083419071, -565.1755359861354, -535.4629061315447, -510.6088083657411, -496.7517498270036, -467.7894985804058, -445.8827377218209, -422.81383241737393, -403.2102654111606, -385.0388737143826, -372.669926612144, -356.525229615277, -338.80308973284633, -326.509788949003, -307.98365450677716, -298.44547845043536, -283.9383492695295, -270.6151676191014, -263.2030082121933, -255.06164404953586, -231.45662894343744, -247.37187186932147, -243.43329205678089, -233.8774390942394, -226.81085606483876, -218.55776451769125, -213.20888115793323, -205.01339887146358, -200.61991526324647, -197.51817458659553, -189.1855419851787, -184.3831713571924, -179.13838428978787, -174.97883885035327, -171.78214633017393, -169.58963940992126, -164.7982034858932, -164.61713159096152, -160.26441285330012, -157.70219972270937, -141.91655440798561, -155.3828265421296, -153.23520550702852, -151.8706961480665, -148.8007330432207, -146.70358178158247, -143.12320973294564, -141.96883639323497, -139.99710009724535, -136.58441605518945, -131.24770806844367, -131.13979766573567, -129.2352659511506, -127.55805550179709, -125.56171481673175, -123.34265737738255, -116.43133793058904, -117.43058744628881, -112.2717428038113, -109.812856844768, -107.2799561458807, -105.1036542567288, -102.26877847110386, -99.17070300243276, -94.50473250164532, -89.79052975371354, -87.59701711264205, -87.42806252210585, -84.67823629728991, -83.24288467413737, -81.30175729753894, -77.20429311403669, -80.59038432897671, -78.19276156870869, -77.65555081638337, -75.69299430857727, -73.8949714105942, -75.82726065321084, -72.53158219885233, -67.23791378259341, -72.7842508473636, -70.20896687250337, -68.97634560498321, -68.6708806600891, -67.23750171638571, -69.90286571103167, -66.31290165278466]}