{"timestamps": [1491429595.772516, 1491429632.953991, 1491429669.70539, 1491429711.134811, 1491429745.687268, 1491429778.051166, 1491429811.473517, 1491429849.132627, 1491429878.455429, 1491429907.287059, 1491429935.991551, 1491429965.120703, 1491429993.992468, 1491430023.623808, 1491430052.347415, 1491430081.243176, 1491430110.057865, 1491430138.709065, 1491430167.53722, 1491430196.815102, 1491430225.786237, 1491430254.703531, 1491430284.551642, 1491430314.142616, 1491430343.240145, 1491430374.924512, 1491430409.903331, 1491430448.916215, 1491430484.812664, 1491430517.785765, 1491430552.164554, 1491430587.878529, 1491430622.712629, 1491430657.271532, 1491430699.321064, 1491430739.634615, 1491430777.009912, 1491430820.333328, 1491430865.504631, 1491430905.708555, 1491430946.81064, 1491430984.352419, 1491431026.116962, 1491431060.847184, 1491431101.296286, 1491431140.431469, 1491431177.224338, 1491431214.163985, 1491431247.584665, 1491431287.022143, 1491431322.897252, 1491431365.130004, 1491431403.465098, 1491431437.510347, 1491431472.065594, 1491431510.420298, 1491431547.372945, 1491431583.971942, 1491431614.510473, 1491431648.821286, 1491431690.241076, 1491431725.185527, 1491431761.695913, 1491431794.34087, 1491431829.929821, 1491431859.619067, 1491431891.595388, 1491431929.030032, 1491431973.781313, 1491432025.296125, 1491432056.58796, 1491432087.410761, 1491432121.54889, 1491432161.056901, 1491432197.289859, 1491432230.802098, 1491432265.816159, 1491432301.657121, 1491432338.681272, 1491432390.572537, 1491432422.383094, 1491432453.486055, 1491432483.870511, 1491432514.355819, 1491432545.049371, 1491432575.512427, 1491432605.909591, 1491432638.644088, 1491432690.568347, 1491432739.841112, 1491432782.834301, 1491432823.537209, 1491432873.310674, 1491432912.209207, 1491432945.302796, 1491432980.849436, 1491433014.807242, 1491433045.691318, 1491433084.15326, 1491433124.592408], "rewards": [-586.08163900508453, -552.12263008206799, -525.28668479437476, -482.66125710841879, -430.39922400705342, -385.82783212409174, -347.30208826180092, -313.93016733562479, -282.10458999335623, -257.27651667721761, -229.7032817776402, -208.28394423321689, -188.26631370458858, -168.5096394134512, -152.07387444586109, -138.4208852906834, -124.8852060866801, -114.40544893439768, -104.91670246581282, -95.912528409069921, -89.074918722595399, -81.602119614040689, -75.544920862610851, -71.083763671387601, -68.906679317817222, -65.324212233672029, -61.993353010945292, -60.209468268170284, -58.134617661423725, -55.433262469345316, -53.232519385811337, -51.000198647109421, -47.924949701994258, -44.794177327406189, -43.481085244287982, -41.519463660105586, -39.643467255033208, -38.540780155021068, -37.153439712946394, -35.89994085849829, -35.167305796799347, -33.405471115259751, -32.516968959407613, -30.986782671904837, -30.027809301169835, -29.283732054421463, -28.093479893889029, -27.578075046120841, -26.24409902413564, -26.435532455516377, -25.792620578033723, -25.162602572886453, -24.105553408506957, -22.979784064914025, -22.475963977484692, -21.663024784935985, -20.678628187644016, -20.197509248053347, -19.639625045977795, -18.969806928580869, -18.858266270393312, -18.207442764136061, -17.442696011043189, -17.513686179907882, -17.290796778782688, -16.990790889901579, -16.494076567321429, -16.474984831031993, -16.381658115005209, -16.979711178548587, -16.383968096329397, -16.089894158618442, -15.794139913616409, -15.970869015063792, -15.337757284186686, -14.728030137664444, -15.245145991176148, -15.370794818013046, -14.137703740383811, -13.162316821809203, -12.41733735433013, -11.54793623407182, -11.15774363808352, -11.424826796595404, -10.704944235993247, -10.987296467329692, -10.581454506690138, -10.377472394754388, -10.234384109782901, -9.9592504786024794, -10.170088487332764, -9.6372234026145165, -9.3231286888010825, -9.0486436586925585, -9.0341817512326656, -9.2052042285945319, -8.8767305646145118, -8.8011270811556024, -8.9270473495622866, -8.5756298988346327]}