{"timestamps": [1491412570.878203, 1491412607.25537, 1491412644.176118, 1491412681.064024, 1491412719.158496, 1491412757.293648, 1491412793.760266, 1491412831.702131, 1491412873.294499, 1491412910.296581, 1491412948.243587, 1491412986.246345, 1491413024.373333, 1491413061.960451, 1491413100.516778, 1491413137.819104, 1491413174.553405, 1491413212.488409, 1491413251.098802, 1491413289.365971, 1491413326.760944, 1491413365.074842, 1491413402.369613, 1491413439.624971, 1491413477.759457, 1491413515.894936, 1491413553.82057, 1491413591.24999, 1491413630.06868, 1491413667.984888, 1491413704.75097, 1491413741.636217, 1491413780.206602, 1491413818.771803, 1491413857.175375, 1491413895.176423, 1491413931.785251, 1491413968.328284, 1491414004.885022, 1491414044.19278, 1491414082.205717, 1491414120.826054, 1491414157.543876, 1491414195.183144, 1491414232.47218, 1491414268.515135, 1491414306.064699, 1491414343.444875, 1491414380.846384, 1491414418.936321, 1491414457.776859, 1491414494.122546, 1491414532.072756, 1491414568.932888, 1491414606.501932, 1491414644.104519, 1491414681.023184, 1491414717.542395, 1491414755.769494, 1491414791.935079, 1491414829.085826, 1491414866.523023, 1491414903.509263, 1491414941.142046, 1491414978.16603, 1491415015.572548, 1491415051.195135, 1491415088.194266, 1491415125.610006, 1491415165.038531, 1491415203.31864, 1491415241.172994, 1491415281.07621, 1491415318.640235, 1491415356.154873, 1491415394.4788, 1491415432.684374, 1491415470.872591, 1491415509.161776, 1491415548.257455, 1491415587.056083, 1491415624.867192, 1491415663.500648, 1491415701.798136, 1491415738.955091, 1491415776.065284, 1491415814.240557, 1491415850.86838, 1491415887.039218, 1491415924.597561, 1491415961.822792, 1491415999.587373, 1491416037.209168, 1491416074.424471, 1491416111.609282, 1491416147.626043, 1491416184.79752, 1491416221.768586, 1491416258.135423, 1491416295.595705], "rewards": [-1090.2312949000502, -1061.0333371330612, -982.43639469752293, -912.1909250192931, -850.38337767136136, -769.59951616773571, -716.31937795493025, -658.05747264089052, -612.38590432604894, -580.9045006046, -540.77147122816007, -505.87656704724657, -473.32486211522917, -443.10573502486551, -414.73413884546028, -389.88854696308772, -369.91492040917876, -347.58919434323957, -327.63680451933584, -305.87581486930793, -294.53068315059272, -281.33886496633335, -265.67646165650802, -248.69140359199537, -241.86696319195261, -229.34308364276419, -219.602881477149, -209.99258171554814, -201.9102580189483, -194.44490241991568, -186.63386541222849, -182.41820528432015, -178.61059798944368, -171.82226789017008, -168.86093188219556, -163.33864342514727, -158.09304113051019, -155.66855107596891, -152.83748292145248, -148.72013205220807, -145.76629003547737, -142.93635817715284, -137.66274741468416, -135.22714141601108, -132.90146056982113, -132.32449470513072, -133.0196487128884, -129.31523744767333, -129.08875701403701, -127.59025781449719, -123.34505217292354, -122.19235695751883, -120.69918065224856, -120.51707702145393, -118.21327118355759, -114.21560583545273, -117.84065270192553, -118.15506004538987, -114.5783694684954, -116.40697352071803, -113.21504610518897, -111.89645543621323, -107.67587567546872, -109.36278762727139, -107.86547164104215, -105.72823147203182, -103.46626284951941, -105.63682345903669, -104.01702121414878, -102.34880937311536, -102.33543085990412, -97.394241182097815, -95.751266681627214, -100.85460103930907, -98.578064009410539, -94.739516777617666, -92.329635167478116, -99.130566817417062, -100.41501263241989, -97.606499328490656, -98.692774304036575, -94.548595269576751, -92.290330722843606, -93.489996758622112, -92.804342418863413, -97.42660804282707, -93.984661784563116, -91.371826996394702, -97.245078306105199, -89.196466352698621, -86.190188882576038, -87.357747697473258, -89.064277748872115, -89.243555283200806, -91.248341390843194, -89.735979439596292, -88.783837278574751, -91.072938619493655, -88.313178199495383, -88.998823827075853]}