{"timestamps": [1491423953.557969, 1491423980.035013, 1491424008.533624, 1491424035.159799, 1491424063.262447, 1491424093.261759, 1491424122.790089, 1491424152.864774, 1491424183.213596, 1491424212.756877, 1491424241.92348, 1491424270.887376, 1491424300.877216, 1491424330.357396, 1491424360.749099, 1491424389.566618, 1491424418.741698, 1491424448.185647, 1491424477.087566, 1491424507.025808, 1491424536.317876, 1491424564.910111, 1491424593.37805, 1491424622.261517, 1491424651.68956, 1491424680.241281, 1491424709.840794, 1491424737.896269, 1491424765.719623, 1491424793.756976, 1491424821.524664, 1491424848.998874, 1491424877.529897, 1491424906.241647, 1491424935.800943, 1491424964.428376, 1491424993.642236, 1491425022.930348, 1491425051.383248, 1491425080.45456, 1491425109.989727, 1491425139.011422, 1491425167.877532, 1491425196.601914, 1491425226.296276, 1491425255.524816, 1491425285.396105, 1491425315.18259, 1491425345.001167, 1491425374.511389, 1491425403.464696, 1491425438.031872, 1491425488.252749, 1491425542.65837, 1491425596.494407, 1491425647.994471, 1491425696.688866, 1491425747.94074, 1491425797.575454, 1491425848.938545, 1491425898.300524, 1491425944.649943, 1491425990.254996, 1491426042.847828, 1491426094.674405, 1491426146.369143, 1491426197.590296, 1491426246.59804, 1491426299.383988, 1491426349.308013, 1491426395.890894, 1491426448.911329, 1491426499.254831, 1491426550.686138, 1491426602.353211, 1491426651.208396, 1491426706.524057, 1491426758.361801, 1491426812.206677, 1491426866.070064, 1491426914.685625, 1491426969.88441, 1491427017.640305, 1491427061.060962, 1491427120.593626, 1491427171.051813, 1491427226.638273, 1491427281.818045, 1491427329.73131, 1491427379.613736, 1491427426.381642, 1491427477.834421, 1491427526.511118, 1491427578.63876, 1491427628.594462, 1491427681.427859, 1491427734.384371, 1491427785.633816, 1491427838.514458, 1491427893.173995], "rewards": [-703.68413657652377, -673.26337188220646, -608.68346724112814, -536.03130160028343, -483.757776290386, -431.61151759954458, -391.33866270799786, -354.00406858497558, -317.60005263487233, -284.96073006554116, -261.00419072731074, -235.05522607762589, -211.88465532510966, -193.56616415004103, -174.62899437684359, -161.69966326422718, -145.8233269362143, -135.55392329820498, -126.53573247145587, -115.04241535738478, -106.25537885386491, -99.270781388428418, -94.457509232566409, -90.996811808310682, -86.572883805491117, -82.023550880382189, -75.365395754269514, -71.306807222453557, -67.117532670766153, -64.605109570938041, -59.875513303554015, -58.621648819821111, -55.548835461117093, -52.830971508953546, -49.961464463464125, -47.324899282992519, -45.727653723897966, -43.15145500208795, -41.290051440264968, -39.552091494590854, -37.637858896076722, -36.356350243077024, -35.007502209367075, -33.984239336986477, -32.597204633949424, -32.160205620941319, -31.018160977301321, -30.351152431584669, -29.955206552298652, -29.429002719621845, -28.607630020389077, -27.901506451259433, -27.251677085530289, -26.648102954770639, -26.500074206782774, -26.152283016813342, -25.395030893614031, -25.36155012449542, -25.055458651082287, -24.622705601245656, -24.343698729750255, -24.428269373620186, -24.03161877021892, -23.85481111455001, -23.195368039053641, -23.141302621282815, -23.091962493384273, -22.966764920812761, -22.618080398749104, -22.291059354931193, -22.012810761616443, -21.743805179249176, -21.374903461178157, -20.990098395435879, -20.625203292255769, -20.611972932436764, -19.882745152296636, -19.659765606610364, -19.610259186959812, -19.973165366524096, -18.957606092022669, -18.763083870650689, -18.903813850119391, -18.6795867767282, -18.371582215841382, -17.771758307556652, -17.528749734939705, -17.704684770582258, -17.469901986293515, -17.500436053359135, -16.950346310261981, -16.864425494122472, -16.639102386421488, -16.440233212571258, -16.494672409206267, -15.909208951379508, -15.962305152127644, -16.17600756640956, -15.672173330001085, -15.708056290704297]}