{"timestamps": [1491490249.91246, 1491490327.485691, 1491490398.075387, 1491490475.450222, 1491490540.547181, 1491490604.993637, 1491490676.899248, 1491490755.416154, 1491490825.890377, 1491490896.883224, 1491490974.340588, 1491491045.764124, 1491491118.226629, 1491491185.574874, 1491491257.073445, 1491491328.762939, 1491491399.625845, 1491491459.887875, 1491491528.19783, 1491491603.484465, 1491491674.508591, 1491491749.020071, 1491491821.476172, 1491491884.565477, 1491491958.664975, 1491492032.262627, 1491492103.574598, 1491492171.8596, 1491492247.950487, 1491492327.386873, 1491492405.219098, 1491492479.305729, 1491492556.857168, 1491492632.529603, 1491492705.893568, 1491492777.651819, 1491492850.532075, 1491492918.666472, 1491492982.674011, 1491493049.554682, 1491493120.415338, 1491493197.913376, 1491493270.765742, 1491493341.48307, 1491493411.078991, 1491493485.582179, 1491493562.0692, 1491493639.946849, 1491493700.037727, 1491493773.651934, 1491493836.825156, 1491493910.606714, 1491493974.718976, 1491494041.378804, 1491494113.907326, 1491494181.712252, 1491494257.930355, 1491494327.587877, 1491494400.452076, 1491494473.006263, 1491494549.04819, 1491494625.259931, 1491494701.15967, 1491494772.721017, 1491494846.120157, 1491494920.677156, 1491494989.815432, 1491495061.523271, 1491495133.066977, 1491495208.491648, 1491495278.050597, 1491495343.994812, 1491495419.701364, 1491495483.272072, 1491495565.743431, 1491495636.026713, 1491495705.98515, 1491495778.234627, 1491495852.628254, 1491495918.279202, 1491495979.957679, 1491496053.018086, 1491496116.707628, 1491496197.695482, 1491496273.018301, 1491496349.473839, 1491496427.759286, 1491496495.091365, 1491496559.104545, 1491496627.313559, 1491496695.289773, 1491496770.929345, 1491496836.928253, 1491496915.43173, 1491496986.215494, 1491497058.613615, 1491497127.156227, 1491497182.812928, 1491497263.026996, 1491497327.736256], "rewards": [-1104.8925175964062, -1113.6198367008808, -1048.2612684524152, -989.21831840674315, -903.62984429671747, -871.01299202998632, -823.43343087457163, -761.1191485426458, -736.53524794768748, -678.74365187918636, -648.71482997354792, -617.8705175896481, -591.880710246131, -548.27154392669149, -531.46178314094993, -500.13231554185825, -468.09321769523712, -444.80543065433466, -425.84003666647021, -404.66303772501465, -382.72162814872701, -363.84609705839978, -347.15985692357395, -331.87192735262613, -315.99006198995619, -299.72228583458872, -286.82905733425878, -274.18725695812111, -262.97838860965658, -250.67822980984295, -243.92987119014134, -233.88772300385793, -225.80332182790579, -220.08550499273241, -209.6744404554899, -203.43766123817502, -195.79276079966937, -190.13221947042973, -182.88907208716466, -179.7506623115647, -172.55807533846706, -169.38854676958366, -163.7417089325171, -161.32814132991135, -156.45087833213131, -153.56174712139565, -150.08831130988935, -146.82207543932662, -142.57833085633357, -141.06848688406197, -136.55018422204319, -135.42539554524066, -131.69446106521534, -131.80254498924839, -126.77134867437218, -125.89472890962827, -123.24296251157335, -124.38387830701872, -121.83578907106411, -120.97046524886908, -118.83251949163652, -116.17634979881521, -116.41462557369958, -116.57272729503028, -113.22051208803843, -113.45438532194913, -110.7017778918857, -109.75284445705223, -107.80277085038459, -108.30371124414805, -108.2181908149676, -105.49082593157256, -103.57617926559261, -103.14801572729196, -102.21899419533983, -101.82016737629084, -99.506059881717846, -99.31492751850783, -97.512150627265129, -94.831280441193542, -95.87880161440944, -96.436002714519546, -94.084337052422711, -93.170140025757789, -94.765991887928266, -93.152159371564395, -93.196137003276988, -89.399726580228872, -88.433287662998595, -89.353685627898528, -92.753079820510763, -90.724916675061735, -90.009454361260339, -90.734260990567932, -88.335448191813796, -89.245866763396009, -88.138240014129934, -84.88146031526621, -85.352367247509534, -88.96696582014583]}