{"timestamps": [1491417117.588856, 1491417145.086669, 1491417172.271989, 1491417200.465579, 1491417227.520369, 1491417254.886094, 1491417282.525523, 1491417310.397961, 1491417337.288974, 1491417364.296129, 1491417392.073259, 1491417419.926327, 1491417447.539775, 1491417474.988585, 1491417500.391716, 1491417526.469737, 1491417553.985048, 1491417582.017764, 1491417609.449625, 1491417637.23578, 1491417664.65011, 1491417692.180946, 1491417719.821689, 1491417746.77621, 1491417774.453191, 1491417802.016842, 1491417830.38963, 1491417858.043137, 1491417885.542281, 1491417912.388662, 1491417939.508475, 1491417967.233538, 1491417994.654131, 1491418022.28876, 1491418050.084374, 1491418078.279858, 1491418105.677663, 1491418133.463524, 1491418160.471394, 1491418188.39198, 1491418215.128689, 1491418242.524498, 1491418270.120359, 1491418297.804139, 1491418325.522989, 1491418353.233754, 1491418381.08103, 1491418408.300919, 1491418435.162593, 1491418463.102298, 1491418491.001854, 1491418518.598676, 1491418546.335501, 1491418574.572938, 1491418601.508864, 1491418628.471527, 1491418657.041459, 1491418684.527276, 1491418712.461045, 1491418740.016816, 1491418767.710638, 1491418795.844648, 1491418824.128131, 1491418853.371901, 1491418881.281424, 1491418908.736529, 1491418936.719861, 1491418964.610378, 1491418992.614856, 1491419019.198621, 1491419045.875178, 1491419073.930408, 1491419101.881396, 1491419129.612715, 1491419157.565691, 1491419184.355667, 1491419211.813969, 1491419240.209344, 1491419268.412968, 1491419296.079202, 1491419324.048913, 1491419351.622993, 1491419379.73423, 1491419406.771469, 1491419435.312951, 1491419462.974647, 1491419490.553447, 1491419518.381302, 1491419545.269627, 1491419570.456277, 1491419597.076371, 1491419624.357599, 1491419652.186349, 1491419679.509188, 1491419707.227421, 1491419734.971108, 1491419763.424138, 1491419791.637658, 1491419818.359341, 1491419844.210987], "rewards": [-1055.3722639971186, -1037.5588220026389, -986.8918398556499, -914.7836369138018, -897.4279826962825, -831.6191252074325, -806.0667853881608, -752.5584372308383, -732.809198019573, -690.0081815993544, -657.5675569541731, -619.7495295023579, -594.6644535232336, -568.115298470042, -531.4561197671571, -505.562423328122, -481.5304325458985, -457.4191688403488, -435.8104905200695, -416.79570743781, -397.90182499122585, -381.1368515782713, -365.3828607619323, -346.4633163238688, -333.7770386206084, -320.623135448297, -304.9911733186128, -291.29232031977597, -280.2424004587072, -267.90464069858, -262.1572117325461, -250.47029097979492, -240.839987602494, -234.65168215888247, -226.46212627426266, -217.65822496512465, -210.31472812599523, -204.4020464994303, -198.83452183275207, -194.36035915488372, -190.94121831694648, -184.62905803320115, -178.59206006867052, -174.04342909766743, -171.92847480036897, -165.53703008882027, -161.0026953258611, -160.36115113790285, -157.6682971106425, -151.12813958562225, -152.2295047402439, -149.75295920583588, -151.03484624948342, -145.6847030027854, -142.67904933437535, -142.75749686927318, -140.51647070163517, -138.19419560378878, -136.33445121907326, -135.24901830279788, -133.10219518497905, -132.68428196751867, -132.3889865691942, -128.68303705238057, -127.37172481398704, -125.66494027697547, -127.0661236204232, -124.16962742087696, -122.36835999185556, -122.94813856105165, -121.46974383610946, -121.69849614455435, -121.81566681530909, -118.78106825031814, -118.31368960965547, -119.178404305851, -116.39794618885645, -116.2475977039457, -117.72201535381295, -117.03033245936356, -115.15643219784944, -113.19707737080348, -114.54986796209057, -111.03039612393479, -112.37023843197558, -109.71902496391569, -110.92916020031504, -109.61289430735751, -107.17771868722124, -109.8360046288886, -110.28372391624775, -108.16695059466915, -106.59978890314913, -106.4945573729153, -107.81569588804419, -108.83328204437377, -106.58990960360411, -106.70666554861431, -102.15526760830109, -103.48965032099224]}