{"timestamps": [1491497930.940362, 1491497991.782686, 1491498050.098101, 1491498106.762417, 1491498163.268688, 1491498222.858319, 1491498282.463357, 1491498337.610876, 1491498392.573566, 1491498447.027321, 1491498513.224729, 1491498571.083099, 1491498618.700699, 1491498675.990995, 1491498726.894682, 1491498793.610535, 1491498850.445246, 1491498904.621844, 1491498961.314389, 1491499016.131453, 1491499074.656137, 1491499131.553687, 1491499189.597208, 1491499250.600522, 1491499303.807292, 1491499361.649969, 1491499420.53913, 1491499480.500241, 1491499539.342276, 1491499594.847932, 1491499653.357175, 1491499701.392481, 1491499754.156776, 1491499808.915064, 1491499871.164989, 1491499927.275562, 1491499982.793086, 1491500039.325727, 1491500103.858549, 1491500165.023279, 1491500226.924388, 1491500289.750196, 1491500342.978324, 1491500395.398051, 1491500459.817679, 1491500519.601626, 1491500577.317155, 1491500635.705217, 1491500696.730567, 1491500753.718986, 1491500807.898763, 1491500866.360274, 1491500922.632051, 1491500979.637281, 1491501034.206177, 1491501085.931621, 1491501154.88974, 1491501215.612082, 1491501280.192862, 1491501341.543301, 1491501408.461321, 1491501466.026997, 1491501528.158846, 1491501591.520602, 1491501642.392962, 1491501696.06579, 1491501752.596749, 1491501801.288616, 1491501851.049733, 1491501905.397286, 1491501962.378956, 1491502020.637082, 1491502072.092492, 1491502125.277542, 1491502174.751902, 1491502223.382393, 1491502268.277298, 1491502319.781226, 1491502377.007327, 1491502426.92679, 1491502478.384709, 1491502534.330022, 1491502595.106616, 1491502654.556305, 1491502713.255197, 1491502775.126141, 1491502822.907788, 1491502887.677904, 1491502949.685017, 1491503006.754762, 1491503071.261018, 1491503137.251722, 1491503201.456133, 1491503266.245895, 1491503325.632443, 1491503380.82088, 1491503427.866505, 1491503481.210599, 1491503534.686627, 1491503595.241668], "rewards": [-642.29211283926588, -621.00465984746313, -560.07406207609699, -511.6993096120774, -464.4806579611577, -421.83345068317749, -378.47681901008366, -343.16534726188547, -310.87166736233689, -284.51100355663863, -255.65256338850313, -232.32309851065696, -214.60772291741696, -194.10304404751216, -177.55836474951656, -161.20227284749683, -146.48374516989324, -135.51964770212186, -124.82307542606667, -114.0077698737792, -105.37127428328819, -98.161062283554188, -90.251001659498385, -84.713503945856971, -77.206777615085713, -73.412021802295627, -67.422955756735561, -64.359985523792531, -60.425089629871657, -57.473426960375122, -53.584764108751372, -50.571400227459961, -48.230408785289328, -45.866697243659111, -43.728801676427302, -40.213743631000483, -38.106882279823182, -35.955152308127118, -32.937088088907878, -31.9561235692703, -29.551615008205239, -27.526319993019523, -25.855592483945944, -24.284062772327779, -22.952116354422163, -21.410626873040798, -19.66584825952458, -19.191368856757684, -18.451993344775829, -17.233436918689144, -16.845327175813363, -16.427619343563389, -15.290599739122822, -14.698190051263182, -14.486445141946792, -13.692416311406689, -13.002304362356348, -12.879963528329663, -12.566460571141926, -11.849467354479033, -11.673957653141288, -11.184773937707938, -11.042526858270012, -10.866841561233628, -10.543860349790304, -10.418844086028074, -10.231722427408476, -9.9950862987185296, -10.096176873613677, -9.7709534166773011, -9.4947104417564354, -9.229272066657046, -9.2067995219494954, -9.0016858964209678, -8.8308193904822474, -9.1419016899894725, -8.9115515530642924, -8.7384164867207321, -8.7194575266942493, -8.4202180063561425, -8.7074272836355888, -8.5249262761140692, -8.3496526025213953, -8.4322030001201504, -8.0638563303166055, -8.1470911713066272, -8.2272333417920365, -8.3578693279479506, -8.0936862361071285, -8.1379076542965887, -7.7730920720254106, -7.8986866405370382, -7.8559793385845111, -7.6497770887300724, -7.7118703603294945, -7.4182393248236052, -7.6389422578983526, -7.5908669185024413, -7.5851677262623385, -7.4170404606933706]}