{"timestamps": [1491546671.381984, 1491546778.443361, 1491546915.423818, 1491547067.307084, 1491547218.688859, 1491547373.358767, 1491547522.640202, 1491547671.969374, 1491547821.698718, 1491547975.486811, 1491548122.679058, 1491548271.384112, 1491548416.768085, 1491548563.370745, 1491548709.933146, 1491548855.760183, 1491549002.938545, 1491549146.37916, 1491549292.908746, 1491549434.577167, 1491549577.051811, 1491549718.581214, 1491549863.493536, 1491550003.33865, 1491550142.405531, 1491550287.674592, 1491550429.360538, 1491550572.824408, 1491550712.034598, 1491550850.610166, 1491550993.779196, 1491551129.768969, 1491551267.013939, 1491551406.349898, 1491551543.342823, 1491551678.790809, 1491551813.106962, 1491551947.360289, 1491552082.064341, 1491552216.710795, 1491552352.54387, 1491552490.038178, 1491552628.9998, 1491552767.751023, 1491552905.276791, 1491553043.14682, 1491553181.493929, 1491553321.568429, 1491553461.032519, 1491553596.831437, 1491553734.00026, 1491553872.013927, 1491554010.997627, 1491554155.465817, 1491554296.444829, 1491554438.862515, 1491554581.05077, 1491554723.743102, 1491554868.124842, 1491555002.107308, 1491555142.145563, 1491555273.065482, 1491555408.394731, 1491555546.362697, 1491555682.470801, 1491555820.437884, 1491555957.231922, 1491556095.470409, 1491556235.315186, 1491556375.031082, 1491556514.505717, 1491556657.009889, 1491556798.97985, 1491556941.490535, 1491557083.712478, 1491557227.187226, 1491557373.46934, 1491557516.687489, 1491557663.082031, 1491557808.266045, 1491557950.41994, 1491558099.800396, 1491558248.974614, 1491558394.091186, 1491558539.537069, 1491558682.378739, 1491558823.061528, 1491558965.238449, 1491559104.674122, 1491559246.330627, 1491559381.323596, 1491559522.445905, 1491559662.200249, 1491559802.134444, 1491559950.215417, 1491560093.430311, 1491560241.160462, 1491560401.676324, 1491560568.148128, 1491560739.120356], "rewards": [-1068.9126854452516, -1042.9645060231176, -946.52493478438055, -868.49368037365196, -800.00208893378851, -744.31650746380546, -680.38777790790357, -625.87929280679884, -575.29688784062841, -529.02365920489672, -485.8245772218574, -450.43610104121018, -416.51981068785983, -384.49980724737225, -363.08065424512597, -349.16694806843014, -342.6417060056217, -339.02947039645545, -312.45099571350971, -292.77205271416773, -275.44725108393044, -258.61891889063844, -242.64098518410688, -231.7272188470111, -215.99848118764754, -203.99951259392441, -194.08791740077669, -182.91336194072287, -175.79999142690164, -167.04760634388799, -159.92333045964401, -152.7407874775775, -146.75041763091997, -140.45866412051586, -137.03284704013339, -129.84639864460112, -126.60081242335015, -122.12003894130667, -118.4270299125748, -116.40314129002526, -113.01114505636389, -111.90029754246959, -110.53012629805943, -105.69394226505024, -103.95506696723832, -101.54656658122948, -101.18817047824851, -97.742978224767512, -96.024486509575482, -94.333172262542902, -91.771836914474065, -91.224655147873079, -89.180272869677964, -87.786408343122815, -83.818479680637154, -83.389262582215281, -79.981031542297956, -80.713737489209748, -81.558824800101263, -95.984561795255985, -87.914703843127569, -79.584412096447906, -78.171244207519763, -78.600460979146234, -79.650460005800099, -76.767818367611369, -74.381056013227052, -74.344579595351561, -70.239792734085029, -68.103138815828117, -66.601963159306436, -65.346734807734038, -64.846500743484384, -63.952366737384011, -63.843957726515072, -61.508805637189511, -58.836752404981318, -55.39661605207332, -52.179016505218385, -53.415937131064325, -52.755369523375897, -50.160077044712644, -51.314308739337562, -47.321167728897272, -46.955525409733532, -46.955052655030194, -43.951702274053218, -44.028029995660759, -43.678307405858895, -40.438954952665199, -42.814842620811973, -45.212928370892833, -40.320143853281259, -40.965053544998504, -40.770625263932722, -39.354583708108429, -39.105510396808349, -40.137246854315514, -36.682780288622773, -34.636507108508724]}