{"timestamps": [1491429596.923147, 1491429634.852481, 1491429672.361644, 1491429713.126101, 1491429746.344003, 1491429777.259567, 1491429809.404376, 1491429846.978712, 1491429876.362236, 1491429905.660021, 1491429934.339798, 1491429962.962463, 1491429991.535178, 1491430020.981079, 1491430049.741144, 1491430078.154708, 1491430107.186622, 1491430136.541794, 1491430165.180698, 1491430193.980863, 1491430222.913685, 1491430251.902271, 1491430281.326918, 1491430310.997729, 1491430340.21273, 1491430371.459982, 1491430406.333987, 1491430445.515795, 1491430481.141979, 1491430514.548754, 1491430548.163404, 1491430584.361123, 1491430619.169035, 1491430652.926064, 1491430694.041091, 1491430736.198723, 1491430773.491871, 1491430815.216545, 1491430859.718217, 1491430900.438491, 1491430942.937016, 1491430980.75588, 1491431020.842392, 1491431056.511136, 1491431098.144286, 1491431136.601545, 1491431173.674911, 1491431210.086341, 1491431243.97557, 1491431284.288428, 1491431320.15305, 1491431362.031499, 1491431399.498, 1491431434.266698, 1491431466.665174, 1491431507.403673, 1491431544.261163, 1491431579.616859, 1491431611.06993, 1491431642.906931, 1491431686.14636, 1491431721.124957, 1491431758.471898, 1491431790.954183, 1491431826.651774, 1491431857.192954, 1491431887.928476, 1491431924.854327, 1491431968.109211, 1491432022.143903, 1491432053.714697, 1491432084.706606, 1491432118.574163, 1491432157.435447, 1491432192.024247, 1491432226.323229, 1491432262.237676, 1491432296.766575, 1491432333.099362, 1491432385.023794, 1491432417.374162, 1491432447.979348, 1491432478.024948, 1491432507.850237, 1491432537.719856, 1491432567.710574, 1491432596.649291, 1491432626.499566, 1491432669.214704, 1491432718.981422, 1491432765.17769, 1491432806.742342, 1491432850.587595, 1491432897.569825, 1491432928.049981, 1491432960.33211, 1491432997.967949, 1491433029.055971, 1491433059.016776, 1491433099.73151], "rewards": [-692.40877200185491, -606.76031438412792, -510.52735813525362, -461.07966756829074, -416.48943169373729, -376.31631628309384, -340.05655368745334, -303.0357158067302, -274.96629803161824, -245.54288821552339, -222.50220258288485, -199.40283282112824, -182.23925447246239, -161.08730293774624, -146.21685043352841, -131.77505559453522, -121.32012415038709, -108.87475568333656, -97.756361586142688, -90.675723418986294, -83.320434201814209, -76.52918870711386, -70.854081601887998, -65.106368944107786, -59.897830463111639, -55.849963490900826, -52.332746745319618, -49.155844323730214, -45.272936484674638, -43.393241219953985, -41.125235494939126, -38.662992622317937, -36.317369587610443, -34.143029890289533, -32.581614760797649, -31.340155972384753, -29.715099006870609, -28.690000441929374, -27.398205253581885, -28.134789212161341, -27.083130573560084, -26.900747860346424, -25.448814008520362, -24.226372434937943, -24.038990206485018, -22.950324049885445, -23.036091120502327, -22.020917819249679, -21.480688489502789, -21.001907198837511, -20.496565106248745, -19.785339820046531, -19.598258782740412, -19.197701501578159, -18.98016322842432, -18.46672691077773, -18.180870427049651, -18.362869143172404, -18.100433688400116, -18.517681248388161, -17.844063197393638, -17.597180401857099, -16.898113103628543, -16.64966520850669, -16.502556850828302, -16.097029485951829, -16.171928283758028, -16.047854809790252, -16.029431860040273, -15.804910631703606, -15.335970068382323, -15.472925079392093, -15.019366513774463, -15.053230709544126, -15.41081785699062, -14.86935831503823, -14.947292961921869, -14.716568727662249, -14.418488996401575, -14.190148974682881, -14.061957008664704, -14.368694581256491, -14.254881892947516, -13.721285546960369, -13.796682607699651, -13.60187467334778, -13.567655916559413, -13.368396185151049, -13.758122754079539, -13.401202995260437, -13.260003877093483, -13.377810449378558, -12.627688254249172, -12.726354049196253, -12.681887773587995, -12.805227427297769, -12.582739409222645, -12.786623059271273, -12.239776191727524, -12.066021349510468]}