{"timestamps": [1491463384.25018, 1491463433.635309, 1491463478.623091, 1491463522.140253, 1491463577.26981, 1491463627.447897, 1491463674.986565, 1491463714.09617, 1491463766.193358, 1491463817.82843, 1491463868.761969, 1491463914.523408, 1491463968.152651, 1491464015.80267, 1491464061.07045, 1491464112.289697, 1491464161.41282, 1491464208.750761, 1491464260.045462, 1491464306.064365, 1491464355.701284, 1491464401.146802, 1491464449.846584, 1491464499.843085, 1491464551.027154, 1491464590.34743, 1491464642.437733, 1491464688.463418, 1491464736.317065, 1491464787.104864, 1491464844.235431, 1491464895.882162, 1491464937.657754, 1491464985.943318, 1491465036.681581, 1491465080.063409, 1491465134.711116, 1491465185.511099, 1491465232.790778, 1491465285.836297, 1491465336.3403, 1491465382.592516, 1491465427.763828, 1491465474.700523, 1491465525.85752, 1491465577.935328, 1491465627.723449, 1491465684.626961, 1491465730.765139, 1491465776.10413, 1491465823.476903, 1491465876.204466, 1491465924.100814, 1491465966.763374, 1491466015.602685, 1491466061.834254, 1491466109.097511, 1491466155.883301, 1491466204.894934, 1491466255.467513, 1491466302.73127, 1491466345.331795, 1491466388.110955, 1491466435.974266, 1491466485.184195, 1491466534.895817, 1491466582.89073, 1491466626.44743, 1491466678.99087, 1491466727.913632, 1491466776.103756, 1491466825.981806, 1491466873.489538, 1491466924.940671, 1491466972.884803, 1491467021.442843, 1491467076.22396, 1491467125.086073, 1491467173.497943, 1491467224.674027, 1491467272.018395, 1491467317.77445, 1491467369.089737, 1491467414.898374, 1491467468.137541, 1491467516.763236, 1491467565.034852, 1491467611.448933, 1491467658.699407, 1491467703.777599, 1491467752.84037, 1491467800.623282, 1491467844.646701, 1491467893.994776, 1491467943.592794, 1491467995.894712, 1491468042.923516, 1491468093.01968, 1491468145.062163, 1491468200.461705], "rewards": [-633.272030837315, -620.849279086525, -562.8891258433842, -507.0609543226094, -459.21290155345844, -413.3261311272518, -379.1418728872419, -338.74529377188935, -308.210380681444, -282.66360736657987, -255.4016123234989, -231.3608878016297, -212.27991218182729, -194.75267082485897, -174.83852765815078, -163.0622380740189, -150.1271821109148, -137.7835876934261, -127.51159649724131, -117.86018257961452, -110.06120872557366, -102.70303480822348, -94.96775452097518, -88.73254060626675, -85.66395574281178, -80.19920856302736, -76.55216372217885, -72.71284724412423, -67.84313124533465, -64.56178068067125, -61.74030107497762, -59.61916023666756, -56.14382538963449, -54.359432817369616, -52.27634788059478, -50.16890373328065, -47.917762582444176, -45.589964316492576, -43.70358865029244, -42.464366112984756, -41.38585373060532, -39.732080813213884, -38.475895425444804, -37.103500198222434, -36.21566824691404, -35.231069056435665, -34.67868031862001, -33.72190085151123, -32.85981072291547, -32.02529613408203, -31.257096973079793, -30.323248571863893, -29.565749674591039, -29.294470772028035, -28.169143218893396, -28.18767316778878, -27.40925525677325, -27.403982148519699, -26.575870554212624, -26.72790931789234, -25.824029645653841, -25.83273605702864, -24.885877919599924, -24.375952640835216, -24.288388314029508, -23.580285291518408, -23.522704935071047, -22.863144845774901, -22.603323898413674, -22.043413700658768, -21.931806759412709, -21.619521343745596, -21.660663275828306, -21.628715491553265, -21.375079420693652, -21.14781667196312, -20.824179193077512, -20.453089384692589, -20.265027834247963, -20.236155293743899, -19.402400419195416, -19.328840502631714, -19.024073768013082, -18.230179125191469, -18.099072949842604, -18.136837571853881, -17.998096854001133, -17.300994564909391, -17.310093082143478, -16.561979796546417, -15.748567754870507, -15.260099754343553, -14.402194958779525, -14.348511907075476, -13.660402486894846, -13.118683950733686, -12.812670066338587, -12.36850200549404, -11.871856586695873, -11.829324431173829]}