{"timestamps": [1491433807.996408, 1491433835.146814, 1491433863.983249, 1491433906.362892, 1491433958.256504, 1491434004.802869, 1491434060.631578, 1491434108.849192, 1491434159.988665, 1491434214.480119, 1491434270.152394, 1491434320.002064, 1491434373.30375, 1491434430.871687, 1491434483.218255, 1491434536.633889, 1491434591.773235, 1491434644.550445, 1491434702.857572, 1491434748.177998, 1491434792.836973, 1491434850.152508, 1491434906.092315, 1491434964.194851, 1491435024.886938, 1491435076.726609, 1491435132.367365, 1491435185.138182, 1491435241.17655, 1491435287.714479, 1491435339.958547, 1491435391.343022, 1491435445.442539, 1491435499.913883, 1491435556.798635, 1491435617.038653, 1491435671.035366, 1491435728.33186, 1491435782.259893, 1491435831.163145, 1491435883.698265, 1491435938.919013, 1491435988.593078, 1491436040.922966, 1491436087.496163, 1491436133.926206, 1491436187.122642, 1491436246.828144, 1491436301.314837, 1491436354.757475, 1491436399.457574, 1491436448.856917, 1491436498.938657, 1491436553.186177, 1491436600.872106, 1491436653.034493, 1491436704.425523, 1491436755.943383, 1491436811.080583, 1491436867.330479, 1491436916.519636, 1491436972.060907, 1491437024.791854, 1491437077.624955, 1491437129.283186, 1491437179.513123, 1491437232.893548, 1491437286.451582, 1491437340.769545, 1491437389.573004, 1491437426.501967, 1491437459.708584, 1491437493.874654, 1491437528.588106, 1491437555.971012, 1491437583.804182, 1491437611.638508, 1491437639.400332, 1491437665.603661, 1491437693.197373, 1491437722.441891, 1491437750.197715, 1491437777.969624, 1491437805.971943, 1491437834.269948, 1491437862.326514, 1491437890.245488, 1491437917.843522, 1491437947.182341, 1491437975.218623, 1491438002.495189, 1491438029.661798, 1491438057.353864, 1491438085.222705, 1491438112.506277, 1491438139.728516, 1491438168.429296, 1491438196.312833, 1491438223.961465, 1491438251.862937], "rewards": [-927.18221095644083, -893.0918787245887, -834.46113744834497, -783.08837355060302, -738.51672185124642, -700.69803020780716, -655.10647030235805, -628.86811700312649, -597.48426333494149, -558.12052049913041, -536.66264216645254, -508.56095939964229, -488.6489880369005, -467.19826428265173, -443.03827278839213, -423.34588253684711, -396.90471178763869, -383.2703779677704, -367.32585189427635, -348.29311293727767, -332.22395352070436, -313.86042465307941, -305.51925453330097, -289.32829963324951, -276.9763166985116, -270.02934071086236, -260.29014617395927, -253.57275135277803, -245.44357746326881, -232.65530526714255, -226.43132060904279, -219.98270869104547, -212.28469029830194, -207.66060753272816, -203.09695585116256, -197.96469383212892, -189.31419785141716, -185.95981337591616, -180.97031266148818, -176.66458656536358, -174.44041510590341, -168.62792900279692, -167.32313260708895, -162.07199277783488, -161.65254716708648, -157.88044949788281, -155.13591131030708, -151.16591582817705, -147.73613398200752, -144.22702460059048, -143.38735091994127, -140.73273171747576, -138.09990246582524, -136.04445722684304, -133.74587971006122, -132.22294359345787, -129.78050028575623, -130.82982636659875, -125.80352158129041, -125.24549348136289, -122.13489393118029, -118.72684759002594, -117.41638195914726, -117.18802156171613, -114.73337436255127, -115.61919710145186, -112.84945782475661, -112.93326252504892, -110.86657171063786, -109.89130495145346, -106.09248592544698, -107.42329209510437, -105.76576886024543, -103.54940073850391, -100.4358521181249, -100.76628877953, -97.701314076756006, -96.566466071291487, -98.283278992306563, -97.239147338909262, -94.600308590641248, -95.299529768274951, -91.468698419320859, -91.349411944234774, -90.940484697349419, -90.021990101668251, -89.662815129114279, -89.993417180363593, -89.627433974840002, -86.707762386099361, -87.835896915322706, -85.006318657957394, -85.978125759457512, -84.898775867811878, -84.68354348612425, -84.393104699089648, -83.011281075330317, -80.653728566926446, -80.595647779030969, -78.741792711820239]}