{"timestamps": [1491425469.984583, 1491425510.774581, 1491425546.250712, 1491425591.859416, 1491425634.732729, 1491425676.431502, 1491425714.945489, 1491425759.63636, 1491425803.072433, 1491425841.350708, 1491425879.501817, 1491425914.882441, 1491425951.046458, 1491425995.266385, 1491426033.974378, 1491426078.428619, 1491426122.085907, 1491426166.282511, 1491426202.448519, 1491426243.052365, 1491426288.288826, 1491426327.18629, 1491426372.220062, 1491426419.027628, 1491426457.690959, 1491426489.802038, 1491426525.516802, 1491426559.650634, 1491426600.843215, 1491426638.757379, 1491426681.899236, 1491426723.633086, 1491426764.828158, 1491426799.222748, 1491426846.290543, 1491426894.855967, 1491426936.35959, 1491426976.975459, 1491427021.437816, 1491427066.303838, 1491427113.041755, 1491427154.26606, 1491427195.480972, 1491427237.954849, 1491427280.78675, 1491427324.873225, 1491427365.503481, 1491427409.519728, 1491427452.567055, 1491427497.786624, 1491427538.825205, 1491427584.555141, 1491427628.058173, 1491427667.721106, 1491427710.335558, 1491427753.836735, 1491427801.228332, 1491427847.393358, 1491427889.816395, 1491427927.178506, 1491427963.991583, 1491428006.629414, 1491428051.208484, 1491428089.55097, 1491428111.147504, 1491428133.000843, 1491428155.073346, 1491428177.395991, 1491428198.151572, 1491428219.730707, 1491428241.501369, 1491428264.099323, 1491428286.821347, 1491428309.308489, 1491428332.618264, 1491428354.758769, 1491428375.778395, 1491428397.170979, 1491428419.683497, 1491428441.032472, 1491428462.710438, 1491428484.658719, 1491428506.611041, 1491428528.945859, 1491428552.962396, 1491428575.450659, 1491428598.037152, 1491428619.681829, 1491428642.392772, 1491428664.405312, 1491428686.965969, 1491428708.701198, 1491428731.137319, 1491428753.456322, 1491428776.313549, 1491428798.852527, 1491428821.198473, 1491428841.188737, 1491428864.50231, 1491428886.302814], "rewards": [-563.08075440203856, -538.21161824704893, -478.17597118787887, -431.58427824799435, -407.09155324687293, -358.62006804254611, -333.26809167825013, -305.65229689699231, -280.94619588831392, -261.86609919518207, -240.83431223470612, -217.73903631040736, -202.3099907664685, -187.51277166652548, -173.59848653869008, -160.27251539097367, -145.87660530962086, -134.91411024245113, -126.6746313268002, -117.08906779395416, -110.14635604365593, -103.0394685707718, -97.502856829911067, -93.360293389669479, -88.797462186208435, -82.577948891819801, -79.602650471530637, -75.924399776196651, -73.692592264030964, -70.912063021380121, -68.15608763807785, -65.759354891095867, -62.152821662966836, -59.877964327580223, -58.230204670711579, -54.685934057651508, -52.998693423025749, -51.759358282400648, -49.379971243676543, -47.858258821676237, -46.790639276449937, -45.586660280840341, -45.094211748828847, -43.208317168152305, -42.846389673245874, -41.472159554821793, -41.942232899364484, -39.910664509846157, -38.628461416933149, -38.185281519460311, -38.019934484310653, -37.592938776271801, -36.835770295334257, -36.128889524522869, -34.796262929000804, -34.512930529610898, -34.256607230637229, -33.524216472461674, -32.238480233152792, -31.211794984520587, -30.576662245377985, -29.329758936180305, -27.867485601360386, -26.613321987883165, -24.692403769591543, -24.744490850491353, -23.834875698861648, -22.015628469492476, -21.396295115936415, -20.654920882306328, -19.825617763000345, -18.929324849705978, -18.443714462952588, -17.976637406413705, -17.173846481822999, -16.868861495402189, -16.599460268353617, -15.772158236855232, -15.370011450829917, -15.371084955315441, -14.714556074671876, -14.059898790688147, -13.61832818716789, -13.142877023473016, -12.978355861387762, -12.698251236900848, -12.67794838126307, -12.269939973938731, -12.066973432485392, -11.920035390181249, -11.633602712666908, -11.308985703416722, -11.050284451835445, -11.465281830154487, -10.916085165987038, -10.807542833161619, -10.714614656420968, -10.420585413446464, -10.165521898462451, -10.058723781047304]}