{"timestamps": [1491486977.44151, 1491487003.126089, 1491487026.674922, 1491487051.653902, 1491487075.454238, 1491487098.460641, 1491487124.833247, 1491487154.6553, 1491487183.77188, 1491487210.732044, 1491487235.809365, 1491487261.221053, 1491487283.781192, 1491487310.928754, 1491487343.133173, 1491487369.479318, 1491487395.037795, 1491487423.502988, 1491487449.84013, 1491487475.70735, 1491487499.598929, 1491487527.835096, 1491487555.356801, 1491487584.635396, 1491487610.455736, 1491487639.834006, 1491487664.419045, 1491487692.977764, 1491487721.704803, 1491487742.632054, 1491487769.505576, 1491487795.443195, 1491487823.272652, 1491487854.010786, 1491487880.698985, 1491487907.701209, 1491487940.298161, 1491487964.091526, 1491487992.858031, 1491488017.402668, 1491488044.65539, 1491488070.434883, 1491488098.166739, 1491488129.643926, 1491488153.339495, 1491488175.97951, 1491488197.471478, 1491488218.673649, 1491488246.876581, 1491488275.937658, 1491488299.098947, 1491488327.728481, 1491488351.949404, 1491488380.470541, 1491488410.750318, 1491488435.41718, 1491488463.694994, 1491488491.604251, 1491488518.486833, 1491488545.171605, 1491488567.090945, 1491488589.401696, 1491488610.827215, 1491488635.544071, 1491488666.044941, 1491488696.036687, 1491488728.232117, 1491488754.880698, 1491488784.484161, 1491488807.310002, 1491488831.474579, 1491488854.904363, 1491488878.983088, 1491488902.201121, 1491488929.837504, 1491488957.256973, 1491488986.450405, 1491489011.495741, 1491489038.17909, 1491489065.864181, 1491489091.063494, 1491489121.092658, 1491489149.020304, 1491489172.338944, 1491489196.543483, 1491489224.646011, 1491489249.073366, 1491489276.971633, 1491489303.21427, 1491489329.136891, 1491489356.134147, 1491489380.594339, 1491489406.277144, 1491489432.866385, 1491489463.2229, 1491489487.884406, 1491489509.463369, 1491489533.777229, 1491489563.31601, 1491489590.203372], "rewards": [-112.47774062620732, -101.95846106745988, -84.248300361895929, -75.598360326575872, -63.835254341706452, -54.868432803324374, -48.606862838911724, -42.236867952655828, -36.580190525283733, -32.068348940577245, -28.268368686823827, -25.001322340516644, -22.648001533765218, -20.434931611216765, -19.302340088760072, -16.685727318181325, -15.351531960775988, -13.757444762435869, -13.82786933217049, -11.960773031984507, -11.642205751442837, -10.945406967944107, -10.45254543764549, -10.284632662166519, -9.2652302609851684, -9.3180283496841785, -9.4475940746258846, -9.0544397963248802, -9.252598607493125, -8.4082074825962678, -9.3292457631552441, -8.6859433684486529, -8.4428966489659913, -8.5726052606700236, -7.7764936031974079, -7.8879294981807266, -7.8374526595478367, -8.0489953978192368, -8.1341490096288585, -8.4482191592801197, -7.7833407519658007, -7.6337161422978843, -7.382380887925061, -8.0090708254485854, -7.5188605153998029, -7.6155756494994469, -7.4320022024164976, -7.2479410164765623, -7.6617562162471176, -7.4405909281640099, -7.7983353554974801, -7.5013658715921592, -8.2103961301605572, -7.3317084140916311, -7.5779459162900276, -7.1189809626827438, -7.6805151001100516, -7.8451036334406181, -7.2712058647753572, -7.3906962919764796, -7.1033510750671409, -7.022639319906494, -6.4573311878406754, -7.1779497314033156, -7.0194390362253385, -7.0905907026143726, -7.2934534241235669, -7.3588135043941563, -7.2475417836491154, -7.0401297660085422, -6.3726747038907039, -6.9808631046790115, -6.5962735799759242, -7.0675860292291679, -7.1369225235538076, -6.594333694559797, -7.021942529316874, -7.0822933222570716, -6.812363808792381, -7.6170375999850686, -7.2150397651897329, -7.0173014876435387, -6.997629726641188, -6.8705432153344415, -6.6040798588351279, -6.7552662420552672, -7.7763236340402226, -6.7746857534578204, -6.9728684477924059, -6.828848128023008, -7.1767718464616346, -7.0864459932038173, -6.7319975922162767, -6.7287966755287121, -6.93270941079202, -6.2052167468738455, -6.6472556278331902, -6.8253794594862152, -7.1610741069906085, -6.5857250467607136]}