{"timestamps": [1491157153.250606, 1491157164.172394, 1491157174.455542, 1491157183.712137, 1491157192.903469, 1491157202.821292], "initial_reset_timestamp": 1491157148.120167, "episode_types": ["t", "t", "t", "t", "t", "t"], "episode_lengths": [100, 100, 100, 100, 100, 100], "episode_rewards": [-1542.5729912198083, -1265.144250504419, -1400.4581607229898, -1178.5462432499855, -1275.9470807168793, -1502.7043151828234]}