{"timestamps": [1491497928.008731, 1491497985.452823, 1491498047.846052, 1491498104.881627, 1491498161.298267, 1491498223.924436, 1491498282.167249, 1491498341.039966, 1491498395.200835, 1491498450.5657, 1491498508.062483, 1491498555.133101, 1491498619.611572, 1491498675.522157, 1491498727.445723, 1491498785.708156, 1491498843.404044, 1491498894.445856, 1491498946.538938, 1491499003.099743, 1491499059.011598, 1491499108.055017, 1491499164.839259, 1491499229.306233, 1491499282.135874, 1491499337.96814, 1491499394.012782, 1491499456.42191, 1491499513.487819, 1491499570.585747, 1491499629.097743, 1491499686.751691, 1491499744.644717, 1491499806.174272, 1491499848.062388, 1491499897.899247, 1491499956.495998, 1491500013.727489, 1491500075.568223, 1491500123.508924, 1491500175.645087, 1491500226.462759, 1491500288.360317, 1491500351.446293, 1491500415.681794, 1491500468.211445, 1491500520.091562, 1491500578.448343, 1491500634.328336, 1491500692.824152, 1491500756.320258, 1491500807.598064, 1491500866.295735, 1491500924.144284, 1491500980.758576, 1491501037.167836, 1491501087.624762, 1491501147.91634, 1491501196.813195, 1491501256.985669, 1491501314.546012, 1491501370.983666, 1491501422.107316, 1491501474.887488, 1491501531.186392, 1491501587.462687, 1491501638.802923, 1491501688.377939, 1491501733.803537, 1491501780.88793, 1491501829.708893, 1491501881.693566, 1491501934.258382, 1491501986.882938, 1491502038.107276, 1491502086.644225, 1491502138.255236, 1491502195.995284, 1491502245.457422, 1491502293.583804, 1491502344.530112, 1491502392.963233, 1491502441.12015, 1491502493.258332, 1491502543.300394, 1491502596.467382, 1491502653.16222, 1491502709.419903, 1491502765.630297, 1491502825.914382, 1491502883.933217, 1491502940.643636, 1491502998.214132, 1491503064.52641, 1491503122.66747, 1491503171.949039, 1491503228.314432, 1491503286.615951, 1491503346.98892, 1491503393.357415], "rewards": [-843.08495852994247, -816.1279094519075, -746.74299089000112, -671.71813364796139, -613.28783666894299, -544.83628336131528, -500.58367218833109, -449.96989631117975, -412.62491092639522, -376.35018796346151, -338.39346634785676, -310.82639559693308, -282.03298347276422, -263.93887837389798, -237.03431877475339, -216.02294239514799, -203.86284711044266, -182.57047394484246, -168.83329146355894, -155.93278197380118, -144.98468358208322, -133.51113747016242, -122.5455377980843, -115.09775921899862, -107.7562011364076, -98.204757823888755, -92.952262110941518, -86.755564160045964, -81.712316385729252, -76.898171003354875, -72.667614451602574, -69.142255697721168, -65.932526520872869, -63.177667302840383, -59.524506875727631, -57.004905033116131, -54.471779102794841, -52.893398845133667, -51.05880610597179, -49.048457775319406, -48.455137000766257, -45.752161637101175, -44.655178244315877, -43.477380346667658, -41.806957524738607, -41.198092082979663, -38.941424045886173, -38.448924572243435, -37.22400881888538, -35.305815117197675, -34.628022785245712, -33.501986480936218, -34.1146853744862, -31.977067628898109, -31.733484074373695, -30.599820761483993, -29.882998151690913, -29.174136297748301, -27.667049095686274, -26.882449046634825, -26.79604796207434, -26.69598537741404, -24.797597345286963, -24.342053827001212, -22.549627162142578, -21.839835540235867, -20.955474169228701, -21.019711777196235, -19.547883460950974, -19.406918318153913, -18.057624198851837, -17.553107335891401, -16.907304495807928, -16.838744098240014, -15.812823623552246, -15.74489202767051, -14.871190078033374, -14.33616413730347, -14.201554416303711, -13.601692593420159, -12.757073738840809, -12.206341332103998, -11.691327862965197, -11.644662530767848, -11.41524261896323, -11.221700449054081, -11.083953838286059, -11.050322801989303, -10.581264165319183, -10.63658257118583, -10.255291321599573, -10.030146909523635, -10.053388674417425, -9.9272783471012076, -9.498441149690283, -9.4618182144994236, -9.355721456513308, -9.1968838479986275, -8.9241177793859201, -8.7250791411383499]}