{"timestamps": [1491429797.266614, 1491429813.926715, 1491429828.949791, 1491429843.200473, 1491429860.515747, 1491429877.813856, 1491429893.389502, 1491429912.704353, 1491429930.608458, 1491429943.82481, 1491429957.958393, 1491429972.450129, 1491429987.051642, 1491430002.626679, 1491430017.801727, 1491430034.550383, 1491430049.400385, 1491430062.969654, 1491430078.60354, 1491430096.368864, 1491430111.369885, 1491430126.442726, 1491430143.166672, 1491430159.28286, 1491430173.075497, 1491430189.05637, 1491430206.742633, 1491430220.78332, 1491430235.757628, 1491430251.086234, 1491430265.706834, 1491430281.549761, 1491430296.231996, 1491430315.061045, 1491430333.966182, 1491430347.83208, 1491430367.453801, 1491430383.562173, 1491430400.845641, 1491430419.662743, 1491430435.290928, 1491430450.349548, 1491430468.921065, 1491430486.430133, 1491430501.355078, 1491430517.540625, 1491430532.914065, 1491430546.527944, 1491430563.423296, 1491430579.572113, 1491430595.065225, 1491430610.396719, 1491430625.714871, 1491430642.20905, 1491430656.816448, 1491430672.163716, 1491430687.881128, 1491430706.18297, 1491430722.299133, 1491430737.732142, 1491430751.060509, 1491430769.680714, 1491430783.631033, 1491430799.68186, 1491430814.635844, 1491430831.767646, 1491430845.756757, 1491430865.15758, 1491430877.524849, 1491430894.140987, 1491430909.222515, 1491430923.811432, 1491430939.127159, 1491430957.650555, 1491430974.361545, 1491430990.799685, 1491431006.27337, 1491431024.289064, 1491431039.174978, 1491431050.485559, 1491431065.629128, 1491431082.954954, 1491431099.656165, 1491431115.723002, 1491431131.64408, 1491431146.446244, 1491431164.721773, 1491431181.131779, 1491431197.122844, 1491431214.757779, 1491431230.553704, 1491431247.171372, 1491431262.454848, 1491431279.201161, 1491431295.890334, 1491431313.30118, 1491431327.525155, 1491431343.78601, 1491431359.150095, 1491431373.656665], "rewards": [-156.82289013472393, -127.8665865713661, -115.55309596348525, -100.19885878398982, -82.514689799382808, -71.320266298565699, -62.606429298419201, -53.478780563316747, -46.828208183090737, -40.50575488554437, -35.765156391745755, -31.527457537844239, -27.283441923226878, -25.107186105595314, -22.402645006294168, -20.198630096963473, -18.818525780907017, -17.083825271537162, -16.2689824386018, -14.775699267398801, -14.393205474859878, -14.029419749090899, -12.752033658875387, -13.052903398140895, -12.289255554408076, -11.857573505092562, -11.957254385876807, -11.548254372267634, -11.437852071049566, -10.999575845889385, -11.445433650691003, -15.113049844315332, -11.7060556194209, -10.383717043716878, -10.661401307883644, -11.10454924407532, -11.013924832711355, -10.949624854729789, -10.81801810609173, -11.414808005759701, -10.705953817910475, -10.881930187069242, -11.675879731938648, -11.301050658017063, -11.148944957402824, -10.98772316123306, -10.878764929444669, -10.881604653147809, -11.480292003432949, -10.368097768215991, -10.513354648214081, -10.238837021872008, -10.882496628288331, -10.855677888463918, -10.62367108720475, -10.979851029505157, -11.057764328851613, -10.955755201544775, -11.005504277363, -10.49235326851209, -10.847470656636061, -11.109524073573498, -10.698367965745893, -10.883914361999308, -10.818378835115016, -11.470251197863464, -11.200998258383349, -11.414383665164571, -11.814596599792482, -11.06237744543294, -10.122964950534341, -11.180221166084021, -10.248619981287, -10.665311592052918, -11.019823122562544, -10.535148738030834, -10.333956654985322, -10.378555414488954, -10.136135973176273, -10.143570943067195, -10.007745172156346, -9.1040584739510351, -11.103573132699781, -10.516127037087236, -10.301514963614986, -10.024633422447769, -10.644681156152815, -10.715054927606021, -10.644957978064815, -9.5998937473527732, -9.6265717990105664, -9.8234553118919656, -9.7543668127364835, -9.9021502366988425, -9.4088490073941724, -9.2704231151707575, -8.982218773424691, -8.8236511123924295, -8.6471460969348364, -8.4789135756832543]}