{"timestamps": [1491433829.175492, 1491433857.769197, 1491433893.480396, 1491433940.045906, 1491433988.283078, 1491434043.717254, 1491434094.821899, 1491434147.917448, 1491434194.707683, 1491434245.055205, 1491434297.486634, 1491434351.146831, 1491434402.275823, 1491434455.897034, 1491434506.29762, 1491434563.08483, 1491434610.276596, 1491434666.647953, 1491434721.942338, 1491434780.432079, 1491434833.339339, 1491434890.648002, 1491434942.943565, 1491434996.600442, 1491435044.574412, 1491435099.476026, 1491435149.013904, 1491435199.949122, 1491435257.722324, 1491435313.327593, 1491435362.493469, 1491435419.774876, 1491435476.384525, 1491435529.061092, 1491435582.858247, 1491435641.759787, 1491435690.655376, 1491435745.498684, 1491435793.81476, 1491435847.066311, 1491435897.163171, 1491435953.861466, 1491436006.542479, 1491436059.897279, 1491436113.921752, 1491436168.086371, 1491436220.369607, 1491436271.777156, 1491436324.133887, 1491436379.605792, 1491436433.670518, 1491436487.286039, 1491436542.590901, 1491436598.645015, 1491436651.309979, 1491436706.679895, 1491436760.781945, 1491436813.13416, 1491436869.942294, 1491436927.440294, 1491436978.878751, 1491437030.282589, 1491437082.626713, 1491437135.838629, 1491437186.851579, 1491437243.953833, 1491437299.168315, 1491437350.242058, 1491437399.263594, 1491437436.502337, 1491437470.578684, 1491437506.018349, 1491437535.904662, 1491437564.085417, 1491437591.991575, 1491437620.216675, 1491437647.782137, 1491437674.485341, 1491437702.227752, 1491437731.011089, 1491437758.923856, 1491437787.067932, 1491437814.9362, 1491437842.6396, 1491437870.958282, 1491437898.229291, 1491437927.201238, 1491437956.289121, 1491437984.762692, 1491438012.439672, 1491438040.548629, 1491438068.801377, 1491438096.289393, 1491438123.691754, 1491438152.57693, 1491438180.280653, 1491438208.564287, 1491438236.379561, 1491438263.099707, 1491438288.907558], "rewards": [-1064.2070422957786, -1075.5720721681757, -1006.9305667760458, -959.64108050421351, -894.85602401053052, -867.49020507596742, -845.68902507308928, -808.36249222157301, -753.71448450051912, -725.08363459037139, -684.21464625418582, -668.60997398853317, -641.28154837055786, -615.54467282558153, -576.38774168497685, -557.66605344953496, -534.05629133695493, -505.63332501373009, -488.98072445015589, -465.58607627063844, -446.57150323553827, -421.88401730286148, -399.84366652367657, -376.27976796906631, -365.55048235148161, -348.64475120738638, -336.17943839933616, -324.14027691950986, -304.03347746249938, -297.88418551671379, -284.46033502415065, -272.64366919096409, -259.41094620201812, -254.09602239367828, -245.02462464763943, -238.12084093259884, -228.08170690480824, -226.55594209508979, -217.40700879589502, -213.02074395232086, -208.04529507273449, -199.87990562823077, -197.33766328702194, -192.19399645112898, -186.89806733829897, -184.00218246250478, -177.10271187118829, -171.97551356700188, -168.22419149105679, -164.90184036459735, -159.97643871665375, -158.16193422085152, -154.56412125601909, -153.02257813599414, -150.20185053213217, -148.80955420617445, -144.28330058481058, -142.47088055204296, -139.27011553601275, -136.09055647392555, -136.71974488737479, -131.9091384293904, -129.13577125538851, -131.54446996316474, -126.03613139071511, -125.64019517208533, -122.53875525052868, -120.84938575215173, -122.20116282271687, -117.85533261035856, -116.27316575925742, -116.74646426004003, -114.98961071324838, -113.48975808756364, -110.33158499304031, -109.78167728837877, -106.58322279299608, -105.29896371715813, -101.0966982178735, -101.2613564839117, -98.228438255158267, -97.594693869799826, -98.532496636096127, -92.35760083737847, -92.825221086374569, -93.462299585969575, -91.516780641046807, -87.669980691918056, -87.645212779452976, -83.075225490819534, -81.509297768794909, -81.381538251125562, -77.195549505954205, -78.254108902484816, -76.89060343691807, -75.539753304464739, -72.307309563693082, -75.201392272787373, -74.365707618775502, -71.514951682069253]}