{"timestamps": [1491463375.969346, 1491463422.258494, 1491463464.852505, 1491463515.300303, 1491463567.14335, 1491463618.230982, 1491463666.12829, 1491463707.239525, 1491463755.010228, 1491463802.821745, 1491463848.18653, 1491463895.558561, 1491463942.926797, 1491463992.152662, 1491464033.549162, 1491464082.75925, 1491464130.619671, 1491464178.280944, 1491464229.559582, 1491464270.083553, 1491464324.100033, 1491464375.407459, 1491464420.383647, 1491464473.312117, 1491464520.755628, 1491464574.2309, 1491464620.757565, 1491464669.819724, 1491464716.527126, 1491464767.162177, 1491464816.660889, 1491464865.221501, 1491464915.350917, 1491464965.065059, 1491465016.72876, 1491465064.752262, 1491465112.044264, 1491465158.881001, 1491465207.558713, 1491465259.04827, 1491465306.679343, 1491465355.781727, 1491465404.399085, 1491465451.003974, 1491465497.830653, 1491465550.97795, 1491465602.333138, 1491465646.513251, 1491465695.831509, 1491465745.520686, 1491465796.378857, 1491465847.733464, 1491465897.748995, 1491465947.234647, 1491466001.402594, 1491466045.365807, 1491466090.488215, 1491466140.983833, 1491466188.984129, 1491466236.726575, 1491466286.544358, 1491466331.98216, 1491466379.119617, 1491466426.661315, 1491466482.364195, 1491466530.747947, 1491466579.872401, 1491466630.927565, 1491466678.427267, 1491466729.153704, 1491466777.573341, 1491466826.889192, 1491466876.870835, 1491466922.280714, 1491466966.633651, 1491467016.703841, 1491467070.545972, 1491467122.889317, 1491467172.268542, 1491467215.904679, 1491467263.464343, 1491467304.79999, 1491467353.851856, 1491467408.397666, 1491467455.252314, 1491467505.071044, 1491467555.468714, 1491467609.799309, 1491467658.830359, 1491467706.054234, 1491467754.682102, 1491467807.908759, 1491467862.745348, 1491467917.55036, 1491467966.639491, 1491468015.477066, 1491468061.424908, 1491468110.543579, 1491468155.998324, 1491468205.455261], "rewards": [-577.830299068772, -559.666927343785, -502.16890601316385, -454.0231045537484, -403.88371796858235, -368.81951604175345, -331.6997694224998, -301.48053768426183, -275.57625791070404, -247.08366900322602, -227.95615853021275, -204.14099696162256, -186.78970364673376, -171.33631574208812, -156.99160837113084, -143.81148474945363, -131.36164307174863, -121.38979172064506, -112.92643582971039, -104.41654375442438, -97.14767702425439, -89.37166860008489, -84.54872380438134, -79.33188621835308, -74.23612917813328, -69.55773465017838, -66.48132241391284, -62.28135197037464, -59.13911753241327, -56.70103622180071, -53.79455792781662, -52.274933379007756, -50.08628874710305, -48.291787198011214, -46.63468671728319, -44.87194117740728, -43.49177835887659, -42.057626835763294, -41.036758033013555, -39.75067529499705, -38.683426115314326, -37.92532441651859, -37.43455919470419, -35.47458463600491, -34.932645197038994, -33.375592776691505, -33.04962956949575, -31.794202408215675, -31.48309616047375, -30.596031048624496, -29.853089390957177, -29.136175911193032, -28.220488397411305, -28.208463783033448, -27.3381703147673, -27.001169222149571, -26.425045306123977, -25.895184520268462, -25.312518876159707, -24.623729182931335, -23.722090542793421, -23.340306492254946, -22.868031071449572, -22.590675036203024, -21.67510574658079, -21.926325503347549, -21.202778368554895, -21.331782465210207, -20.74486205625626, -20.270257964543454, -20.380523572429439, -19.916686806634754, -19.644575598814434, -19.744529413481906, -19.500286369706075, -18.879039219142509, -18.78336114276884, -18.933921535476539, -18.735787720250173, -18.45282047834591, -18.590208764772896, -18.341526524531695, -17.673619401850754, -18.386175500589552, -17.597434194815818, -17.964965288937222, -17.714355609371577, -17.266925926559182, -17.574518891190039, -17.204178844676406, -17.143811760481853, -16.397649525235508, -16.627355800625242, -16.530997578315279, -16.33701275385938, -16.816139718086891, -15.975527614290755, -16.29846898043353, -15.923924766777407, -16.091389044842359]}