{"timestamps": [1491423963.439174, 1491423990.388966, 1491424015.958116, 1491424043.212677, 1491424071.90154, 1491424101.320711, 1491424130.256327, 1491424158.661894, 1491424186.948728, 1491424216.288056, 1491424244.621724, 1491424273.755354, 1491424303.153377, 1491424332.381609, 1491424361.501343, 1491424390.886573, 1491424420.088903, 1491424448.882763, 1491424478.129976, 1491424507.279587, 1491424537.077465, 1491424566.793639, 1491424596.1357, 1491424625.719389, 1491424655.255089, 1491424684.904954, 1491424713.59041, 1491424742.530249, 1491424770.761441, 1491424800.012963, 1491424828.805624, 1491424858.330674, 1491424887.079244, 1491424916.024139, 1491424944.817997, 1491424974.045004, 1491425002.869917, 1491425032.011235, 1491425060.560616, 1491425089.763102, 1491425117.943472, 1491425146.528032, 1491425174.426641, 1491425204.064937, 1491425233.105949, 1491425262.496129, 1491425292.854863, 1491425321.04466, 1491425351.323014, 1491425381.202681, 1491425411.574659, 1491425453.764179, 1491425511.17389, 1491425556.32833, 1491425603.074436, 1491425650.629969, 1491425703.654684, 1491425751.485259, 1491425803.350105, 1491425853.689425, 1491425904.813273, 1491425948.71363, 1491425995.969471, 1491426050.784179, 1491426101.437477, 1491426152.389059, 1491426206.170549, 1491426255.656082, 1491426309.360723, 1491426364.112043, 1491426419.552274, 1491426474.351156, 1491426524.121581, 1491426579.014175, 1491426631.662349, 1491426685.902317, 1491426738.266297, 1491426796.152995, 1491426840.836517, 1491426888.441552, 1491426942.08109, 1491426996.88321, 1491427047.833796, 1491427101.211166, 1491427154.99565, 1491427203.923876, 1491427254.622718, 1491427302.608769, 1491427348.236119, 1491427397.582264, 1491427447.939171, 1491427496.297839, 1491427548.623931, 1491427601.083513, 1491427651.869762, 1491427701.777261, 1491427753.642803, 1491427807.822973, 1491427858.340917, 1491427904.158422], "rewards": [-493.67247926259421, -471.20756111830144, -421.08538097332888, -375.06728492809913, -344.27427274035887, -307.61969978161903, -277.6735925333424, -247.71266553659368, -228.43255043877457, -207.99554044883567, -186.60208626666824, -167.63086163034382, -156.1442954040302, -142.77172295878606, -130.31997420444293, -118.89600741894647, -109.18023316722312, -100.34575826852084, -91.793178359490881, -85.971726065495062, -80.296706826006186, -74.012622200852604, -70.032881878560715, -65.273232272979115, -61.355724295539268, -57.189438419320879, -54.410811880162953, -51.985368878875036, -49.833460406945903, -47.002312879846137, -44.425680579243398, -42.952444787820106, -41.631333254351567, -40.414470407549736, -39.332626562823016, -38.662899413936167, -36.183915072861126, -35.300740278190126, -34.572809051203116, -33.490246619518601, -31.769272968450693, -31.155531402389453, -30.430998388495922, -29.393135340902141, -28.61978995425536, -28.491322488406084, -27.79891370528188, -27.481596099603234, -27.032388563748345, -26.813953861492024, -26.240227316470005, -25.392428259231419, -25.363053007371278, -25.074291128548147, -24.587217364621019, -24.485716916463424, -24.14940461286033, -24.051230455087406, -23.638817566443024, -23.31973347740886, -22.967055979589372, -22.888310333846285, -22.334886723629726, -22.391012456177091, -22.661219415018035, -22.47072302306707, -22.05392046870972, -22.307701134905432, -21.878654580199747, -21.827868305391902, -21.484506315018979, -21.352104015019144, -21.212274345881639, -20.872664560382187, -21.039459906282488, -20.549060035262347, -20.530267093688586, -20.425675747087663, -20.469973838130123, -20.196549287717673, -20.169145211105313, -19.812540721852319, -19.910851775042637, -19.985395735430256, -19.473349613161155, -19.623884024596144, -19.81668133598642, -19.709628092040056, -19.711193287621072, -19.27677561811123, -19.440961982880875, -19.194314420634061, -19.117431088801052, -18.854333550294871, -19.002089578880749, -18.709359480534339, -19.191920425608451, -18.978268274843821, -18.765389811680794, -18.293214661289351]}