{"timestamps": [1491486972.735634, 1491486997.150393, 1491487024.447609, 1491487050.466294, 1491487074.807054, 1491487102.132386, 1491487133.866627, 1491487160.09346, 1491487184.706458, 1491487214.475961, 1491487239.159036, 1491487271.305133, 1491487299.614827, 1491487325.13398, 1491487351.14762, 1491487373.358281, 1491487398.69611, 1491487424.407105, 1491487451.613701, 1491487475.232322, 1491487499.555966, 1491487530.891515, 1491487557.057262, 1491487583.393676, 1491487605.538948, 1491487628.343955, 1491487655.513753, 1491487682.987366, 1491487709.623063, 1491487736.933096, 1491487764.6137, 1491487790.309799, 1491487818.633657, 1491487846.232934, 1491487872.57105, 1491487898.864771, 1491487920.747691, 1491487948.310626, 1491487978.464021, 1491488006.473572, 1491488033.163932, 1491488060.521584, 1491488086.861287, 1491488110.467978, 1491488137.459978, 1491488166.910409, 1491488193.22179, 1491488220.44968, 1491488243.69156, 1491488264.572587, 1491488291.081871, 1491488319.417178, 1491488348.354531, 1491488375.041749, 1491488398.394492, 1491488426.222658, 1491488455.471428, 1491488483.649894, 1491488510.170571, 1491488537.911579, 1491488563.547586, 1491488588.036936, 1491488617.687151, 1491488643.292107, 1491488668.385284, 1491488695.80425, 1491488719.073605, 1491488750.37239, 1491488774.617624, 1491488805.099483, 1491488830.237646, 1491488860.434882, 1491488885.731137, 1491488915.326881, 1491488943.637411, 1491488971.411466, 1491489000.354587, 1491489025.630003, 1491489052.426193, 1491489081.021412, 1491489110.34768, 1491489142.403181, 1491489168.141397, 1491489196.233739, 1491489217.597891, 1491489243.355414, 1491489265.366188, 1491489293.707275, 1491489322.205919, 1491489350.03756, 1491489378.81326, 1491489406.953615, 1491489433.402496, 1491489457.980091, 1491489483.496294, 1491489510.344365, 1491489532.093038, 1491489561.736943, 1491489585.702576, 1491489606.068378], "rewards": [-456.05930600760911, -403.95279966784324, -348.25841063177728, -304.52331476238197, -262.82840035452818, -211.68626584902421, -165.05902195609534, -131.32916906008677, -112.22184489376113, -92.733545912088417, -80.970754773518962, -67.400692474974704, -57.924386402832432, -50.836043703282343, -43.031658044616904, -36.076704201401583, -32.417012610543857, -28.821777208100016, -25.646397520158519, -23.117079281850486, -20.296141234252339, -19.242280799717399, -17.111677626062686, -15.646447652889272, -14.466227559713554, -13.634961694166632, -12.910590682478293, -12.753969539443979, -11.733942278913053, -11.25287089506114, -11.323964565704124, -10.528072619258904, -10.82751491746888, -9.9747332972370231, -10.072533745647842, -9.1094153270881595, -9.1104408785209099, -8.7961919773450763, -8.8239916029727219, -9.3320024285842287, -8.9749977648148853, -9.1014032824209377, -8.3786182305988746, -8.5328808862069732, -8.4116479536820332, -8.4326229279590272, -7.8744310133819218, -7.9712294714728698, -8.3893563382727319, -8.054266601021995, -7.7082238386831019, -7.3469851749250861, -8.6300951977010474, -7.6719079555678498, -7.7243187366214183, -8.2399506305456836, -7.5673969390383009, -8.1544225052686006, -7.303262831854398, -7.258515718453971, -8.2165793841641879, -7.6037730880588255, -7.4386916985341589, -7.1400786501576476, -7.2560936588712108, -7.5483781853176417, -7.7614899759307239, -6.9621825171675269, -6.9434377605519391, -6.6637328407901553, -7.1410906371667728, -7.9608837880640468, -7.0937940694687862, -6.6363261830082072, -7.3190089646693108, -7.0983502282966855, -7.2384050266868281, -7.4033555085477998, -7.5050747442336565, -7.0862360808471001, -7.1273084345549771, -5.8951085108105739, -6.9252157070765028, -7.1221347012747014, -7.3713869453762664, -7.7238575192298811, -6.893168808281497, -7.3429860378178304, -6.7545803092848367, -6.6865299095477004, -7.0855139107633374, -7.2842520779599695, -6.9964233044679496, -7.4664255472708545, -6.9684732986165638, -6.8014890577510529, -6.4483250954847371, -7.1898813332235658, -6.955144649474887, -6.3730716587833856]}