{"timestamps": [1491429763.562985, 1491429777.99291, 1491429791.260405, 1491429808.024062, 1491429823.020758, 1491429838.001072, 1491429854.816844, 1491429873.455875, 1491429889.400912, 1491429907.895553, 1491429923.89704, 1491429941.689733, 1491429958.68843, 1491429974.86784, 1491429989.389992, 1491430003.507212, 1491430021.355057, 1491430038.91614, 1491430055.554201, 1491430072.358679, 1491430089.57252, 1491430104.368038, 1491430118.73706, 1491430134.596283, 1491430150.67568, 1491430166.957044, 1491430182.653834, 1491430200.746423, 1491430216.804125, 1491430233.175004, 1491430249.034462, 1491430261.34581, 1491430275.021773, 1491430291.276294, 1491430306.04027, 1491430320.498091, 1491430336.64396, 1491430354.036379, 1491430371.065823, 1491430388.445878, 1491430404.135033, 1491430422.147295, 1491430436.327807, 1491430453.665292, 1491430468.288567, 1491430483.298005, 1491430494.586376, 1491430506.972042, 1491430519.54801, 1491430535.068468, 1491430547.395632, 1491430562.699014, 1491430576.884567, 1491430593.975639, 1491430608.915685, 1491430625.095478, 1491430641.189184, 1491430654.572951, 1491430670.680338, 1491430687.115945, 1491430706.164422, 1491430722.993752, 1491430738.365792, 1491430756.052876, 1491430770.911706, 1491430785.658553, 1491430802.641067, 1491430820.623609, 1491430834.208933, 1491430849.34746, 1491430864.38433, 1491430882.67691, 1491430900.323006, 1491430917.572879, 1491430931.955437, 1491430946.302329, 1491430964.394018, 1491430979.715546, 1491430995.417541, 1491431012.552093, 1491431030.567301, 1491431046.438922, 1491431060.455265, 1491431076.843799, 1491431090.489422, 1491431104.137223, 1491431121.003954, 1491431136.25015, 1491431151.629326, 1491431170.121127, 1491431187.12702, 1491431201.956342, 1491431214.780582, 1491431231.64166, 1491431246.644687, 1491431261.389345, 1491431275.341385, 1491431292.715979, 1491431310.285233, 1491431323.399332], "rewards": [-159.2230554215883, -143.54434411164587, -123.84049407612544, -105.50039675286733, -89.71214755080149, -77.301676020262832, -65.667758003974512, -56.370004747834876, -48.332386015781722, -42.734276201870379, -37.307663126646617, -32.652822160172803, -27.826591917688805, -25.060311842333881, -22.485184355243174, -20.428736617489573, -18.275986033648532, -16.664724371541659, -15.646211777610485, -14.141292865471566, -13.732938965438752, -12.515980249479471, -11.532511483868085, -10.893558176869377, -10.265457508869464, -10.205099500553702, -10.667469559531655, -9.3816515142192607, -9.2472922103375499, -9.4847127425286537, -9.3172547877636216, -8.8964005381593569, -8.5169578582937842, -8.0308710810740429, -8.2935455579106367, -7.5296587325411268, -7.8417657377858703, -8.0144474505535115, -8.1775477202056717, -7.5381200135903272, -7.9102897114025703, -7.5481321415454659, -7.3036953877012545, -7.4555646342743742, -7.3954749256746117, -7.8908540930286923, -7.0535050222844209, -7.5586676330809519, -6.7450753105915844, -7.6328601774113656, -7.2147386289027189, -7.6853885190765334, -7.1599408894872081, -7.3319462903428141, -7.1591237243791683, -7.1321356376061829, -7.1888091688905762, -7.2678681221070223, -7.6744861729004574, -6.8620322849006934, -7.3630911039723363, -7.7503795490427807, -7.7052402024684348, -7.7329254892330672, -7.8531688162570514, -7.2369394022203544, -7.8070470946504278, -7.0809686419199167, -6.9046519720572572, -7.1717181075024214, -7.252045899707257, -7.7001093065179438, -7.9712466691867601, -6.9920224077842219, -7.2594590142818438, -7.6300707223446862, -6.9486170418767639, -7.3694904151388085, -6.8262672636508919, -7.2565013395232567, -6.7202425807663175, -6.4689583221295868, -7.1758490048607086, -7.228455300914554, -6.4882938720715639, -7.2468871984150294, -7.1076698003025118, -6.7838731708907503, -6.7504293569959497, -7.148397218184642, -6.9061726392009071, -7.4089040320693371, -7.1096545705063257, -6.7009912791305535, -7.4823805150938787, -6.6099212597381385, -6.2230307378132581, -6.7233445434308523, -6.8922974827920607, -7.1556934096650595]}