{"timestamps": [1491463383.167707, 1491463396.143406, 1491463408.340351, 1491463425.372771, 1491463445.39595, 1491463462.525299, 1491463477.216534, 1491463493.654712, 1491463511.107603, 1491463530.663899, 1491463546.40495, 1491463561.36076, 1491463576.156753, 1491463591.047565, 1491463605.695328, 1491463620.039628, 1491463634.674542, 1491463650.038505, 1491463665.600695, 1491463680.538426, 1491463695.346388, 1491463710.136877, 1491463724.837397, 1491463739.478582, 1491463754.746145, 1491463770.044903, 1491463784.786832, 1491463799.750296, 1491463814.828573, 1491463829.450726, 1491463844.288218, 1491463859.391945, 1491463874.348547, 1491463889.394997, 1491463905.149876, 1491463919.895463, 1491463934.643256, 1491463949.594837, 1491463964.673334, 1491463980.032459, 1491463994.768745, 1491464009.61165, 1491464024.206851, 1491464039.10089, 1491464053.824668, 1491464068.887236, 1491464083.845806, 1491464098.230775, 1491464112.839884, 1491464127.329954, 1491464143.560535, 1491464158.475294, 1491464173.361752, 1491464188.099977, 1491464203.647486, 1491464218.363414, 1491464233.24189, 1491464248.024359, 1491464262.774102, 1491464277.482572, 1491464292.156069, 1491464307.107508, 1491464321.636382, 1491464336.281739, 1491464350.918267, 1491464366.098232, 1491464380.968762, 1491464395.833575, 1491464410.687428, 1491464425.398696, 1491464440.286118, 1491464454.985613, 1491464469.556927, 1491464484.323615, 1491464499.961895, 1491464514.581867, 1491464529.11596, 1491464543.730771, 1491464558.527954, 1491464573.065836, 1491464587.724972, 1491464602.492957, 1491464617.360925, 1491464632.089124, 1491464646.786241, 1491464661.678169, 1491464676.432953, 1491464691.19695, 1491464705.849673, 1491464720.516339, 1491464735.203569, 1491464750.1395, 1491464764.896593, 1491464780.687969, 1491464796.320586, 1491464811.628141, 1491464826.615698, 1491464841.353627, 1491464856.072062, 1491464870.63854], "rewards": [-176.59471243216819, -158.99430597802353, -134.31913007524332, -116.78887357199029, -98.714893112223237, -84.648201347378162, -73.250277521561671, -62.785101946744675, -54.756885324473231, -47.431785492855987, -41.703439787846911, -37.150817728409017, -32.38666997866477, -29.459064631321215, -25.751284899232566, -23.675230062127575, -21.25553578148271, -20.041755129240553, -18.531220381294876, -16.969350145740403, -16.521884260962967, -15.286863683335914, -14.370037769859978, -14.457334553379178, -13.366984080898387, -12.574965910395928, -12.710896740933345, -12.056124062105969, -12.047723080056725, -11.808147135682294, -11.397924075578823, -11.376789291594132, -10.956706729138595, -10.748553727188559, -10.39427478989955, -10.588932160250845, -10.12083756467343, -10.098837287339038, -9.6403900019753852, -9.8060066237617018, -9.3012037121777524, -9.3560959944516444, -9.2045999848294464, -9.5409466590674423, -8.7640878855595936, -8.9502598970783289, -8.9458452002708722, -8.6854673076628508, -9.8081825196626848, -8.4012577078263373, -8.7506188046041196, -8.5733433888175945, -7.9637951355969996, -7.9065020399165089, -8.020841909795843, -8.0252358232426904, -7.728006419884573, -8.07190127158443, -8.803304207975259, -7.4791202323228188, -7.4346530742952464, -8.1024129527836983, -8.0205727298636731, -7.9715148906936841, -7.5206242497787317, -6.9547442441718736, -8.0776273748987801, -7.2877870958091782, -7.6993131906865253, -8.3204986694500747, -6.8622444832939768, -7.6598357791040828, -7.3614480259906792, -7.3298995405424749, -7.6541362006378071, -7.7084542881260516, -6.6272455693926879, -7.5186003147861182, -7.0781202494312003, -7.1762843709575286, -6.9158664252767919, -8.2303087651419489, -8.2006160721372492, -7.4015776727622118, -7.4822957147178961, -7.4309793797879085, -7.3547563007101777, -6.7413470672739422, -7.3450392875754904, -6.3937253273162415, -6.7402266381364484, -6.9904003592458581, -7.5966708528498597, -7.2306992755716841, -6.6942793084987207, -7.0819775054267495, -6.4710052929114026, -6.9324827519337608, -6.8855828683655425, -7.2513823395461872]}