{"timestamps": [1491737855.661951, 1491737940.976942, 1491738025.93012, 1491738110.05824, 1491738195.535627, 1491738280.359922, 1491738364.994651, 1491738450.215893, 1491738535.624982, 1491738619.950632, 1491738704.103311, 1491738789.508857, 1491738874.289198, 1491738959.787371, 1491739044.720609, 1491739129.295326, 1491739213.079722, 1491739298.375362, 1491739381.738504, 1491739465.854261, 1491739549.147002, 1491739634.443304, 1491739718.799336, 1491739803.654524, 1491739886.419287, 1491739966.417798, 1491740045.3222, 1491740124.157935, 1491740203.065168, 1491740284.282517, 1491740369.351036, 1491740452.079348, 1491740538.021914, 1491740620.513457, 1491740698.302793, 1491740777.980525, 1491740855.466485, 1491740935.024282, 1491741013.808142, 1491741092.892889, 1491741170.181519, 1491741248.179851, 1491741325.268514, 1491741403.96357, 1491741486.625596, 1491741570.128202, 1491741654.385235, 1491741735.102205, 1491741815.886317, 1491741893.04845, 1491741970.154755, 1491742046.464431, 1491742122.498229, 1491742203.005763, 1491742285.328845, 1491742369.134803, 1491742450.803001, 1491742531.422408, 1491742614.715926, 1491742698.588663, 1491742782.345222, 1491742864.903948, 1491742948.751087, 1491743030.176793, 1491743112.79194, 1491743194.780202, 1491743276.686924, 1491743358.531499, 1491743441.625681, 1491743523.317397, 1491743604.883432, 1491743688.213639, 1491743771.525724, 1491743853.351048, 1491743929.993611, 1491744006.233273, 1491744082.26906, 1491744158.775811, 1491744235.096745, 1491744310.982685, 1491744386.491642, 1491744462.159269, 1491744537.990019, 1491744613.552306, 1491744689.328971, 1491744767.98717, 1491744851.700144, 1491744932.207993, 1491745012.41031, 1491745087.630449, 1491745161.949716, 1491745237.470706, 1491745313.530129, 1491745388.567958, 1491745465.952597, 1491745549.722746, 1491745630.808691, 1491745708.720144, 1491745783.906172, 1491745859.201997], "rewards": [-1182.3736887996938, -1166.4272463581674, -1059.0469390372618, -967.0497430992513, -898.3392577307702, -822.3796074583048, -764.3686021759755, -695.1221494762502, -641.8956248899897, -584.0749200473078, -534.5960722940972, -492.05732726748374, -444.1654401661794, -413.9340085465238, -380.4482531682888, -348.84416513691343, -318.5575085503954, -302.2476655698233, -281.021214007364, -261.81272506422255, -243.16138455803244, -225.97670780790364, -212.04604578629502, -199.26034734020024, -185.70276623161828, -175.9116206837268, -161.4007313382928, -157.9400857717128, -151.78406490848937, -143.41567335497737, -136.93110921613751, -130.93221279647716, -124.86313509305361, -118.85287352648461, -113.38428348054995, -108.84726822558196, -104.32409073708087, -100.701749410454, -96.97148449148658, -94.1904807646919, -91.02153603149151, -88.58079450644168, -85.06266491410267, -82.11149124325637, -79.20750510679049, -76.66301091302371, -72.79854286033535, -69.77325366091046, -68.70471409579787, -67.57746465501661, -65.96932132402449, -64.80548828806614, -63.03466391419897, -62.12385248416699, -61.650398086454416, -59.79590454734481, -58.44270700298009, -56.89090764375486, -56.468433795639136, -55.51055350900278, -54.49668767898934, -54.30634541021786, -53.29070903200912, -52.89996741588333, -52.563041930981086, -51.285026690360276, -50.34401606607212, -50.023845436507195, -49.63172191958415, -48.562428043097725, -48.31812344981887, -47.98922198171713, -47.15182607549146, -47.37222077352247, -46.94450264057779, -45.74556158579351, -46.054766883770526, -45.63922188195007, -45.65337943938954, -44.49656516685836, -44.4547383340041, -44.37303717510224, -44.095829119079305, -43.320072769915946, -43.364733366181134, -42.12049694595074, -42.5382636679049, -42.56240236753131, -42.122600440832805, -42.8112706838229, -41.79115774545519, -42.28376969884006, -41.88875714551202, -42.348300036370645, -40.927306609063045, -41.35129049533045, -41.73416742179438, -41.36194651015317, -41.1130830212557, -40.56152326081912]}