{"timestamps": [1491433840.596428, 1491433870.258967, 1491433915.532751, 1491433963.890907, 1491434019.959869, 1491434076.96642, 1491434134.901159, 1491434185.975641, 1491434241.59765, 1491434295.169475, 1491434351.505385, 1491434405.363532, 1491434454.674493, 1491434509.663424, 1491434569.085939, 1491434623.588256, 1491434680.386891, 1491434732.267326, 1491434789.865103, 1491434844.485782, 1491434899.420845, 1491434952.033189, 1491435003.673689, 1491435058.273921, 1491435114.371822, 1491435171.047217, 1491435228.641091, 1491435279.088513, 1491435333.90331, 1491435385.181359, 1491435441.73667, 1491435498.705201, 1491435554.342645, 1491435612.642441, 1491435663.890473, 1491435715.831643, 1491435774.083131, 1491435820.810369, 1491435874.861528, 1491435931.293797, 1491435986.276585, 1491436041.969634, 1491436096.086757, 1491436150.967454, 1491436208.091308, 1491436260.616874, 1491436316.137317, 1491436372.998595, 1491436424.894766, 1491436475.491666, 1491436525.544493, 1491436578.941994, 1491436624.320219, 1491436672.860821, 1491436727.784139, 1491436783.43732, 1491436833.734849, 1491436886.624386, 1491436936.676609, 1491436988.292156, 1491437043.869321, 1491437096.674396, 1491437147.683389, 1491437196.069463, 1491437245.065562, 1491437302.987027, 1491437362.552171, 1491437407.89045, 1491437441.84148, 1491437477.974811, 1491437515.896834, 1491437546.038816, 1491437574.249363, 1491437602.66168, 1491437631.029222, 1491437659.309938, 1491437687.181605, 1491437716.833638, 1491437745.241797, 1491437773.513889, 1491437802.272532, 1491437830.447184, 1491437858.913918, 1491437887.828006, 1491437915.605582, 1491437946.376955, 1491437975.801115, 1491438004.646831, 1491438033.126084, 1491438061.872667, 1491438090.638602, 1491438119.493297, 1491438148.800304, 1491438177.773178, 1491438207.317002, 1491438236.748094, 1491438265.074707, 1491438291.24443, 1491438317.944332, 1491438344.697268], "rewards": [-980.68962516094837, -968.74773915534558, -910.21046403716002, -844.36014793733591, -808.85943520074511, -737.45788887179924, -704.83676507000791, -656.78615617447838, -621.51379315254894, -587.5406290545526, -552.337685201662, -526.32131971694571, -478.69193568371912, -478.89940734428524, -467.61621105996636, -439.79960992453204, -415.41154254617709, -397.26856762502558, -378.82158734858791, -356.89826201450762, -339.87001127987128, -323.73710465739919, -306.69086592055356, -295.84759022618692, -283.91264025459844, -268.13455255365909, -260.30487595090227, -246.74515596413855, -236.16493695046591, -227.86528941171554, -216.33571516832697, -208.29215342433011, -201.53334670655454, -195.92912951232304, -194.0470213768148, -188.93736758263316, -182.12512443347367, -177.98569941016299, -173.80465441777665, -168.29998940945458, -162.6702856286521, -162.60683340676485, -156.65726896957185, -154.90735323529248, -150.79907040751124, -146.51059009910634, -144.33960012512031, -144.0989806793894, -142.97826394175198, -138.57022954822432, -137.06833844789611, -135.06499429183395, -132.6099021665303, -131.45786108262055, -128.60509945037916, -125.66426702447907, -123.94824588522856, -121.97019412394008, -120.7550778370091, -118.67239920418177, -118.242691519912, -113.1189072171167, -114.16986176229369, -109.09195748278266, -110.31772438549484, -108.14996394933904, -107.38720332721756, -107.5303843541174, -103.80739274365799, -102.41031644807545, -103.51956538944791, -105.00611963611314, -96.285492074953922, -97.067179891918983, -98.532010456172415, -96.176533770472773, -96.948948764500784, -94.23613705420172, -91.210145867349112, -90.783795111177326, -93.636364601653057, -91.878584570021957, -93.832525200903817, -86.743868795808609, -85.79840116786751, -84.759956117062245, -86.968712142821531, -89.710830194278913, -83.810739311785497, -83.431685485244785, -83.844393631842934, -81.581884018939505, -83.190337126795797, -79.725719128958133, -81.368765375070026, -81.469995809386432, -77.391733767708445, -81.300521673635501, -77.069137314840688, -78.062404578089073]}