{"timestamps": [1491490248.800765, 1491490322.753504, 1491490397.824811, 1491490465.355812, 1491490539.470868, 1491490609.189085, 1491490671.243316, 1491490730.985286, 1491490797.704128, 1491490880.776691, 1491490956.600621, 1491491025.578037, 1491491100.139042, 1491491176.958678, 1491491240.719822, 1491491316.029351, 1491491388.980801, 1491491461.185122, 1491491536.788373, 1491491608.871805, 1491491678.830937, 1491491751.181171, 1491491820.663252, 1491491887.394546, 1491491950.046835, 1491492031.072163, 1491492094.223323, 1491492166.547965, 1491492245.657643, 1491492322.670851, 1491492387.126746, 1491492458.111666, 1491492527.434825, 1491492599.770426, 1491492660.991083, 1491492731.064021, 1491492802.677986, 1491492879.402825, 1491492955.587839, 1491493017.319778, 1491493093.709902, 1491493159.419523, 1491493239.418144, 1491493308.55644, 1491493375.933036, 1491493447.027461, 1491493515.249648, 1491493592.28604, 1491493665.688824, 1491493739.21873, 1491493808.128679, 1491493885.029698, 1491493953.664172, 1491494019.536167, 1491494095.834971, 1491494176.486988, 1491494253.695232, 1491494324.197505, 1491494392.118846, 1491494457.989633, 1491494537.223822, 1491494600.320211, 1491494666.085206, 1491494739.24473, 1491494810.882213, 1491494884.161611, 1491494952.395007, 1491495029.760025, 1491495096.782872, 1491495173.473386, 1491495250.037529, 1491495320.164838, 1491495390.720795, 1491495465.414325, 1491495540.780268, 1491495615.871169, 1491495691.635663, 1491495762.016407, 1491495840.640856, 1491495909.289097, 1491495988.240455, 1491496057.548496, 1491496126.352425, 1491496202.331194, 1491496266.174326, 1491496333.271629, 1491496412.181159, 1491496481.500887, 1491496553.773725, 1491496623.536856, 1491496692.825816, 1491496761.427408, 1491496841.317021, 1491496904.81011, 1491496978.268558, 1491497051.076183, 1491497128.399605, 1491497200.08347, 1491497266.004713, 1491497328.953859], "rewards": [-961.4646159035301, -949.74814713021635, -896.00112114253579, -835.87430458604285, -775.63271772285088, -735.75530979706264, -682.83230448249412, -649.19217053705529, -610.01310456541182, -578.077288897784, -535.41871707719179, -519.82913334804459, -487.55374790897093, -456.58424912518052, -426.23824128285509, -408.11969114952285, -381.56820585921179, -364.03713290013775, -344.68169950035468, -326.46883164835913, -309.39955639803748, -292.88413998697843, -279.54271934992414, -266.38558611828591, -255.2160830373017, -244.06288041319621, -230.88101830951229, -223.81967730899009, -212.2046137622352, -208.17785955067882, -201.73439644522298, -196.24360680944224, -188.2417129414905, -182.94724306678788, -177.28482879218393, -170.2543715905272, -165.39475779274863, -163.72188173422421, -157.0661943399972, -154.11981934675279, -151.06023290265838, -145.99832395253233, -145.04014277217763, -143.18943404175141, -141.49474370139436, -136.45066319360112, -133.34449892062355, -131.00933907828409, -130.31949832524455, -130.60997046548465, -127.15931838202464, -124.09509194016402, -125.5853876142849, -123.00326708720287, -121.66523961876554, -121.43693578575366, -117.85541957664827, -117.38794727611855, -115.33421609781355, -115.900576006214, -116.21680358091032, -111.75134087380296, -111.74323999886747, -110.39207525817547, -107.49597301689808, -104.90344044529294, -104.09241378273238, -104.22244703012791, -102.5503506352869, -101.26131273415643, -102.06190147849968, -96.535158871932012, -96.395256892954706, -93.864631802597046, -95.04968922772359, -91.902594422210299, -93.56433537770296, -93.380833077439888, -95.114586523783288, -91.177805010141597, -90.251195238815541, -87.460613540748696, -90.788391492026591, -89.005791450875947, -87.981369543558856, -87.974927547986354, -83.913585057055627, -86.157438620476171, -86.230017441862685, -85.851522170744161, -83.46704788491877, -78.388473577802273, -80.343755746203485, -76.370545379564561, -78.043725503553958, -74.47770991210156, -78.544755905226111, -74.751873277048333, -72.950103499434178, -69.652901434097345]}