{"timestamps": [1491490252.449988, 1491490324.901224, 1491490396.756357, 1491490462.553047, 1491490543.580127, 1491490619.799947, 1491490693.165907, 1491490759.366019, 1491490835.671486, 1491490906.352557, 1491490982.275535, 1491491057.661083, 1491491128.273778, 1491491200.864201, 1491491276.348171, 1491491352.596849, 1491491427.589627, 1491491498.506399, 1491491565.778423, 1491491636.549297, 1491491716.91179, 1491491781.17296, 1491491859.551695, 1491491939.78982, 1491492012.792522, 1491492081.974447, 1491492147.462159, 1491492217.871876, 1491492286.511402, 1491492362.007197, 1491492434.029337, 1491492504.028865, 1491492575.97439, 1491492647.697812, 1491492717.545552, 1491492790.356533, 1491492856.500592, 1491492923.613674, 1491492998.664577, 1491493074.453757, 1491493150.373683, 1491493225.093546, 1491493296.694689, 1491493365.991906, 1491493436.209874, 1491493512.436661, 1491493584.869705, 1491493648.206142, 1491493725.733806, 1491493797.967314, 1491493868.905533, 1491493945.906344, 1491494024.675828, 1491494095.551621, 1491494168.309231, 1491494240.923609, 1491494315.152343, 1491494394.788987, 1491494464.019214, 1491494534.148603, 1491494609.103462, 1491494683.503245, 1491494764.764101, 1491494831.803039, 1491494904.767498, 1491494966.201964, 1491495031.419171, 1491495113.130291, 1491495194.436919, 1491495269.716701, 1491495336.774141, 1491495414.645128, 1491495480.891168, 1491495556.823216, 1491495625.682303, 1491495700.451073, 1491495780.596037, 1491495854.366638, 1491495931.439173, 1491496004.544666, 1491496076.499493, 1491496152.944897, 1491496223.976394, 1491496296.318501, 1491496376.157117, 1491496446.077678, 1491496516.007936, 1491496589.359303, 1491496659.08831, 1491496734.081372, 1491496808.870272, 1491496883.733341, 1491496960.602674, 1491497031.935464, 1491497099.807809, 1491497178.76355, 1491497256.414052, 1491497326.064879, 1491497358.400935, 1491497390.768212], "rewards": [-1082.9526555885823, -1081.4552786130823, -1054.2785597431268, -997.43999655315235, -926.37623389323392, -885.68821458968159, -838.13550845815882, -782.75863823580778, -755.8556562994163, -710.30780229145375, -672.98279528638068, -632.11735606282116, -595.25531004127924, -573.41889579878841, -542.87324346064156, -509.36532183426556, -477.05131148683387, -452.14311133506834, -435.86685898818376, -413.78966082091523, -385.28814995022526, -371.61070649280197, -350.02760853539002, -333.89223323939837, -321.04105838799597, -304.18561158523642, -288.07846219035395, -278.59431765444702, -263.92065284400667, -250.89516224836123, -240.29860759795068, -232.18463488065194, -222.47110047091388, -213.77321050039606, -203.7292298525671, -197.76028766858565, -189.6892397988484, -182.8628317938055, -176.553214931041, -170.77840247922907, -164.18855041577604, -158.96193570448489, -154.20240530404655, -149.56385400378969, -146.06916980455003, -144.31889998568136, -144.16524806814209, -138.06830586605724, -136.23724745227028, -133.95967841649991, -132.46151494299465, -131.63508403924232, -129.92114444703554, -127.63200252722528, -126.14898627980081, -121.91227758691639, -120.39271668781386, -120.7898295122212, -119.7982319669657, -117.96662162483399, -117.28277285029959, -115.85070836173907, -113.36534314754471, -111.89918267035573, -112.25612292772195, -111.89920944370706, -106.44258572081364, -107.44177810936272, -106.39786654096064, -101.84302293964971, -98.016056743950898, -96.101251687045135, -94.787410392035738, -93.961622826818399, -89.77144308127005, -85.796521744035871, -77.456071846934648, -77.380771188854737, -82.591784805617039, -74.80939668106133, -75.680931995080812, -73.155465728032837, -71.8008556158061, -63.82190425849921, -71.013832096173587, -67.012773128886522, -65.527473004688488, -62.050289014869776, -61.285362389012782, -63.838031588276252, -57.274645623322613, -58.877413652179229, -59.2938220725731, -57.609994846438127, -55.133163794381154, -56.084057041475852, -57.257853616957689, -57.042381189101405, -54.979448479334927, -54.50301884110312]}