{"timestamps": [1491136636.036269, 1491136708.483058, 1491136781.752114, 1491136854.196474, 1491136926.886009, 1491136999.103654, 1491137071.936975, 1491137142.920021, 1491137211.264622, 1491137282.411025, 1491137352.892344, 1491137424.091848, 1491137494.816078, 1491137565.139129, 1491137634.526333, 1491137702.674782, 1491137769.447419, 1491137838.601595, 1491137907.339615, 1491137974.741744], "rewards": [-1281.2440094616907, -1411.8755453557935, -1380.9233708319846, -1292.3460791343987, -1251.6325291190221, -1188.0458277799928, -1187.7998450957123, -1111.7505838702186, -1056.5260239261534, -1022.8760474553669, -986.77624930407126, -969.2753484616245, -937.95738669168691, -897.94268833968761, -865.41093562982792, -843.96232395664788, -814.29668336366399, -822.5322537036019, -798.28483672832238, -754.26902635364365]}