{"timestamps": [1491562651.736325, 1491562735.999872, 1491562820.143474, 1491562903.289756, 1491562986.558838, 1491563069.105391, 1491563150.287232, 1491563232.062428, 1491563314.464729, 1491563397.583611, 1491563480.404476, 1491563563.218509, 1491563646.245162, 1491563728.650876, 1491563811.403465, 1491563894.492796, 1491563976.213274, 1491564058.943788, 1491564141.175978, 1491564222.390014, 1491564304.555783, 1491564386.214116, 1491564467.652174, 1491564549.932, 1491564629.416299, 1491564710.490044, 1491564792.376284, 1491564871.868857, 1491564951.849019, 1491565032.920917, 1491565112.320481, 1491565191.866944, 1491565272.976023, 1491565352.280826, 1491565432.58187, 1491565514.497459, 1491565594.137565, 1491565673.812534, 1491565754.240329, 1491565834.071183, 1491565913.210289, 1491565994.133904, 1491566074.562216, 1491566155.324423, 1491566236.370589, 1491566316.528036, 1491566396.373582, 1491566477.201033, 1491566556.197841, 1491566637.293498, 1491566716.956282, 1491566797.320889, 1491566877.089745, 1491566957.783283, 1491567037.313059, 1491567117.181324, 1491567198.476636, 1491567278.106348, 1491567357.59413, 1491567438.07048, 1491567518.166233, 1491567597.226238, 1491567677.462178, 1491567758.48391, 1491567838.839185, 1491567920.11917, 1491568001.87221, 1491568081.237041, 1491568160.197935, 1491568241.126068, 1491568320.781181, 1491568400.466558, 1491568481.288456, 1491568560.715828, 1491568640.952156, 1491568721.5508, 1491568800.829424, 1491568880.914179, 1491568961.590644, 1491569041.1643, 1491569120.597248, 1491569201.055091, 1491569278.985092, 1491569359.01156, 1491569440.336798, 1491569520.908832, 1491569601.035138, 1491569681.792133, 1491569761.180537, 1491569839.486918, 1491569920.240517, 1491569999.91121, 1491570079.207366, 1491570159.356482, 1491570237.673147, 1491570317.032589, 1491570397.800887, 1491570478.226242, 1491570557.8119, 1491570635.294703], "rewards": [-1020.1187807042552, -979.4196215772566, -917.7123650689181, -852.9662458138789, -767.3630058290984, -732.5726756678702, -672.538480545955, -621.3477488259002, -573.1831130547494, -523.9673900925605, -484.78625402705393, -446.1482429040824, -411.48403808917857, -381.9182814372188, -351.0205111941407, -325.71362863651353, -301.84563162565536, -282.39867069318694, -264.70500934956954, -247.05231576498647, -231.25935026102132, -217.59264985789153, -204.33600177857699, -192.21380214348088, -182.14264011446045, -170.85870275616804, -162.45603663493907, -154.3224080168139, -149.14092166131934, -140.9681895665447, -134.59407589026216, -127.27958248355795, -122.42472479975035, -117.21307919145445, -113.70658624721477, -107.02508496947517, -102.19625212588645, -100.10336480620772, -95.05444196918705, -92.14881860172412, -89.09957295308115, -86.87056503894088, -84.36281018557912, -81.31868603786849, -78.23247218026258, -75.3038208537833, -75.31107552110933, -75.66266054689287, -72.84935124761463, -69.31455223232976, -68.35006370622486, -68.05582028218359, -67.42011060396895, -67.39470101702273, -66.46645797777899, -65.31979448254685, -63.804316880321956, -63.6432761046523, -62.207842050464706, -63.550982561706185, -62.39726567954555, -60.58819900945589, -59.777494236395746, -58.992475238227584, -56.37690451967106, -56.4879566400682, -57.36515323633031, -58.69740368069508, -58.74232343202462, -58.754362661943084, -56.83995892416155, -55.933179596806376, -54.72648536633203, -54.810555476419566, -55.249246890444944, -55.56339410958016, -53.913865167459846, -56.22187763860568, -57.51122091047456, -58.728211888685244, -59.63029034641513, -57.750340669337334, -55.90363474442591, -56.24720330495448, -56.22575507657646, -55.893525074820424, -54.394400509987946, -52.749092285428915, -53.50652638279687, -55.074068382784354, -55.97070997846868, -56.647853843247866, -54.60109275573353, -51.49376207585564, -49.34585004464098, -48.99505451722506, -49.716850853104184, -48.60327507253734, -48.70030617731387, -46.76940112650401]}