{"timestamps": [1491490248.146639, 1491490307.555064, 1491490392.881054, 1491490466.271445, 1491490535.389291, 1491490609.740667, 1491490679.535682, 1491490752.171725, 1491490817.636998, 1491490890.311435, 1491490961.018949, 1491491031.198183, 1491491108.394515, 1491491183.904253, 1491491251.599954, 1491491327.62638, 1491491390.437688, 1491491449.972105, 1491491521.567064, 1491491582.236715, 1491491653.075294, 1491491722.921705, 1491491791.350469, 1491491863.995486, 1491491928.904884, 1491492001.571853, 1491492069.360541, 1491492130.821618, 1491492201.476626, 1491492278.185473, 1491492357.426108, 1491492417.531992, 1491492488.096376, 1491492558.90818, 1491492635.706163, 1491492702.769488, 1491492765.43037, 1491492832.277832, 1491492902.148827, 1491492973.511243, 1491493042.862081, 1491493115.850131, 1491493189.754729, 1491493269.230948, 1491493337.853475, 1491493414.172164, 1491493484.061582, 1491493562.737314, 1491493635.169871, 1491493701.037029, 1491493775.200186, 1491493846.942121, 1491493913.939534, 1491493979.848301, 1491494046.982885, 1491494114.583269, 1491494186.371846, 1491494255.854812, 1491494331.743434, 1491494402.822917, 1491494474.347289, 1491494546.175232, 1491494619.809085, 1491494692.549561, 1491494769.180125, 1491494838.023311, 1491494906.968159, 1491494981.114746, 1491495057.133232, 1491495130.027014, 1491495206.447392, 1491495273.342485, 1491495347.592352, 1491495421.289697, 1491495493.387382, 1491495567.48065, 1491495637.961124, 1491495714.431817, 1491495789.347409, 1491495863.038767, 1491495926.396462, 1491495992.041372, 1491496062.938525, 1491496134.606293, 1491496205.833725, 1491496263.071876, 1491496328.39401, 1491496399.426872, 1491496471.144267, 1491496541.605937, 1491496610.239673, 1491496689.409844, 1491496765.66735, 1491496844.768867, 1491496915.891248, 1491496982.966932, 1491497056.670126, 1491497131.387466, 1491497199.691597, 1491497269.566665], "rewards": [-1144.8605732145077, -1169.6182983646368, -1042.212283468353, -991.85717233162677, -934.85311143867807, -863.38990276327559, -804.00851219067738, -749.87638904204812, -693.67483723040311, -638.69877344921497, -604.31740661856929, -562.26192456010938, -518.86862449456737, -488.37161108506223, -462.92733336941308, -424.87753519092757, -401.05303513987388, -372.17798719214932, -351.36273759173446, -328.45493514777257, -309.85867231225365, -293.14589592217561, -278.5219545584593, -264.34050560276052, -251.90504977814155, -239.99584244082777, -228.43569774478462, -219.78119632704977, -212.57944954857626, -202.73116939073861, -196.61412072165163, -184.63063970269741, -182.00029075702344, -173.55226348908062, -168.9620598182803, -162.07717970597645, -153.66573739089176, -150.76917349943594, -145.73837454438927, -141.50085675904148, -134.13617130016439, -129.52565279889563, -125.74940931519092, -117.53542997552358, -115.24390573757752, -111.14161104890934, -108.38712646804944, -106.40308512475072, -102.88431516583076, -97.158208140986702, -93.831822062055963, -91.196642132237344, -88.860064863876445, -87.778830934597735, -87.256141396513982, -85.409674109984749, -85.03781179655978, -82.884600058902009, -79.676430040523471, -78.812034909357351, -78.72583913841045, -77.211634147691242, -77.114491424293547, -74.51506206197115, -73.331837378738527, -73.117584754587384, -71.250646098032931, -72.609543106179814, -71.609850849406087, -71.595428955972608, -71.67484138765704, -68.043073759878538, -67.231160406645117, -67.259666861629071, -68.777194904348605, -66.563412853686984, -69.939391239041356, -64.149238094718072, -65.060240341208996, -65.030352943515894, -65.042782719327121, -62.691015027254309, -64.731150467279136, -64.928384561936056, -63.837079343563758, -62.275505145962079, -60.961083532076074, -58.917807024595959, -60.527635129808225, -62.062165492937453, -60.51851364847461, -57.534447834255332, -56.790779800379376, -58.832049739277146, -57.614269298983324, -58.039128486914734, -57.157384460979443, -52.830048404255969, -57.186369183794788, -55.974823805921822]}