{"timestamps": [1491486970.017458, 1491486999.926192, 1491487025.133102, 1491487052.266983, 1491487081.481377, 1491487105.474232, 1491487129.817985, 1491487155.069459, 1491487181.159933, 1491487203.517763, 1491487237.450939, 1491487259.149238, 1491487289.373503, 1491487312.640161, 1491487340.640499, 1491487369.582161, 1491487394.960351, 1491487420.014318, 1491487450.905939, 1491487477.920205, 1491487506.3286, 1491487532.24825, 1491487560.022414, 1491487580.262518, 1491487602.195282, 1491487627.231208, 1491487653.000557, 1491487681.156598, 1491487706.963256, 1491487732.299315, 1491487762.585433, 1491487789.429354, 1491487812.430546, 1491487840.503295, 1491487868.292081, 1491487887.012405, 1491487919.343276, 1491487939.443854, 1491487962.309434, 1491487988.792573, 1491488011.862025, 1491488036.9314, 1491488063.98132, 1491488091.583542, 1491488117.112834, 1491488143.686354, 1491488171.377482, 1491488198.70312, 1491488220.484871, 1491488246.9078, 1491488278.135232, 1491488305.338025, 1491488331.167413, 1491488356.194691, 1491488383.301495, 1491488407.991485, 1491488438.404714, 1491488467.809514, 1491488496.703848, 1491488521.578651, 1491488546.867692, 1491488573.403892, 1491488603.158352, 1491488630.066807, 1491488658.362671, 1491488684.027285, 1491488709.690169, 1491488736.986459, 1491488760.053317, 1491488785.095571, 1491488813.142947, 1491488841.431457, 1491488864.252556, 1491488888.154704, 1491488916.775858, 1491488941.955191, 1491488968.46642, 1491488995.395937, 1491489026.664386, 1491489055.45643, 1491489084.526539, 1491489113.168861, 1491489140.084862, 1491489166.371572, 1491489188.065186, 1491489211.689779, 1491489240.576465, 1491489265.530272, 1491489290.82536, 1491489317.983061, 1491489341.466423, 1491489367.771355, 1491489395.283266, 1491489419.0114, 1491489443.685344, 1491489469.912067, 1491489497.264824, 1491489525.397642, 1491489548.9476, 1491489574.449037], "rewards": [-168.58973947085246, -146.39186455908708, -126.15632117763417, -105.64911998330209, -87.957309007477107, -75.411985450880209, -65.246807680960003, -58.223004156178462, -48.31182667230393, -42.232300888627975, -35.953556612152965, -32.603320903663537, -28.283691983039652, -25.402238602569632, -22.736077950439377, -20.265861289263068, -18.325111719596695, -16.959417082686347, -15.899312769368235, -14.783476042703263, -14.14085600564745, -13.528644417606124, -12.572064360406786, -12.212624891794594, -12.265501395326163, -11.516212436599702, -10.705183513545911, -10.633185920885943, -10.611565130070053, -9.6438882199480602, -10.445668307622471, -9.4440690559716103, -9.5989974838703986, -9.4720190983766024, -8.6457298070125947, -8.7500935996265792, -9.0812123867205639, -8.3452098066851548, -9.2260839616422583, -8.715628182440275, -8.3973235133469775, -8.9859317611138696, -8.5247645781040635, -8.7030338058987464, -8.6371136524787815, -8.7610018497088031, -8.6375374162781977, -8.2949414652014006, -7.9386284119745163, -7.8657846799826965, -8.4251822414063433, -8.3226935904456454, -7.6867652087396303, -8.0874329848875846, -8.3975421734392945, -7.5421684023135729, -7.4357854350725896, -7.8030075107880323, -7.707645580687446, -7.5713008995774205, -8.2526182999483488, -8.5977245451490862, -8.4389394635738366, -6.9456236398013154, -7.3718747985600537, -7.8215177285299857, -7.4415123326479566, -7.7721241561423664, -7.1798839987340228, -7.6828125962409999, -7.6209405196230353, -7.4478126729419172, -7.9413317608388887, -6.9965541805015574, -7.7327238851902393, -7.3296416359073611, -6.8737154385968564, -6.9530884533921631, -7.5514097363552848, -6.8918880528193567, -6.7427208307890654, -6.5434955870336511, -7.1713331906685562, -7.3626800931905221, -6.645261539660055, -7.6646171910239813, -6.1486358830694208, -7.0394294071909496, -6.9765532295993831, -7.6527821719604709, -7.7525631819347325, -6.6893801358889684, -6.3507920423779787, -7.1523353695777256, -6.8526635171612167, -6.566677828979028, -6.4824133673490669, -7.1035735308665195, -6.5402564588650618, -6.5332345851155651]}