{"timestamps": [1491422152.365563, 1491422164.098472, 1491422177.507669, 1491422191.767641, 1491422206.424126, 1491422220.304101, 1491422233.842624, 1491422247.380956, 1491422261.319249, 1491422275.411237, 1491422289.371335, 1491422302.630603, 1491422314.69395, 1491422326.928678, 1491422340.587858, 1491422355.046535, 1491422369.264839, 1491422383.574145, 1491422397.993263, 1491422412.324132, 1491422427.00127, 1491422441.392296, 1491422454.933578, 1491422468.934061, 1491422482.300354, 1491422495.455083, 1491422508.572015, 1491422522.51323, 1491422536.625981, 1491422550.090305, 1491422563.54238, 1491422577.427448, 1491422590.224828, 1491422603.839172, 1491422617.312265, 1491422630.465021, 1491422644.227512, 1491422657.568967, 1491422671.518462, 1491422684.726638, 1491422698.84519, 1491422712.745642, 1491422726.660793, 1491422740.905351, 1491422754.567356, 1491422768.598422, 1491422782.698436, 1491422796.924875, 1491422810.423109, 1491422823.951484, 1491422837.875685, 1491422851.735108, 1491422865.452693, 1491422879.926275, 1491422894.072752, 1491422907.899179, 1491422921.489568, 1491422934.958942, 1491422948.747602, 1491422962.531426, 1491422976.949887, 1491422990.755512, 1491423004.161697, 1491423017.579147, 1491423031.785282, 1491423045.074601, 1491423059.590563, 1491423073.343233, 1491423087.201395, 1491423101.020392, 1491423114.851371, 1491423128.517595, 1491423142.338764, 1491423155.971539, 1491423169.453606, 1491423182.727221, 1491423196.818927, 1491423211.125407, 1491423224.395263, 1491423238.42114, 1491423252.450158, 1491423265.819118, 1491423278.819276, 1491423292.264781, 1491423303.857141, 1491423316.874924, 1491423329.861544, 1491423343.303454, 1491423357.358561, 1491423370.734802, 1491423384.110185, 1491423398.009554, 1491423412.176865, 1491423426.084137, 1491423439.892814, 1491423453.736932, 1491423468.324896, 1491423481.359854, 1491423494.613566, 1491423507.842006], "rewards": [-153.42904219381981, -138.2441955845724, -118.93336905960845, -101.76592702659151, -89.650786206564703, -75.055859269427188, -64.086604699302384, -55.758697550107797, -50.033148629006384, -42.212807019199175, -37.254452181416191, -32.178623986568716, -28.71543126213027, -26.077536260663592, -23.247076729081368, -20.877777615176424, -19.201082641230286, -17.399444289777577, -16.388523271119965, -15.351739429525827, -14.401013787514394, -13.756655668665696, -13.992624115341744, -12.655037480454389, -12.760103721343432, -11.882548777568436, -12.671936343212035, -12.126816448564307, -11.979829457642699, -11.215503034962328, -11.224995603604311, -10.910706791769808, -10.857853211542357, -10.582579731716073, -11.113599101765827, -10.794272019312892, -10.622920788472412, -10.278958190546813, -10.11067948923689, -10.2619837899283, -10.450028620411658, -10.412690185355423, -10.051444073676048, -10.04613103865279, -9.5217175986836562, -10.039784226935403, -9.5944960583816083, -9.566765457504216, -9.5621639714609969, -9.493370742832882, -9.6700222382511463, -9.2190445657073816, -9.5456705417480752, -9.1599658723906288, -9.2128368027645653, -9.4547893772812657, -9.4746749947185744, -8.9299789370924092, -9.1607086100808957, -9.1551541222905417, -9.3097852346028791, -9.2959697776984029, -8.9774032461118125, -8.8260721018698476, -8.6877580867304349, -9.2737216796362993, -8.8628171476453375, -9.3338303639213667, -8.8827748451362929, -9.114430412745822, -9.1879272563253931, -8.7726918882779668, -8.9082036469480919, -9.0326882385234253, -8.3537821962078667, -9.1921678956480886, -8.7395052236801778, -8.451561974893286, -8.4793764941813841, -8.5879530002448501, -8.3375371287278721, -8.5113300342245068, -9.1395749927307541, -8.5724748859335254, -8.2676344514424223, -8.5227090110987245, -8.620003727493522, -8.7080980779830401, -8.205020989217445, -8.2231730449102081, -8.7217532055681879, -8.8061338462508907, -8.0337462109541633, -8.340965847133031, -8.2826730151861856, -8.4770345921995869, -8.0729557956935771, -7.7392008804901078, -8.1604087626828115, -7.7389801070420798]}