{"timestamps": [1491429790.779303, 1491429806.538417, 1491429824.791784, 1491429839.882666, 1491429854.600765, 1491429870.597162, 1491429888.037753, 1491429903.678288, 1491429920.984418, 1491429937.170052, 1491429951.306494, 1491429968.874784, 1491429982.900863, 1491429997.922129, 1491430016.211661, 1491430029.427184, 1491430046.498458, 1491430060.90688, 1491430076.992984, 1491430090.299946, 1491430107.225628, 1491430123.454431, 1491430143.003322, 1491430159.653002, 1491430175.531039, 1491430190.710253, 1491430205.943628, 1491430221.358595, 1491430236.844749, 1491430257.118314, 1491430272.356218, 1491430285.436671, 1491430302.141977, 1491430318.694833, 1491430335.697738, 1491430351.30513, 1491430371.101053, 1491430386.832895, 1491430401.169825, 1491430416.314416, 1491430431.166356, 1491430447.003007, 1491430461.309012, 1491430478.46379, 1491430496.992304, 1491430513.228245, 1491430528.262612, 1491430545.377947, 1491430561.536424, 1491430574.710577, 1491430591.191352, 1491430605.432241, 1491430622.975479, 1491430643.483808, 1491430658.77055, 1491430676.822507, 1491430690.944984, 1491430707.389807, 1491430722.377339, 1491430737.203348, 1491430752.452547, 1491430768.022445, 1491430785.200821, 1491430799.512273, 1491430816.473398, 1491430833.129448, 1491430848.062882, 1491430863.749875, 1491430880.479269, 1491430895.818626, 1491430913.797397, 1491430930.062419, 1491430946.60203, 1491430961.849728, 1491430980.27172, 1491430997.555159, 1491431013.411982, 1491431033.056339, 1491431047.439111, 1491431061.656184, 1491431075.057008, 1491431089.883573, 1491431104.446809, 1491431121.13025, 1491431141.946259, 1491431159.25998, 1491431176.700138, 1491431193.540234, 1491431209.95001, 1491431224.409938, 1491431237.944092, 1491431254.99017, 1491431269.989901, 1491431283.274753, 1491431298.784295, 1491431315.07927, 1491431328.198316, 1491431342.436438, 1491431356.367144, 1491431370.82356], "rewards": [-119.7163558150235, -106.37709615265234, -90.511144793653727, -79.111639043988035, -66.005188756277036, -57.618534918110825, -49.462368351510534, -42.469191535798643, -38.138749174979964, -32.880800324109096, -29.260699501955365, -25.816509960435329, -22.135690120592429, -20.174520757261813, -19.057885633679625, -17.142059017576674, -15.433308623635948, -14.335505937507083, -13.166906722384981, -12.065329585046026, -11.581051292194349, -10.658358231486819, -10.344205860348282, -9.932456585598473, -9.025442407967768, -9.2157893513523224, -9.1974179487173284, -8.4939872809179491, -8.7498090086049221, -8.2177726014761276, -7.9046880058198612, -7.4803628180375021, -7.709597871569204, -7.1624810002312049, -7.5100983997205848, -7.8811834326059547, -7.4604449483585142, -8.1577236892939204, -7.5952498939024915, -8.8448992336204935, -8.6499573290421505, -8.6057804143427177, -7.7165735371641837, -7.833299344390003, -7.8012906565226228, -7.895920042202218, -7.8729867981464432, -7.9753896322695228, -6.9131006147938159, -7.330416561363152, -8.347619025789216, -7.5727390480004999, -7.4645241749622935, -7.258795466945176, -7.5056634845754164, -7.2549875457653208, -7.5980134585629688, -7.2382898368579003, -7.9210108379299955, -7.1808046726375823, -7.6562563602137432, -7.3905227944083558, -7.1395147652802766, -6.8336725361676516, -6.7824399624234255, -7.1892552649096215, -6.4212073446591997, -7.2843298859312675, -7.4937560094899744, -7.3547681838488215, -7.4920957037271725, -7.4475854709537463, -8.0295420795690067, -7.4501374297385121, -6.9544345801710525, -7.6351145479959976, -7.9675161368656635, -6.9956707590712446, -7.1044214400846677, -7.0550891982136195, -7.1309225336290716, -6.6723855532442498, -6.7957772656701421, -6.8053230284356951, -7.8705033317254705, -7.6464960062533702, -7.970860137144518, -7.3085060376862145, -7.6781709568578966, -7.2571628033570832, -6.8083711917079031, -6.6089879024211822, -7.0185728930315303, -7.2603385953635184, -7.1105811073283016, -7.2725227833737858, -6.7981280234132759, -6.5800195527668413, -7.8108565104502894, -7.3808596415559942]}