{"timestamps": [1491412578.500834, 1491412615.524899, 1491412652.581007, 1491412690.143612, 1491412727.593717, 1491412765.815936, 1491412804.404902, 1491412842.345722, 1491412880.596314, 1491412918.671213, 1491412957.826205, 1491412995.96168, 1491413033.58049, 1491413071.465491, 1491413109.538309, 1491413148.801278, 1491413185.302601, 1491413223.045513, 1491413259.854466, 1491413298.313723, 1491413336.187114, 1491413373.169421, 1491413411.1432, 1491413446.818769, 1491413484.354169, 1491413521.347658, 1491413559.602299, 1491413597.006304, 1491413635.081189, 1491413672.506366, 1491413709.059614, 1491413746.740471, 1491413785.372141, 1491413822.400729, 1491413860.873429, 1491413898.652599, 1491413936.625793, 1491413974.659841, 1491414012.576321, 1491414049.787114, 1491414087.520312, 1491414125.473884, 1491414163.105743, 1491414200.863403, 1491414238.344048, 1491414275.686977, 1491414313.754553, 1491414352.005326, 1491414390.055053, 1491414428.206856, 1491414466.562708, 1491414504.926326, 1491414541.149225, 1491414578.785638, 1491414616.525931, 1491414653.827786, 1491414690.905818, 1491414728.525655, 1491414765.626657, 1491414802.261719, 1491414838.564554, 1491414874.259182, 1491414910.666131, 1491414948.501761, 1491414985.059842, 1491415023.469828, 1491415059.704881, 1491415095.78509, 1491415131.366504, 1491415168.611544, 1491415207.286958, 1491415245.111286, 1491415282.01264, 1491415319.410381, 1491415356.547946, 1491415393.302944, 1491415431.424282, 1491415469.096775, 1491415506.166872, 1491415544.38181, 1491415581.521197, 1491415618.329156, 1491415654.690272, 1491415690.357312, 1491415728.262767, 1491415765.704628, 1491415802.829984, 1491415839.846315, 1491415876.925805, 1491415914.064931, 1491415950.908132, 1491415988.206949, 1491416025.158022, 1491416061.540788, 1491416098.326712, 1491416136.132575, 1491416173.544923, 1491416211.076957, 1491416246.526051, 1491416281.27704], "rewards": [-1320.3928383508232, -1290.0531394998347, -1185.1055165316588, -1098.5720250063359, -1018.4943576886205, -968.98101684599158, -874.17351205565876, -828.98314972180492, -772.31314919026045, -704.89416632339464, -658.34155091697278, -619.40493199618129, -595.2647956978883, -558.00626680671928, -534.03411145585881, -488.4259316059177, -472.12753121824704, -443.69041172417104, -418.03222654707997, -403.77649112613722, -379.40970240064166, -354.95576782994351, -345.9718579853203, -328.52179895308291, -319.08940620270374, -304.75207316806978, -290.25134207751637, -278.19918724621692, -268.18816221341325, -253.20047936480466, -245.82209919230885, -239.0367747104892, -231.22191782681031, -222.89992093685848, -215.49907312363237, -206.9045641112817, -200.9765924027331, -195.36129885822174, -191.50106374060076, -189.70192204530628, -182.61472954734992, -178.82941645299587, -174.54765289917864, -167.66308880164135, -162.57986197427309, -159.57409060764905, -156.75983132713128, -151.39109634877317, -148.68025353182722, -145.05662264977903, -140.42660225587318, -140.46861631482673, -137.54350797219502, -132.60937296388403, -130.05543090368383, -128.74983815993971, -125.0014290978347, -122.66005559960782, -120.99448386343242, -118.49164447170159, -118.45158325632723, -115.50987985498466, -112.49746946510794, -112.83983617686299, -111.83205872530148, -110.7837251552393, -107.38887313026805, -107.0660614238743, -106.6368373477415, -99.149132849692393, -100.36481000807038, -100.05257712303563, -97.848040243287372, -94.640473928866172, -94.861106714384221, -94.586861191025051, -93.41569471399707, -90.531229665593159, -91.209748807106976, -90.140053944269141, -89.186778615495513, -88.228347866879062, -88.96708300185793, -86.346201181664512, -85.649283862358729, -84.054436520478944, -85.21482425779304, -81.945423017154354, -85.763065535607495, -78.565414139266679, -79.977087301981612, -82.470978085756286, -79.471657666868452, -80.556103084237563, -77.234634648509797, -78.059436237600309, -78.703493680331306, -77.003202550279525, -78.095715013533621, -75.416861463559329]}