{"timestamps": [1491469538.842361, 1491469559.470408, 1491469578.236566, 1491469598.20065, 1491469623.349809, 1491469654.469328, 1491469687.567773, 1491469722.207127, 1491469766.565396, 1491469815.834725, 1491469853.426339, 1491469893.486273, 1491469924.584837, 1491469962.413186, 1491470002.620513, 1491470042.280324, 1491470082.014592, 1491470115.635003, 1491470161.684033, 1491470194.383211, 1491470230.774941, 1491470266.9927, 1491470308.744368, 1491470344.691713, 1491470385.959578, 1491470427.732106, 1491470468.487014, 1491470504.722233, 1491470543.670452, 1491470586.708303, 1491470625.777677, 1491470665.550451, 1491470704.045013, 1491470739.08973, 1491470783.295144, 1491470823.047084, 1491470863.386464, 1491470905.19326, 1491470943.078162, 1491470985.730517, 1491471019.211872, 1491471062.190412, 1491471098.784515, 1491471140.805344, 1491471176.653569, 1491471219.310944, 1491471260.639671, 1491471296.54948, 1491471341.882493, 1491471378.77007, 1491471416.046216, 1491471450.714103, 1491471488.290721, 1491471533.628356, 1491471564.238403, 1491471608.262065, 1491471645.420078, 1491471682.91831, 1491471718.146749, 1491471758.453297, 1491471797.496957, 1491471834.437519, 1491471875.981635, 1491471915.474638, 1491471959.901859, 1491471992.917343, 1491472025.057138, 1491472058.901828, 1491472096.589889, 1491472138.330136, 1491472177.671342, 1491472223.550795, 1491472265.448327, 1491472301.368937, 1491472338.955933, 1491472375.606708, 1491472417.984108, 1491472460.989617, 1491472501.60497, 1491472549.916882, 1491472590.72561, 1491472630.553644, 1491472673.264001, 1491472715.984821, 1491472760.90142, 1491472800.451241, 1491472840.531443, 1491472886.390452, 1491472928.358506, 1491472970.500784, 1491473014.360135, 1491473058.659716, 1491473103.646487, 1491473145.668741, 1491473191.405891, 1491473233.267686, 1491473273.837721, 1491473313.774544, 1491473359.477426, 1491473396.901153], "rewards": [-557.32203603953417, -548.63580924077928, -514.99464370394662, -454.29915426033176, -419.41507795430221, -373.94656583697889, -337.57704806024492, -308.85499520262084, -274.02002758653396, -252.08655669414463, -223.83704973424534, -201.18901050567928, -184.1853638354452, -165.25606431584882, -152.0637081103568, -137.55893298070706, -124.91761791570082, -116.47315914978837, -105.19140497962661, -96.747456864714081, -89.487138185312702, -82.722018381064373, -77.560061366867274, -72.598509514770043, -66.877217762565309, -62.91091743140818, -58.784969038230194, -55.754770618065947, -53.354827874223368, -50.509861850599108, -47.627475878751291, -44.629926530140054, -42.519604971287293, -39.966648460273575, -38.456416777880406, -36.566616803750918, -34.965791703523053, -32.908879075045917, -31.260071499865504, -30.320464769365053, -29.097206788738092, -27.933606061431057, -26.655933970343582, -25.30268643746674, -24.617737364287791, -22.827405157983353, -22.242896104082817, -22.214502885873209, -20.030136196239514, -18.122892498251549, -17.328196733590563, -16.047212669103601, -14.995291804553981, -14.310549273805702, -13.272407243496204, -13.084887946979286, -12.857362190731466, -11.972600988275117, -12.09974259832466, -11.177135722895544, -10.982217805331416, -11.24498679338835, -11.01866187656711, -11.50854794128934, -10.806254933165002, -10.512458555517577, -10.160665878020584, -9.6950499116631335, -9.4254773087722192, -9.3736797710275148, -9.2655668998493326, -9.2853901122900897, -9.0052502086248936, -9.0027993209408734, -8.7361721971169928, -8.8330889489995155, -8.6114923507321759, -8.0176506038746993, -7.7117020111648875, -8.0572299483724059, -7.8685531997732356, -7.6514470820971958, -7.7470528081819952, -7.5185017837356316, -7.2590747966899309, -7.5621173589313218, -7.3646924005842527, -7.3616383794631171, -7.3960673699644826, -7.2686199763561801, -7.2698574463868155, -7.5823445980288895, -7.2965182706370904, -7.1677376055606112, -7.0976293460397608, -7.1076388849410055, -6.790345056737932, -6.9631431411745384, -6.9203355110211024, -6.8391736467089892]}