{"timestamps": [1491490256.04731, 1491490328.447982, 1491490401.098151, 1491490468.562321, 1491490539.407742, 1491490613.325131, 1491490680.065462, 1491490750.231797, 1491490823.750485, 1491490892.597189, 1491490951.165751, 1491491020.281189, 1491491100.503188, 1491491170.626422, 1491491243.72757, 1491491307.645141, 1491491390.994967, 1491491464.548439, 1491491535.052528, 1491491608.989105, 1491491685.323095, 1491491751.267566, 1491491819.350349, 1491491893.205602, 1491491961.449009, 1491492037.192639, 1491492108.728959, 1491492182.385818, 1491492248.004311, 1491492311.579418, 1491492379.966324, 1491492449.143407, 1491492526.525669, 1491492599.179595, 1491492670.372397, 1491492736.471983, 1491492806.655295, 1491492878.049208, 1491492948.065259, 1491493019.545731, 1491493092.758637, 1491493169.124711, 1491493240.473205, 1491493317.56326, 1491493381.513357, 1491493453.420416, 1491493521.523661, 1491493592.706399, 1491493666.303137, 1491493735.355321, 1491493807.361707, 1491493876.43242, 1491493945.788368, 1491494017.230559, 1491494088.255322, 1491494156.719638, 1491494234.046364, 1491494303.964606, 1491494370.900216, 1491494444.426951, 1491494516.072306, 1491494593.589905, 1491494665.71424, 1491494737.017467, 1491494804.000052, 1491494872.634362, 1491494943.974769, 1491495020.408831, 1491495090.282575, 1491495162.709894, 1491495243.478832, 1491495311.518061, 1491495389.318497, 1491495464.398135, 1491495538.587989, 1491495613.692297, 1491495678.404524, 1491495751.451752, 1491495824.635312, 1491495889.853023, 1491495955.235083, 1491496026.438817, 1491496105.690185, 1491496175.750045, 1491496244.697048, 1491496309.01075, 1491496374.411658, 1491496439.645975, 1491496517.48485, 1491496583.207615, 1491496652.535171, 1491496728.962014, 1491496796.61494, 1491496865.725519, 1491496929.308833, 1491497007.259715, 1491497080.018882, 1491497159.603003, 1491497227.6175, 1491497297.847524], "rewards": [-1283.8411582681233, -1260.6917052423535, -1149.7967506794901, -1146.8068186841856, -1052.3355005417898, -1001.5476471510583, -946.00281617079338, -871.25916136084675, -838.48157914091689, -818.22941954647513, -783.37727215138648, -735.69519725210785, -703.98800596311219, -665.84786418440603, -619.74521437166095, -588.57818645436532, -560.38216695703329, -541.12168525432946, -516.40217876152576, -486.2226436061103, -461.99350147355295, -445.78782733269361, -421.86577343526255, -402.27258538549671, -379.47949502666307, -364.15800693984551, -347.52647431093118, -332.59163784368798, -312.42105799524484, -305.40116667357631, -292.61138837798899, -277.43989922364437, -267.1716488174647, -259.83125358248446, -246.62058960904338, -236.66981900669617, -229.5427301091446, -216.86001434367037, -214.79183242281152, -202.87123867209652, -195.25021576931044, -192.33838205340624, -186.79310660869132, -177.89945915935604, -174.55140060147676, -168.11346161875034, -161.7790746219475, -157.86101495860564, -152.05763969747005, -146.72222869971981, -144.33272900059555, -136.37216441026419, -137.85402106920449, -133.65622449431353, -129.2030330042852, -123.80426476485889, -122.50260639661545, -121.45799219853308, -118.67965907514041, -115.95001731561381, -112.64831877776516, -111.01902594116532, -110.15249812394653, -106.14215700552826, -106.46922958258247, -101.83800226584741, -100.36071672518956, -101.2999177701243, -98.387020044573106, -97.959143115043133, -93.449996089514286, -91.377472422843184, -88.48581527173593, -90.793136112932586, -89.425478424163032, -88.086183185510805, -85.816437947797681, -84.182875410375928, -85.183098723302351, -85.759950673561832, -79.515284460061196, -83.32365073733807, -79.060178849623156, -74.661196348186905, -77.540613759598898, -77.338088252406223, -72.333066501929167, -74.062191803511311, -72.193286342051948, -70.421660729627177, -72.41789938194259, -70.916421365713816, -68.209662692685328, -70.882647413743612, -70.24917879148741, -67.2630731684051, -66.690120396774859, -65.992238662736639, -69.309698562771359, -63.908544840340006]}