{"timestamps": [1491486973.723519, 1491486996.727567, 1491487023.669098, 1491487044.137921, 1491487072.86878, 1491487095.881245, 1491487121.563495, 1491487146.409986, 1491487174.440863, 1491487198.677874, 1491487228.90222, 1491487260.472944, 1491487287.274681, 1491487319.911561, 1491487343.15539, 1491487368.037735, 1491487395.807412, 1491487421.508704, 1491487447.609611, 1491487479.903243, 1491487503.317856, 1491487524.021868, 1491487556.482143, 1491487583.52513, 1491487612.213894, 1491487635.128201, 1491487656.900149, 1491487680.330274, 1491487710.215334, 1491487737.542561, 1491487761.553797, 1491487788.996713, 1491487813.161502, 1491487844.76901, 1491487876.358687, 1491487895.937057, 1491487918.700429, 1491487941.171679, 1491487970.684383, 1491487996.94933, 1491488023.684871, 1491488046.275691, 1491488074.566463, 1491488103.805239, 1491488134.228464, 1491488160.423335, 1491488187.734714, 1491488215.793526, 1491488241.109538, 1491488271.50862, 1491488292.33265, 1491488315.081119, 1491488343.258473, 1491488366.164638, 1491488395.377699, 1491488425.26103, 1491488451.068614, 1491488472.165795, 1491488496.096432, 1491488520.954123, 1491488551.066511, 1491488577.744527, 1491488606.055898, 1491488633.82347, 1491488658.862315, 1491488684.657751, 1491488712.888334, 1491488740.130408, 1491488767.615823, 1491488794.404822, 1491488826.178862, 1491488847.043271, 1491488878.91133, 1491488907.924658, 1491488932.770846, 1491488963.261808, 1491488990.922176, 1491489023.796636, 1491489049.297043, 1491489074.139535, 1491489101.875526, 1491489130.615631, 1491489158.486525, 1491489184.465124, 1491489210.760279, 1491489234.964407, 1491489269.286996, 1491489298.927678, 1491489325.972037, 1491489355.410282, 1491489383.542936, 1491489410.284745, 1491489438.087185, 1491489467.162016, 1491489490.331341, 1491489516.52896, 1491489542.893064, 1491489566.015691, 1491489588.910504, 1491489609.71397], "rewards": [-183.50041104461536, -156.18405783984045, -136.09610266097755, -115.62536688067387, -97.05714522097449, -81.20269376672654, -70.581046602320228, -61.397451231160545, -53.652462124457003, -45.324285269582845, -38.205243078814426, -33.176493572841103, -28.693566190977805, -25.931761057457717, -23.361414089831761, -21.614891344197108, -18.267285284677708, -16.674372815908672, -16.33133036462155, -14.332744826495098, -13.204476191515814, -12.933345705471524, -11.796490985979958, -10.83055421321591, -10.388352530802221, -9.2323503716957163, -9.6819137744220694, -9.3332249000455576, -9.6174046229248855, -9.3197871558212739, -9.0784364052356121, -8.9875721099952539, -8.7635190692781677, -8.648215027529762, -8.2045598373832345, -8.9533174429266928, -7.671123293229674, -8.2164912155310095, -8.3876066483617233, -7.9222310727709973, -8.2257103140721863, -7.8370941930917697, -7.5796421075343456, -7.8017117559373039, -8.252914538402587, -7.6328961138617037, -7.7043636320184996, -8.1230369137993108, -7.2760807934043337, -7.2453239615783698, -7.8731158421151815, -7.2848758118428769, -7.397840432757282, -7.1410234982077938, -7.2920125145845542, -7.2971336328919643, -7.0025454526396116, -7.5468747855062528, -7.17939884512377, -7.4921675843061362, -7.5887299554544185, -7.2804965308524618, -6.6139325266851383, -7.5112037687231439, -6.9225014074590039, -7.0756111781726734, -6.9127590600746274, -7.2899000148153137, -6.8213802363885137, -6.9312331438502603, -7.1178055000806246, -7.2152386149565295, -7.4338195597434344, -7.3818651834125726, -6.8428528796614936, -6.816955284462539, -6.9985454958969289, -7.0426554656221994, -7.0062841922676418, -7.288788187985781, -7.464244104942777, -7.1583117731664485, -7.3502484400229555, -7.0089990422369768, -6.6912169178353214, -7.0886989174564778, -7.2988469250605759, -6.0273656910775779, -6.8708981482916078, -6.8392878673677364, -6.5570892545367228, -6.6222106834282508, -7.036533511766228, -6.7210725399103843, -6.8324595181570631, -6.309251926409952, -6.3790158455061396, -6.407724612096084, -6.0491791174952958, -6.5536071086015752]}