{"timestamps": [1491463383.25317, 1491463395.595103, 1491463408.686379, 1491463425.094997, 1491463444.88805, 1491463461.985223, 1491463476.76909, 1491463493.442812, 1491463511.408702, 1491463530.875995, 1491463545.954566, 1491463561.640206, 1491463575.972654, 1491463590.477889, 1491463604.659006, 1491463619.099122, 1491463633.766169, 1491463648.337174, 1491463664.036253, 1491463678.922265, 1491463693.320829, 1491463708.070602, 1491463722.859065, 1491463737.35395, 1491463752.434421, 1491463767.50046, 1491463781.945393, 1491463796.926399, 1491463811.68071, 1491463826.443136, 1491463841.016554, 1491463855.691985, 1491463870.589745, 1491463885.331186, 1491463900.832375, 1491463915.360321, 1491463929.95515, 1491463944.706873, 1491463959.625511, 1491463974.904329, 1491463989.964368, 1491464005.002049, 1491464019.741415, 1491464034.700801, 1491464049.485638, 1491464064.411858, 1491464079.27929, 1491464094.320985, 1491464109.119614, 1491464123.704068, 1491464139.673195, 1491464154.521343, 1491464169.506001, 1491464184.188878, 1491464199.85497, 1491464214.162174, 1491464228.843194, 1491464243.81449, 1491464258.626796, 1491464273.328585, 1491464288.036839, 1491464302.888437, 1491464317.536335, 1491464332.419288, 1491464346.894283, 1491464361.720654, 1491464376.713716, 1491464391.554502, 1491464406.340473, 1491464420.979538, 1491464435.766373, 1491464450.486486, 1491464465.192639, 1491464479.984358, 1491464495.549316, 1491464510.164155, 1491464524.600787, 1491464538.98553, 1491464553.754705, 1491464568.383292, 1491464582.967316, 1491464597.863154, 1491464612.475659, 1491464627.292799, 1491464641.987912, 1491464656.66894, 1491464671.616119, 1491464686.4563, 1491464701.494543, 1491464716.371063, 1491464731.262212, 1491464745.910329, 1491464760.658782, 1491464776.513741, 1491464792.065019, 1491464806.951654, 1491464822.434803, 1491464837.260064, 1491464851.914602, 1491464866.707117], "rewards": [-115.22288591969054, -104.72292042805347, -92.03692443505966, -76.823223999165691, -66.583322721806596, -56.739691261347026, -50.537864389649776, -43.775848657912526, -39.034060504501127, -33.798404537886057, -30.336563789703874, -26.934063402975408, -23.156812498823129, -20.679314342041483, -19.051318707303388, -17.495522448141742, -16.003650718680696, -14.247659514169982, -13.748203600572044, -13.311315727983935, -11.88763237743667, -11.828473837083544, -11.990582374881731, -11.885480673177561, -11.380655392234788, -10.58563726587639, -10.649097371027306, -10.267240146811071, -10.369952315328621, -9.7990804611376046, -9.9192653683909242, -9.683743962936008, -9.6141861773717991, -9.4981058985555347, -8.4429816101870081, -9.0198457148027646, -9.3747590440916539, -9.460048187957284, -8.8915835716160991, -8.9495143679766578, -8.9738146915300661, -8.8837430216378195, -9.1344749833007537, -8.7478406853994173, -8.3993743615451635, -8.7689164334255043, -7.933225925449956, -8.1822750444008623, -8.0852912984136669, -8.3335853408578995, -8.2574381970086304, -8.4203496727728382, -8.3501556593639368, -8.0163415292296083, -8.0373615712264161, -8.4155102341999228, -8.1318363343190665, -7.2702526011148647, -7.6508896577243153, -7.827958725270145, -7.5364275163256433, -7.8721785891724725, -8.1187265999930602, -7.5672485922339954, -7.8986865420963026, -8.0963782577961769, -7.530697694321498, -8.2835451637878172, -7.8565235697308466, -7.7179381234493087, -7.2984407828342635, -8.3075668244242973, -7.8747896233793755, -7.1406553441361265, -7.3253982391800534, -7.7802021282040785, -8.2367439121622859, -7.3496348347394109, -7.6008214804517866, -6.9598350639310738, -7.5817709531010236, -7.4561559780290283, -7.075376349469801, -7.5502899648034978, -7.7022043065165988, -8.5169728899239061, -7.9241797285272302, -7.2163821789240794, -7.681673327042903, -7.9245882992796615, -7.4493050968827257, -6.7925446664547122, -7.4298560627795993, -6.8303848654575106, -7.403438072253385, -7.4690076231499241, -6.9592353141569756, -7.4741412731557988, -6.2708841125404078, -6.9182511112814833]}