{"timestamps": [1491433905.603121, 1491433933.42815, 1491433965.745627, 1491433998.108383, 1491434035.177219, 1491434071.230304, 1491434105.878266, 1491434141.814108, 1491434179.726283, 1491434210.658367, 1491434243.443471, 1491434279.104023, 1491434312.887633, 1491434348.231068, 1491434384.377633, 1491434421.606962, 1491434460.259408, 1491434494.043193, 1491434527.901144, 1491434562.309528, 1491434596.807403, 1491434630.018606, 1491434662.183599, 1491434700.978816, 1491434730.928813, 1491434763.725622, 1491434795.454729, 1491434830.531772, 1491434864.943278, 1491434901.267131, 1491434935.451133, 1491434971.789855, 1491435005.689639, 1491435040.963925, 1491435076.030407, 1491435111.388309, 1491435147.198566, 1491435184.838672, 1491435219.687063, 1491435253.317678, 1491435289.510823, 1491435322.478852, 1491435358.016692, 1491435391.910972, 1491435427.857577, 1491435459.452764, 1491435491.892152, 1491435526.738317, 1491435562.952587, 1491435592.357776, 1491435627.927208, 1491435663.643168, 1491435701.614258, 1491435737.355026, 1491435772.467965, 1491435809.759172, 1491435846.258676, 1491435879.445151, 1491435912.942811, 1491435947.735005, 1491435979.834364, 1491436013.698063, 1491436050.584884, 1491436083.885474, 1491436119.706852, 1491436156.423863, 1491436191.631481, 1491436225.473137, 1491436260.997519, 1491436298.047835, 1491436335.749611, 1491436370.170785, 1491436408.196523, 1491436447.773737, 1491436483.784475, 1491436518.070813, 1491436556.341362, 1491436589.367642, 1491436622.849774, 1491436656.796422, 1491436689.147251, 1491436723.860606, 1491436760.366876, 1491436794.824808, 1491436830.175983, 1491436864.489648, 1491436899.647331, 1491436936.726488, 1491436969.463713, 1491437005.929533, 1491437038.637169, 1491437074.033891, 1491437107.742282, 1491437141.983326, 1491437171.027415, 1491437210.111299, 1491437245.206377, 1491437281.329564, 1491437319.589623, 1491437358.403257], "rewards": [-562.58354872993993, -552.91553070814689, -497.22329408733725, -449.23839507919649, -399.09515472853411, -369.00159802201267, -341.19649506969603, -305.64874708404301, -278.82188900366884, -256.12120926104762, -231.00259791804964, -213.70518861686062, -194.41370712049655, -181.02035707834358, -166.96327556914807, -154.86774047324357, -139.48647092677959, -133.52420142650411, -123.50135284269156, -115.53734756087665, -108.49941359590557, -101.84238878905335, -94.693874226634875, -90.203572291566857, -83.786147732081062, -80.691816028161924, -75.830838755411818, -72.191410898612673, -66.972356227876347, -64.692698194136881, -61.821130803610558, -59.968459012121009, -57.644326922547151, -55.699360294239042, -53.295634958612879, -51.908494977975671, -49.935701449218115, -48.422656439808272, -47.372894615906262, -44.957089566406296, -44.582448934581045, -43.140877916849355, -41.807869794854469, -40.835161471886813, -39.940134647277787, -39.583030802958945, -38.864139534909867, -38.477798197309284, -37.793513570184366, -37.090374037613067, -36.508133181046631, -35.516661060702639, -34.661421765689212, -34.202268364911532, -33.90773005959192, -32.934371666809312, -32.365000029878537, -32.254401160560185, -31.965916677834283, -31.067214375045779, -30.857887731354882, -30.096290575492649, -29.880316077770246, -29.616469813178895, -29.167914572119489, -29.254588500062578, -29.207603441034145, -28.680942873097393, -28.588380004150054, -28.11711122372553, -28.189617444969517, -28.235528177027039, -27.990085952300298, -27.444508000792375, -27.116856916824347, -26.867382566895696, -26.627213086285874, -26.393187068549143, -26.245379148434505, -25.855799266886006, -25.869266520588099, -25.576061010725219, -25.561591211015301, -25.333097849572713, -25.320493277721177, -25.37220818948089, -25.149569960402872, -25.134026451536545, -24.638959084824759, -24.453176241187958, -24.342901947889459, -24.051345415107434, -24.231013300918448, -24.235885608290697, -23.657323195942773, -23.63944116598136, -23.667957520301616, -23.327623048675619, -23.420071540741038, -23.062867087205539]}