{"timestamps": [1491425505.844426, 1491425543.965877, 1491425586.617883, 1491425626.661851, 1491425662.677964, 1491425699.801591, 1491425739.884107, 1491425783.908793, 1491425829.654508, 1491425868.116981, 1491425909.636978, 1491425945.912864, 1491425987.013145, 1491426023.115211, 1491426065.966241, 1491426109.32945, 1491426153.791616, 1491426198.528625, 1491426236.399228, 1491426275.810645, 1491426322.881232, 1491426368.125677, 1491426412.888273, 1491426449.644101, 1491426491.358267, 1491426539.031185, 1491426576.411057, 1491426621.702051, 1491426663.781405, 1491426702.021718, 1491426750.094167, 1491426792.571235, 1491426831.254689, 1491426868.00924, 1491426911.82049, 1491426950.818659, 1491426990.391808, 1491427030.93065, 1491427070.223921, 1491427104.751005, 1491427143.221875, 1491427185.995116, 1491427224.116406, 1491427267.315929, 1491427313.113718, 1491427353.89879, 1491427388.772637, 1491427434.461059, 1491427472.671963, 1491427515.747263, 1491427558.23994, 1491427602.260021, 1491427646.7982, 1491427685.407381, 1491427732.8099, 1491427775.001682, 1491427814.890074, 1491427854.208759, 1491427898.267139, 1491427928.333543, 1491427966.274582, 1491428002.632927, 1491428046.904907, 1491428079.790287, 1491428101.495277, 1491428121.02291, 1491428141.347335, 1491428162.16998, 1491428182.605152, 1491428203.070273, 1491428223.941942, 1491428244.693272, 1491428265.278834, 1491428285.924604, 1491428306.263506, 1491428327.010441, 1491428347.883838, 1491428367.539964, 1491428387.903431, 1491428408.280039, 1491428428.93487, 1491428449.329596, 1491428469.568703, 1491428490.54556, 1491428511.738239, 1491428532.553655, 1491428553.402526, 1491428573.682261, 1491428594.387054, 1491428614.743354, 1491428635.464777, 1491428656.082172, 1491428676.948482, 1491428697.221193, 1491428717.978403, 1491428738.654674, 1491428759.255658, 1491428779.720229, 1491428799.999642, 1491428820.871164], "rewards": [-616.44061388678233, -617.44264934343698, -546.03690501523806, -508.04884381891634, -463.75077166269818, -441.31660623058798, -407.34974354931154, -382.92147888561112, -348.7221050575136, -324.4657204564964, -300.52867681552556, -280.87812126548806, -259.08393574055503, -236.47658517028694, -222.47784987641194, -209.13332941655241, -196.4813421125283, -182.21270111378288, -167.80835603389406, -159.29985968795521, -149.04161369696695, -139.4893859345016, -133.3582280836319, -124.31244679206507, -117.96905674429875, -110.70500603219088, -104.89521477496642, -98.289877582843616, -93.504078199685949, -88.796495780236199, -83.581046427711499, -78.897324648004087, -75.62105216237525, -72.42982196974107, -68.881424518977653, -66.266664466369917, -64.078525260551601, -61.753928234205866, -59.822537648845831, -58.191579941735981, -55.350338469804683, -53.702009421756856, -51.345422792190867, -50.180480018208272, -49.157114258941299, -48.281187976293829, -46.35822551384598, -45.385176687273805, -43.635954836701067, -42.277429757511243, -41.009211597756256, -40.082433640858319, -39.238849325761677, -38.749239113225634, -37.418066566718892, -37.16940574429195, -36.030309060334275, -34.968966124477696, -34.273904514827983, -33.527880814266183, -33.346029215644499, -32.643459938082572, -31.730090542666193, -30.962105829134657, -30.76909696037384, -30.056895140297922, -29.430572688453232, -29.192757386650591, -29.074777421526932, -28.041756323287686, -27.9636467731777, -27.976678769489837, -27.820728074383002, -26.99447684515604, -26.635886116826544, -26.46814782695624, -26.240917226881741, -26.084671116704616, -25.954369892083999, -25.525624511308656, -25.61985827710846, -25.486519714780705, -25.320831686218131, -25.250995829222003, -24.907672907565139, -24.965049582538086, -24.333350738642046, -24.481186058222775, -24.524584939709239, -24.053537260967282, -23.886763315019994, -23.662806321910917, -23.585552307395943, -23.392869253050645, -23.643652249569993, -23.344510193724382, -23.02105550799471, -22.90455673289684, -22.852639242857798, -22.669588549860379]}