{"timestamps": [1491428862.716565, 1491428868.328878, 1491428873.387181, 1491428878.653962, 1491428883.870426, 1491428889.499101, 1491428894.589924, 1491428899.420043, 1491428904.235415, 1491428909.01425, 1491428913.724702, 1491428918.522573, 1491428923.229152, 1491428928.016339, 1491428932.798298, 1491428937.575463, 1491428942.297705, 1491428946.883561, 1491428951.406734, 1491428956.125499, 1491428960.846414, 1491428965.613337, 1491428970.334611, 1491428975.015531, 1491428979.834475, 1491428984.60265, 1491428989.385863, 1491428994.337258, 1491428999.202184, 1491429003.985347, 1491429008.841425, 1491429013.689424, 1491429018.459891, 1491429023.381584, 1491429028.275353, 1491429033.240522, 1491429038.044235, 1491429042.773385, 1491429047.582449, 1491429052.407467, 1491429057.3027, 1491429062.050218, 1491429066.872635, 1491429071.641736, 1491429076.420971, 1491429081.240328, 1491429086.088233, 1491429090.983456, 1491429095.862904, 1491429100.742454, 1491429105.584808, 1491429110.385921, 1491429115.222148, 1491429120.027511, 1491429124.457772, 1491429129.208804, 1491429133.954384, 1491429138.674329, 1491429143.398886, 1491429148.202589, 1491429152.993697, 1491429157.744495, 1491429162.485091, 1491429167.206702, 1491429171.898808, 1491429176.693463, 1491429181.37729, 1491429186.074764, 1491429190.812027, 1491429195.516308, 1491429200.333657, 1491429204.893349, 1491429209.384311, 1491429214.071083, 1491429218.796217, 1491429223.476422, 1491429228.221144, 1491429232.930675, 1491429237.727151, 1491429242.660741, 1491429247.708368, 1491429253.584993, 1491429259.99032, 1491429267.171592, 1491429275.24967, 1491429283.723967, 1491429293.552151, 1491429302.763884, 1491429312.2655, 1491429320.798633, 1491429329.728766, 1491429339.444905, 1491429349.087994, 1491429358.356311, 1491429367.695676, 1491429376.960706, 1491429386.157851, 1491429396.604285, 1491429404.815515, 1491429413.548806], "rewards": [-600.5962043956431, -604.84686102326066, -561.54526226891949, -544.05805737842127, -499.82471487076333, -477.19521914806472, -454.50719885089001, -406.36885515688687, -384.12741208570907, -360.15772939368469, -334.96271855863199, -317.59854335119297, -301.9916544800206, -290.88146691711211, -277.00842317688466, -261.64260818214404, -253.31269630356201, -237.15550057025609, -225.34453902123343, -218.50221441800616, -207.28791071130738, -196.2897450355556, -184.58187519600338, -171.59398761362161, -162.77878441199454, -158.31982344151191, -154.23316888299959, -147.81038663794109, -140.52902942013054, -133.98516135871125, -131.42898621677648, -123.82222246828729, -120.47976527290277, -116.79312845264894, -109.81233419288043, -104.47739730652982, -101.72060596808537, -97.601331069982734, -94.569969089912078, -90.776367709801562, -90.00496295815897, -87.60268202784124, -83.62638555404402, -80.119164486911075, -77.863651693375303, -77.110356622168965, -75.448713555651935, -73.077715363965083, -71.871811693346785, -71.092401443190568, -69.111529642378414, -73.514634770888165, -66.469767218886986, -66.460113681102456, -67.01029570493715, -63.352302380135058, -62.838540844531181, -60.293506709186431, -60.344671874748592, -58.489453687672373, -59.184683439985186, -56.739363335331475, -59.433147557603263, -56.560211175161157, -57.678049842397307, -73.608466200443999, -69.605979587419583, -56.516825492381741, -55.654872130093302, -53.51914652497765, -52.338787649786312, -52.425518342765741, -61.57507340352322, -65.042572859349789, -54.978473559207359, -51.347943287500605, -50.925022235476924, -48.973522243034907, -46.863201442592015, -47.158117615933151, -46.903766765606697, -46.096629619186487, -45.08142939108334, -45.622820014374419, -45.02480752803379, -45.15186670040837, -43.829051457883622, -43.28528996203827, -42.276881360120939, -41.732292223586356, -40.636684118898017, -40.139587670852791, -39.724920618401896, -39.636504886162335, -38.883506455970583, -39.892936895097883, -38.237436615837687, -37.209133645590484, -36.720970054368237, -36.32611556411598]}