{"timestamps": [1491515105.66182, 1491515309.438751, 1491515682.389366, 1491516026.379225, 1491516450.227719, 1491517293.608795, 1491517700.583326, 1491517877.540161, 1491518032.904398, 1491518187.193246, 1491518341.078257, 1491518495.044025, 1491518645.68805, 1491518797.120779, 1491518950.95936, 1491519105.028638, 1491519258.916681, 1491519411.354856, 1491519563.19824, 1491519717.096408, 1491519869.485622, 1491520022.004073, 1491520175.536634, 1491520327.965417, 1491520482.794914, 1491520636.985835, 1491520793.434437, 1491520955.325496, 1491521121.746764, 1491521285.859837, 1491521448.773204, 1491521611.714622, 1491521772.603029, 1491521933.453513, 1491522091.661946, 1491522252.625018, 1491522406.659245, 1491522562.341222, 1491522714.472761, 1491522870.270725, 1491523024.555702, 1491523177.897591, 1491523329.762634, 1491523483.649083, 1491523636.123031, 1491523786.664548, 1491523937.739105, 1491524087.877525, 1491524239.041702, 1491524389.373926, 1491524541.255101, 1491524690.556891, 1491524838.845264, 1491524987.902668, 1491525135.777577, 1491525282.462818, 1491525431.651859, 1491525582.988309, 1491525734.210109, 1491525888.818409, 1491526043.422544, 1491526197.717937, 1491526351.606744, 1491526502.490838, 1491526654.825221, 1491526804.416465, 1491526953.17273, 1491527100.177941, 1491527248.969186, 1491527395.949518, 1491527543.359673, 1491527692.166248, 1491527842.319754, 1491527999.14908, 1491528156.845126, 1491528317.321983, 1491528477.582789, 1491528633.772515, 1491528792.28643, 1491528951.803239, 1491529106.229066, 1491529265.13611, 1491529419.113891, 1491529574.724268, 1491529727.109688, 1491529876.965932, 1491530028.342346, 1491530181.861188, 1491530342.703328, 1491530508.350702, 1491530668.386243, 1491530827.549279, 1491530984.502817, 1491531140.000246, 1491531294.85392, 1491531447.249546, 1491531589.107751, 1491531732.152384, 1491531885.419028, 1491532037.485001], "rewards": [-781.57660355170992, -774.59866896565131, -706.60565885774781, -651.64825140802691, -612.10123489958414, -569.35979832250234, -543.85279740625833, -499.77578637965001, -458.95615221642754, -424.43328085499684, -394.03982151343126, -366.52223005141923, -340.26436667941357, -315.50136258815587, -293.38886993324053, -274.62175056140518, -257.07614237951856, -241.26542792271241, -226.10496703831313, -212.74476322761524, -200.15218353386663, -187.98483066019492, -176.27374670573548, -163.63919146124871, -151.74648628397873, -140.30917167077857, -130.23786666313021, -122.64181003991129, -113.88970666612857, -107.24219633819818, -101.3652914289226, -95.821420656095455, -91.264486450768061, -89.192653100680957, -83.092238966718014, -78.948555850587994, -75.977342761271501, -72.668158559230164, -68.233873032142697, -64.504538404063737, -61.224012360887244, -60.337241625249817, -55.250582931855064, -52.832927915368501, -47.902384904196126, -47.934056101699184, -44.23179714913929, -43.50901758272915, -37.979927474587825, -38.62879933499039, -34.822507184234624, -30.410320564383607, -34.555726526689902, -33.252177814228041, -33.370461539037116, -30.656234409683773, -30.132773716507, -24.07177569617701, -28.707270433205704, -23.962942168836811, -23.49139143064653, -23.600991162505586, -20.171095466934137, -22.390056102427291, -21.78990248579569, -16.261937620482318, -14.862262105956786, -19.740076735061294, -17.49358189671895, -22.990301486829548, -20.220634621929307, -16.705556171713969, -19.158202442016535, -16.545615732293289, -15.236569016432737, -16.711902065491074, -14.059674645827311, -11.764015736481399, -12.558231950566192, -9.0791798282216014, -12.883500789735757, -6.8243886721563713, -12.615598063507894, -10.095417093241931, -5.6563778465186187, -13.039590902814716, -1.2605464847072638, -5.1214603685874636, -5.9317564483304519, -7.4902422988248611, -7.2691991121605479, -7.6925589484067798, -6.1933308782623762, -4.5028344218170844, -7.4077078216292316, -6.1703335856473753, -11.158025789183112, -3.676183929447062, -6.7026267462456124, -6.767438177112802]}