{"timestamps": [1491486973.318951, 1491486998.028786, 1491487026.678868, 1491487053.142418, 1491487078.976623, 1491487107.804756, 1491487132.891999, 1491487160.608398, 1491487189.702209, 1491487218.939992, 1491487253.065387, 1491487280.705031, 1491487307.768324, 1491487332.881272, 1491487367.499654, 1491487396.605531, 1491487422.664605, 1491487447.862085, 1491487475.813299, 1491487504.108707, 1491487530.146062, 1491487551.237518, 1491487577.006654, 1491487606.160612, 1491487628.356547, 1491487655.261299, 1491487684.977156, 1491487714.613719, 1491487745.501793, 1491487771.196335, 1491487796.648226, 1491487819.52557, 1491487849.108913, 1491487872.600059, 1491487895.73107, 1491487922.984238, 1491487949.974458, 1491487970.388456, 1491487997.854927, 1491488024.983478, 1491488053.507935, 1491488076.969418, 1491488102.952011, 1491488127.418266, 1491488158.766279, 1491488186.29016, 1491488211.878635, 1491488238.723052, 1491488260.52645, 1491488286.624394, 1491488316.062318, 1491488342.611311, 1491488367.458157, 1491488393.593068, 1491488417.787017, 1491488442.92479, 1491488473.15276, 1491488501.839712, 1491488525.611976, 1491488551.347087, 1491488570.866859, 1491488597.430431, 1491488619.420401, 1491488648.077749, 1491488676.109717, 1491488707.400745, 1491488729.642672, 1491488756.307375, 1491488784.626745, 1491488814.606559, 1491488838.873451, 1491488864.637959, 1491488891.747865, 1491488920.871581, 1491488944.310925, 1491488973.758512, 1491488997.229514, 1491489019.269149, 1491489045.37377, 1491489070.94484, 1491489099.803494, 1491489124.673353, 1491489157.656836, 1491489185.654116, 1491489214.71642, 1491489238.097698, 1491489260.374578, 1491489286.257986, 1491489315.087595, 1491489342.797544, 1491489369.116556, 1491489393.305928, 1491489421.636917, 1491489451.809462, 1491489480.669041, 1491489503.855526, 1491489537.520917, 1491489566.00475, 1491489587.761169, 1491489606.600325], "rewards": [-177.18252691416387, -160.31922560628004, -136.44515101757963, -120.82966717501299, -100.61490621608411, -86.668289532456853, -75.570579960944798, -63.895400616471953, -55.972047799093673, -47.712059486710153, -41.450344742601608, -37.16741652809489, -32.200932567419343, -28.97249297962761, -25.299021030331236, -23.509737882154063, -21.905595923522256, -19.701964014119739, -18.399277332855817, -17.165358204885422, -16.118942503170544, -14.872922463032562, -14.256892645705568, -13.776639535751453, -13.314517637598367, -13.107597519635226, -12.209901438595789, -11.993201708844682, -11.434201862686148, -11.56618681894571, -10.82507624804575, -11.402817828610642, -11.237162398884168, -10.593548286591107, -11.14824302052612, -11.142028483036606, -11.612417676427809, -11.245492743619309, -10.937756279682951, -10.248737509205238, -10.947617704520001, -10.339544852149492, -10.7163781281685, -10.179105845905799, -10.403889454496658, -10.306006658650563, -10.038168190870227, -9.4665509513302624, -9.3834871940396027, -9.8305630753845428, -9.291008642894921, -9.7513422291824661, -9.4114039360076127, -9.3009396554727761, -9.2731306287292892, -9.2704264373388021, -9.9048428968981508, -8.7837219088497598, -8.8994788120678976, -8.327756171267211, -9.2120108951339379, -8.5381588755681133, -8.6714844560311448, -8.8704087905933324, -8.5681327782044807, -8.2512839329858405, -8.948358670274855, -8.6441921188525956, -8.1274645048387431, -8.5117720824637715, -8.3825026463775991, -7.9710523273156628, -9.1186032039459093, -8.423897883863857, -8.1813389692177712, -7.7681504953920175, -7.5800219432767753, -7.9793170852148156, -8.2878848474324407, -7.5134584271684117, -8.1424658104815677, -8.0578531200971835, -7.973831423308841, -7.5313159725962775, -7.8311669068699663, -7.7734172447631815, -7.3135560765119205, -7.4045870324080703, -7.6873057130485378, -7.773472192639252, -7.4769975300205509, -7.5755701471101373, -9.5559560809748003, -6.9873922033831972, -7.4053884189717527, -7.6628884858295017, -7.3109355761257087, -7.7295640739588736, -7.7984883302839139, -7.7248676158957901]}