{"timestamps": [1491562651.229968, 1491562735.976615, 1491562819.959701, 1491562903.070603, 1491562984.880407, 1491563068.405258, 1491563150.85108, 1491563233.542128, 1491563316.728471, 1491563397.035017, 1491563479.345164, 1491563562.287876, 1491563645.243988, 1491563728.286078, 1491563810.300878, 1491563892.521011, 1491563975.556918, 1491564057.185547, 1491564139.740309, 1491564219.953145, 1491564301.741779, 1491564383.91358, 1491564464.98068, 1491564545.76988, 1491564628.383659, 1491564709.923018, 1491564792.630988, 1491564873.83429, 1491564955.487442, 1491565038.03322, 1491565118.059052, 1491565198.957047, 1491565281.618215, 1491565362.429545, 1491565443.794876, 1491565525.738012, 1491565605.993203, 1491565687.570809, 1491565770.018163, 1491565851.227907, 1491565932.2646, 1491566013.988532, 1491566095.878561, 1491566177.043689, 1491566259.174313, 1491566340.680691, 1491566421.990145, 1491566504.416509, 1491566584.948509, 1491566665.994953, 1491566747.074495, 1491566827.420565, 1491566908.768929, 1491566990.528765, 1491567071.646455, 1491567153.292645, 1491567234.975012, 1491567314.287521, 1491567394.369543, 1491567475.912433, 1491567555.108878, 1491567636.837968, 1491567717.024217, 1491567796.989993, 1491567877.571783, 1491567960.485845, 1491568042.999102, 1491568123.883661, 1491568205.242501, 1491568285.411961, 1491568364.620302, 1491568446.564174, 1491568526.713774, 1491568607.934334, 1491568689.482782, 1491568769.466108, 1491568849.932926, 1491568931.299663, 1491569011.720359, 1491569093.092485, 1491569175.90899, 1491569257.497622, 1491569338.460116, 1491569422.159536, 1491569505.418898, 1491569587.251653, 1491569669.914486, 1491569751.598889, 1491569832.501613, 1491569916.125074, 1491569999.657263, 1491570083.013192, 1491570165.701009, 1491570247.896265, 1491570329.311115, 1491570412.74544, 1491570495.431268, 1491570578.561035, 1491570658.827628, 1491570742.416766], "rewards": [-1176.3129691542083, -1134.4715614497231, -1042.2572970966517, -969.747871846976, -873.4149840108508, -800.9466647677408, -735.7258995688366, -675.9305139711332, -624.1379812399067, -566.8185295095722, -523.0768698896559, -482.25659168159325, -443.20227440518977, -408.6508493746067, -378.8890552808753, -352.59972828090196, -326.8059706601142, -302.95609057130304, -280.97845903364924, -262.6123777118891, -246.15332792241048, -229.41372978964398, -216.2046218408026, -203.42808192283542, -191.55543069641823, -180.9057338253237, -169.75414860325137, -159.8523251151428, -152.44265139793046, -143.67728783542893, -136.00077896548925, -126.7155600441938, -121.93871894464523, -117.10823792890146, -111.96362232113907, -106.43551538426367, -102.41334082007114, -97.48180620937819, -92.4314175045095, -89.05443575123076, -82.79643103691544, -79.95397198523351, -75.15656891031614, -73.5016892299162, -68.75779866554518, -67.78931390448867, -67.68017201764422, -64.18924147887863, -62.722470083402165, -62.88449494347709, -56.21121077501892, -58.9413731364073, -48.554914802153505, -51.45440244127591, -47.989583822798714, -49.98193589502795, -50.58218176676856, -49.53574800263549, -50.6825867157233, -48.76602342146079, -49.09833335914343, -47.71015123469288, -46.079497389561304, -43.215597327990416, -49.17671835393373, -52.3793719766104, -49.0464322528222, -46.081844357803156, -42.640375724665006, -37.03568217178549, -40.17285594655941, -31.312037992650883, -36.53907472154215, -33.74995567350221, -33.534499804615976, -32.08484282312889, -33.3143466224815, -31.759147723259545, -27.090393526217163, -28.360095284555126, -27.564180121177504, -27.685396111299262, -22.710127928346605, -22.5688458589543, -23.39359530581649, -30.024110859432398, -25.0845544180979, -27.84514585180563, -24.20182386807711, -25.562770076094925, -23.54277370193961, -21.628557002676338, -24.989297524484307, -22.739049400820132, -19.267594798319816, -19.065960853596536, -19.649076740004116, -17.649539529147816, -18.639603083652673, -17.38783085901606]}