{"timestamps": [1491469539.274245, 1491469559.799388, 1491469578.60666, 1491469598.669762, 1491469623.594757, 1491469652.621661, 1491469689.375832, 1491469723.802179, 1491469768.125505, 1491469811.882753, 1491469848.376341, 1491469898.139964, 1491469929.996525, 1491469968.085106, 1491470011.933018, 1491470050.996792, 1491470096.131261, 1491470129.928453, 1491470175.628941, 1491470214.817438, 1491470250.308247, 1491470292.60044, 1491470329.750944, 1491470371.110119, 1491470403.692668, 1491470449.300975, 1491470485.421142, 1491470526.505379, 1491470568.877721, 1491470605.051226, 1491470649.856798, 1491470687.683165, 1491470725.583057, 1491470767.538524, 1491470805.458219, 1491470845.348866, 1491470878.229284, 1491470921.710081, 1491470960.252846, 1491471002.400116, 1491471039.654064, 1491471079.176633, 1491471114.558122, 1491471148.573545, 1491471188.475196, 1491471222.77228, 1491471258.294333, 1491471293.215572, 1491471328.840961, 1491471361.168754, 1491471399.870969, 1491471435.431391, 1491471476.289665, 1491471516.591204, 1491471553.884977, 1491471595.221391, 1491471629.949493, 1491471672.27425, 1491471706.92368, 1491471750.248933, 1491471788.242257, 1491471823.955687, 1491471862.352809, 1491471899.686479, 1491471941.274172, 1491471979.37733, 1491472018.535558, 1491472058.054047, 1491472094.608187, 1491472133.240661, 1491472170.494232, 1491472208.002308, 1491472243.973408, 1491472284.840412, 1491472324.279055, 1491472359.230379, 1491472399.48285, 1491472439.352954, 1491472481.715964, 1491472521.581427, 1491472563.137196, 1491472605.70988, 1491472638.279601, 1491472680.263998, 1491472716.273761, 1491472758.807345, 1491472796.358735, 1491472832.265237, 1491472878.891145, 1491472918.645711, 1491472960.255455, 1491472999.17467, 1491473038.088347, 1491473078.342403, 1491473112.659918, 1491473152.785066, 1491473191.328608, 1491473230.597141, 1491473263.86523, 1491473298.029426], "rewards": [-875.02243526089774, -816.4084474364314, -751.99767052937329, -648.57520940768097, -573.86443850860223, -510.22200497727675, -457.60201540825688, -412.71833742486245, -366.04017591248686, -331.79038885360308, -294.8031744533647, -262.91400027395741, -236.68352111596676, -217.05332760614638, -190.76477173946247, -173.93079232012599, -159.79616095474478, -148.4446869610326, -135.58753159269855, -122.98072317668526, -113.26652263901185, -104.60137943158068, -96.899192553054164, -90.323460220773953, -84.41103511197764, -79.026488194366223, -73.668584357135202, -68.888757343138607, -64.325450494941649, -60.998522384958193, -57.99251788582319, -54.91166943371006, -52.148765533031238, -50.532446375906154, -49.040757946410046, -46.943447515633537, -46.927543614463566, -53.864937014745919, -43.633716237173992, -42.6206569580674, -41.978670664933659, -40.98212689281322, -40.135720790427754, -38.927615711975434, -38.082487828480517, -36.114876586479085, -34.63397094213812, -33.909419207293737, -32.758354496515487, -32.298963673695518, -31.661029078562102, -31.927197849933382, -30.71821643822933, -29.628490654370196, -28.312795903474196, -27.748112420056742, -26.460511079886629, -25.816890120788162, -25.070883160440918, -24.672857407277931, -24.156494162892855, -23.235842767933192, -23.046114282120325, -22.423319420282827, -21.858629563468881, -20.837324844977061, -20.783025383355895, -20.426519253505454, -20.355034220230674, -20.566111432124114, -20.476943096835285, -25.118162857833166, -26.752178382301416, -21.705192748768681, -20.557630200494394, -23.135348315470459, -23.498129042159444, -21.614530750567059, -19.558575542323538, -19.659983955920353, -19.464920904793519, -19.547696695561005, -19.451312054367278, -19.428705996666228, -19.454947310507166, -19.446845511898971, -19.347163135678571, -19.697735300779147, -19.507756795843701, -19.423574378584192, -19.434115569047233, -19.747448629636253, -19.451394731878768, -18.881858509034274, -18.673365723784034, -18.640669732024797, -18.69182917493427, -18.772007676342767, -18.707485163041408, -18.551696760023589]}