{"timestamps": [1491477829.482752, 1491477848.656337, 1491477863.15695, 1491477884.351089, 1491477904.486209, 1491477923.456331, 1491477943.182653, 1491477960.575413, 1491477977.703155, 1491477996.441845, 1491478016.599192, 1491478033.59834, 1491478051.668411, 1491478071.204919, 1491478090.380371, 1491478110.061362, 1491478127.700295, 1491478144.867065, 1491478161.870618, 1491478183.282599, 1491478198.381836, 1491478212.841138, 1491478233.019704, 1491478254.682806, 1491478272.900102, 1491478290.426702, 1491478309.718552, 1491478327.640895, 1491478343.378534, 1491478365.842497, 1491478384.545841, 1491478403.894268, 1491478422.406244, 1491478445.905877, 1491478462.474432, 1491478483.245497, 1491478501.494336, 1491478520.515903, 1491478542.868258, 1491478562.444328, 1491478580.203005, 1491478601.666858, 1491478622.344071, 1491478644.543678, 1491478660.464677, 1491478676.533315, 1491478695.321533, 1491478710.577863, 1491478731.16095, 1491478753.10679, 1491478772.802029, 1491478794.216123, 1491478812.01129, 1491478832.530143, 1491478851.311359, 1491478869.115402, 1491478885.481604, 1491478904.987303, 1491478928.224033, 1491478953.913877, 1491478971.273729, 1491478993.500421, 1491479008.891421, 1491479028.660213, 1491479048.83544, 1491479063.573615, 1491479084.440722, 1491479103.863277, 1491479123.075876, 1491479140.761551, 1491479159.887046, 1491479179.480274, 1491479201.744042, 1491479222.896029, 1491479242.353214, 1491479261.967261, 1491479279.623453, 1491479296.789902, 1491479315.626181, 1491479330.761132, 1491479349.200931, 1491479365.948129, 1491479390.500284, 1491479409.455365, 1491479432.016079, 1491479450.850355, 1491479471.334414, 1491479489.333976, 1491479507.986878, 1491479529.453412, 1491479547.525352, 1491479560.793879, 1491479577.036018, 1491479594.098557, 1491479614.042766, 1491479630.639147, 1491479651.684424, 1491479670.689012, 1491479689.431976, 1491479709.123908], "rewards": [-137.12445257188466, -125.60869902983127, -110.92677273622134, -93.580777605837412, -79.742965462681681, -69.257349342879351, -60.791503157554295, -50.240801258908874, -44.775265917327225, -38.809030530486496, -34.055917289545285, -29.855703883201532, -27.039968821435835, -23.911089885545898, -21.752532171510101, -19.358484338406498, -17.408824795436942, -16.369282884181711, -14.959839136729224, -14.255103936762021, -13.406080386267639, -12.830134217954839, -12.364500851075833, -11.597397368945767, -11.068125482110867, -10.470996191220541, -10.589164073355896, -10.305359429026423, -10.138090479544658, -9.5789109399670682, -9.4569932768477223, -9.8338505083122012, -9.6946218094096626, -9.3162753968819114, -9.2173963229011822, -8.575217927271094, -8.9076297849247457, -9.0644645564242925, -9.1395420055593686, -8.8521763175043198, -8.8729785510491954, -8.8021026799328297, -9.1014084702406954, -8.9763395696428638, -8.987208837318299, -9.3696284567801094, -9.1093553372973357, -8.9933566378740863, -8.8023099529289208, -9.0369567203769119, -9.0525352947888251, -8.6609088085708397, -8.6965947217386095, -8.8000388050658671, -8.2914128403995235, -8.7827409118816888, -8.685229430711761, -8.7490497260950999, -8.6417093033787857, -8.5665428937280073, -8.3926462221215079, -8.0768906872070563, -8.4662830808834038, -8.0804339492802519, -8.0542427558947516, -8.7279906024673384, -8.8168959488094512, -8.264355256431168, -8.5254197587415153, -8.4528749299079582, -8.4525160517616786, -8.721539312830858, -8.3773925287221189, -8.3334042773295351, -7.9037608208116525, -7.7190457560254409, -8.186099946728481, -8.6929069599113262, -8.4280146397665447, -8.4295818478927593, -8.9987536503233958, -8.1839014323563486, -8.5985775957204922, -8.4620230532781093, -8.074276620889691, -8.350175925769916, -8.2720494954239019, -8.5806703709062386, -7.7083930399442089, -8.2926297429432552, -8.6790210730341464, -8.2982419164628958, -8.3250043006221812, -7.8649600213975166, -8.3600261834596203, -8.4453974264377898, -8.0639274611881824, -8.567000245266831, -8.1217934932400944, -8.2427291215857377]}