{"timestamps": [1491463385.729345, 1491463434.41435, 1491463480.886429, 1491463535.222432, 1491463581.931052, 1491463628.197878, 1491463675.956077, 1491463723.150343, 1491463767.456423, 1491463820.755059, 1491463869.182262, 1491463918.991925, 1491463969.82585, 1491464019.125336, 1491464066.145011, 1491464110.871074, 1491464161.326806, 1491464208.027791, 1491464257.659302, 1491464302.687916, 1491464347.321115, 1491464389.961295, 1491464439.067455, 1491464483.42046, 1491464531.838348, 1491464582.086667, 1491464634.093947, 1491464682.874813, 1491464734.467577, 1491464783.794013, 1491464836.411876, 1491464892.73119, 1491464936.866213, 1491464986.457534, 1491465028.68852, 1491465082.262764, 1491465130.709346, 1491465182.698114, 1491465228.309358, 1491465276.626647, 1491465324.437246, 1491465377.55275, 1491465433.73585, 1491465480.961194, 1491465532.158323, 1491465580.428125, 1491465628.822947, 1491465679.013757, 1491465724.217854, 1491465775.664549, 1491465826.475635, 1491465873.044751, 1491465924.827858, 1491465973.471929, 1491466026.989079, 1491466077.456948, 1491466126.755909, 1491466174.453003, 1491466225.661152, 1491466273.749697, 1491466316.783005, 1491466365.772507, 1491466410.887153, 1491466460.874236, 1491466509.597909, 1491466557.215372, 1491466597.57348, 1491466647.172863, 1491466697.098816, 1491466746.58729, 1491466791.82687, 1491466841.352055, 1491466894.887846, 1491466941.652087, 1491466989.171349, 1491467032.38302, 1491467080.599383, 1491467131.052134, 1491467175.980074, 1491467227.61025, 1491467276.028302, 1491467325.660547, 1491467375.531716, 1491467428.456198, 1491467472.519502, 1491467516.73098, 1491467557.829018, 1491467604.564585, 1491467656.611673, 1491467710.873192, 1491467760.352139, 1491467815.918662, 1491467862.74669, 1491467915.772565, 1491467964.907508, 1491468014.505223, 1491468065.8467, 1491468112.82879, 1491468157.49557, 1491468204.344244], "rewards": [-690.7857024926863, -679.009072558395, -612.9717807285326, -547.5552415386679, -494.3711278594803, -449.5943358273162, -404.7696432093633, -365.8431290697232, -328.0007745884154, -295.94084940868873, -268.2088259686023, -240.09473704805035, -217.27106705724907, -198.92048466865563, -178.0349601957296, -163.60156276690984, -149.22105073844284, -136.84639839937878, -126.01982240636129, -114.87622459518938, -106.96436446279513, -96.22617765336808, -89.12360209612207, -82.42190814286967, -77.02507851192428, -71.93073573081459, -65.75489514136737, -61.28201916882728, -58.05793001816061, -54.67653967662575, -52.67982434992528, -48.469769010677325, -46.49857081053691, -43.60589831985106, -41.715558705994866, -39.2298314810404, -38.520607410561276, -36.50131058619583, -36.00549550933641, -34.31626971162916, -33.44056031485006, -32.106041674702276, -31.207734440969478, -30.611984919534798, -29.790623819717037, -28.694425187755158, -27.960013225909005, -26.841147021671805, -26.316172337344906, -25.676693816756938, -25.392557905707175, -24.59178352558455, -24.358518858277858, -23.928090988696898, -23.53559469522413, -22.907068969016333, -22.795427766856061, -22.169511190133395, -22.073214960245711, -21.954443854298098, -21.499232724237412, -21.080506137031762, -20.951313322682459, -20.38109275251643, -20.496852324022129, -19.9609735420417, -19.743277723160347, -19.917480471836122, -19.45308761431351, -19.051660913262509, -18.957983118916051, -18.904636045622368, -18.871653437152951, -18.795216969300746, -18.663351985686273, -18.583944923072423, -18.362379860657899, -18.19785129838365, -17.722711349748227, -17.663722709566997, -17.549386245273936, -17.591305744541089, -17.539763479825861, -17.153367143929326, -17.052155335636527, -16.756141586312719, -16.801071336271495, -16.476570175472105, -16.291467181234871, -16.214382659507304, -15.760797187963565, -15.579219914541968, -15.545831466991828, -15.273465454613349, -14.582445452778177, -14.849160604495491, -14.71759787120873, -14.669122020886652, -14.449861153385484, -14.377839404738301]}