{"timestamps": [1491423974.233224, 1491424001.488857, 1491424025.59222, 1491424052.582519, 1491424081.106678, 1491424109.341433, 1491424138.599658, 1491424167.958535, 1491424197.442684, 1491424226.192413, 1491424255.139298, 1491424284.174841, 1491424313.263889, 1491424343.776176, 1491424371.101845, 1491424400.379926, 1491424428.949484, 1491424458.610862, 1491424487.504264, 1491424515.865476, 1491424544.870167, 1491424574.496806, 1491424603.110051, 1491424633.207561, 1491424662.359414, 1491424691.901141, 1491424721.433707, 1491424750.885808, 1491424779.514678, 1491424809.07281, 1491424839.158249, 1491424868.029647, 1491424897.388732, 1491424926.999627, 1491424956.909658, 1491424987.064622, 1491425016.014834, 1491425045.131481, 1491425074.240485, 1491425103.1968, 1491425132.709271, 1491425162.63933, 1491425191.759274, 1491425221.648965, 1491425250.840088, 1491425279.149502, 1491425306.798926, 1491425336.134477, 1491425364.824147, 1491425394.379342, 1491425429.480078, 1491425476.10134, 1491425527.814956, 1491425580.926618, 1491425628.807148, 1491425679.752472, 1491425732.195819, 1491425783.763075, 1491425837.313752, 1491425887.341375, 1491425934.80921, 1491425979.844008, 1491426036.792416, 1491426092.12266, 1491426137.767731, 1491426189.50935, 1491426242.896342, 1491426296.26265, 1491426348.632697, 1491426402.226151, 1491426455.72114, 1491426505.464791, 1491426560.82395, 1491426610.821832, 1491426666.774659, 1491426720.841532, 1491426776.83983, 1491426831.754128, 1491426883.863365, 1491426941.43321, 1491426996.650648, 1491427044.899732, 1491427092.366103, 1491427140.32657, 1491427196.662166, 1491427247.241518, 1491427298.62752, 1491427351.85229, 1491427409.217271, 1491427460.32605, 1491427516.93853, 1491427566.357413, 1491427616.915465, 1491427664.437906, 1491427716.306235, 1491427764.798195, 1491427813.183245, 1491427864.535213, 1491427913.881089, 1491427957.156298], "rewards": [-638.77435934347773, -632.80423559583005, -560.686194179724, -513.73984294382603, -461.46243241121135, -424.4655138991119, -400.11296944347492, -359.50560214229046, -331.91988498446699, -301.41572585952542, -271.41324087556899, -247.8150419142174, -226.69152037460751, -204.6035805697698, -190.04555450943107, -175.5484936997097, -159.16006040737565, -146.84918562267777, -133.65796503075728, -124.55602554356788, -115.459570170443, -106.56373965548991, -98.218349519602711, -91.275453846365437, -86.209256208414786, -80.332321895592244, -77.346300757153585, -72.75671646692507, -69.948788886000798, -65.598287567776609, -62.63142839505835, -59.551380909991956, -57.216594702560279, -55.659103200652524, -53.503467065374707, -51.27768046582198, -49.415822981460508, -48.451745306533006, -47.615173560212689, -45.449935668774415, -45.570669939361949, -43.441770093221024, -42.146976441373397, -41.28816766307105, -39.532573444593446, -38.527858881968641, -37.898485632164778, -36.415301864155317, -36.133786376252665, -35.127907518939544, -34.215946931285764, -33.880492533505588, -33.245109764102139, -32.836953390758275, -32.232976969033665, -31.422932955373241, -31.673349416147065, -30.749979203617407, -30.960363806262151, -30.120070956527652, -29.498143489339299, -28.258940064869829, -28.605217434193541, -28.185557776703263, -28.030121407977326, -27.11334318611928, -26.904064530043669, -26.770785086850665, -27.064363955383687, -25.932758654178347, -25.841147192170606, -25.963746103936355, -25.655101683882918, -25.372213740264787, -25.09412465072332, -24.875511286033493, -24.536604866005643, -24.301381378506893, -23.035788485489412, -21.96209962225581, -20.727308359416071, -19.967779915893967, -19.590846343174857, -18.580166604985269, -17.857705163733932, -17.745783824643333, -17.652131329383007, -16.622719674682632, -17.233737088795806, -16.262812590872421, -16.468436956447842, -15.981917844334816, -15.306557695684456, -15.46446347072159, -14.93156549891787, -14.578278398676103, -14.324961148471868, -14.106445577921271, -13.829906372601425, -13.86023017876065]}