{"timestamps": [1491412539.276003, 1491412572.164001, 1491412609.380515, 1491412646.204173, 1491412684.718375, 1491412722.25797, 1491412760.765328, 1491412798.885758, 1491412835.951591, 1491412873.164429, 1491412909.409838, 1491412947.718916, 1491412984.75333, 1491413023.055744, 1491413060.488494, 1491413099.17528, 1491413135.244371, 1491413170.692246, 1491413207.206695, 1491413243.963818, 1491413281.816875, 1491413318.872388, 1491413355.143884, 1491413392.97361, 1491413428.910453, 1491413468.029092, 1491413504.59791, 1491413542.424888, 1491413578.589953, 1491413616.348085, 1491413653.358482, 1491413691.223175, 1491413726.574626, 1491413763.788235, 1491413801.180354, 1491413838.336629, 1491413876.207071, 1491413913.789145, 1491413951.540885, 1491413987.35001, 1491414024.361886, 1491414062.516413, 1491414099.627498, 1491414136.754457, 1491414174.389631, 1491414212.870941, 1491414249.506809, 1491414286.842914, 1491414324.609414, 1491414362.363881, 1491414399.526991, 1491414437.676411, 1491414474.838598, 1491414512.519919, 1491414549.139302, 1491414586.897331, 1491414625.349964, 1491414662.963803, 1491414699.789305, 1491414737.144192, 1491414774.365844, 1491414810.69139, 1491414848.181305, 1491414884.782407, 1491414921.687991, 1491414958.97405, 1491414995.41214, 1491415032.466998, 1491415068.527522, 1491415105.905504, 1491415142.661211, 1491415180.456653, 1491415218.088965, 1491415254.709646, 1491415292.252626, 1491415327.809348, 1491415364.56117, 1491415401.967397, 1491415439.443702, 1491415477.466289, 1491415514.332345, 1491415551.751274, 1491415589.376914, 1491415626.007516, 1491415663.255867, 1491415699.373755, 1491415736.438134, 1491415772.904441, 1491415810.684698, 1491415847.668415, 1491415883.830182, 1491415920.332296, 1491415955.863861, 1491415992.3241, 1491416028.98545, 1491416067.133994, 1491416104.063488, 1491416139.546311, 1491416175.413381, 1491416212.135462], "rewards": [-1073.9508538166124, -1050.3462302649134, -983.10532311121187, -936.44422464860543, -877.09068046339542, -807.94981940908417, -745.49261509785492, -698.60275386231467, -660.01045723059167, -620.44374157010179, -582.81009130948792, -537.39041606443823, -524.22359625571301, -495.45210947008019, -461.43927602424554, -433.0981866269139, -415.70523236889579, -388.36096917795965, -373.7419635590494, -345.89064552537621, -328.51502501535009, -314.83877604279593, -296.93897720893995, -283.05845335676241, -269.76048693492021, -259.4526919505708, -247.92739088080924, -234.24270180089314, -223.0005811090675, -215.00612325798318, -202.9154615239529, -199.45887148470786, -191.27010106410799, -185.54842333951819, -180.92261154884719, -175.51301122016733, -167.21235454724328, -161.79399699328229, -153.59781110927079, -152.66309383663383, -147.19563810727493, -141.37551919422768, -134.19922155273881, -130.38115151135946, -127.25437350453205, -125.12329992111393, -118.49263832927514, -117.74284869806777, -114.58480338347317, -111.76414599887856, -112.21640222158327, -107.60708357985789, -105.78219003058739, -103.24748067223111, -100.95282274389554, -100.09586153661705, -98.595847848242187, -96.964118919342127, -94.702578113189006, -91.542588469653367, -93.793318107601152, -89.538396765127999, -91.375035022801697, -85.658521436585559, -88.088457521882532, -85.569957697823043, -84.562200893006946, -85.172159044620116, -83.728033835982458, -81.105009004546162, -82.858766390973457, -81.31349226793877, -82.136337020493499, -78.059278341742171, -78.770093278694858, -79.503871465358898, -77.77322592820282, -77.314030804484503, -78.044593979261151, -77.057022765861447, -75.945361945350768, -72.349064334698994, -75.320781806748926, -73.587211364736021, -74.593515111395661, -72.929269997080951, -71.814266723930913, -69.880900267900429, -72.22741568258698, -70.978045486090437, -67.517124755333029, -67.733481112254594, -68.646114930685044, -67.207027357084129, -71.946944896946192, -68.527517041092437, -68.631787905660701, -66.920744284655854, -66.840143900191663, -65.462245458363]}