{"timestamps": [1491433927.269349, 1491433960.018848, 1491433994.321175, 1491434032.687487, 1491434066.246455, 1491434101.088215, 1491434133.85059, 1491434166.626653, 1491434201.900217, 1491434238.983945, 1491434269.978308, 1491434306.310869, 1491434342.570745, 1491434379.214578, 1491434414.655317, 1491434451.543975, 1491434485.843887, 1491434518.257254, 1491434556.308319, 1491434593.997999, 1491434629.191362, 1491434663.505446, 1491434699.957678, 1491434735.771259, 1491434771.510773, 1491434807.013947, 1491434843.481003, 1491434874.289476, 1491434911.309079, 1491434948.647645, 1491434983.526176, 1491435014.473571, 1491435052.056136, 1491435087.279742, 1491435124.876567, 1491435159.437846, 1491435197.013171, 1491435232.577299, 1491435265.265075, 1491435299.125966, 1491435333.909944, 1491435374.222568, 1491435410.210127, 1491435445.268528, 1491435479.551663, 1491435514.472566, 1491435547.394295, 1491435587.133378, 1491435620.471625, 1491435658.61928, 1491435694.602186, 1491435731.297609, 1491435769.265561, 1491435805.212805, 1491435836.951308, 1491435874.390145, 1491435916.467984, 1491435957.273242, 1491435998.923231, 1491436036.005653, 1491436074.746134, 1491436107.952964, 1491436147.048782, 1491436186.974447, 1491436230.253175, 1491436269.286986, 1491436306.330613, 1491436343.173654, 1491436376.353089, 1491436417.036003, 1491436456.500374, 1491436495.379478, 1491436533.516764, 1491436570.244309, 1491436607.179112, 1491436642.084987, 1491436678.894273, 1491436718.110831, 1491436762.389341, 1491436802.603291, 1491436840.925129, 1491436879.635424, 1491436910.101184, 1491436944.80158, 1491436983.039485, 1491437025.730628, 1491437064.608496, 1491437106.655023, 1491437143.086916, 1491437182.476359, 1491437216.626467, 1491437254.256463, 1491437290.877066, 1491437330.657874, 1491437367.02751, 1491437398.828417, 1491437426.497152, 1491437452.545519, 1491437478.812129, 1491437505.81639], "rewards": [-489.81292457442925, -477.34375768871104, -429.51247902756796, -390.48540798980059, -359.48950274082614, -326.79436492644339, -296.90929758454041, -276.33554642986104, -248.58918667448626, -226.45776464685778, -205.75996849683568, -192.47776424948967, -175.560252716002, -166.71969874785907, -153.60606261583874, -142.23036171410834, -131.17298963992266, -122.79361495116805, -112.80741355767599, -105.65608390477993, -97.741064008777997, -92.126730329945872, -85.578759800580102, -80.982535899110587, -76.958954055439065, -72.6973693933042, -68.998317361763981, -65.293364272484339, -61.773538852040048, -59.098537251469935, -56.77372620666295, -55.485882298240121, -52.80097166062459, -51.935934746716406, -49.141411507738255, -47.928805064114101, -46.564338984986982, -45.242448742692012, -43.022110226143447, -42.199170282623115, -40.101105244506101, -38.576692925363538, -36.987864136959196, -36.140143941868693, -34.660905863771724, -32.866852066620879, -32.224170806585931, -30.770972600269843, -29.393709523674801, -28.488753187177885, -26.95296648870843, -26.058282858166603, -25.823470475183949, -24.895922498983587, -23.583721594514444, -22.210814272365255, -21.030944469848649, -20.671317295083345, -19.604707124342493, -19.176986739069193, -18.665194180921855, -17.381520730884699, -16.679393711692686, -15.773209151186691, -15.670262032926447, -15.152097455330592, -14.677568491310232, -14.309607722820104, -14.068470600597898, -13.425216178465938, -13.269138612117949, -12.715893674088615, -12.323801881582279, -11.919126424026954, -12.00721306305026, -11.375591505815656, -11.688714747668962, -11.304524448146569, -11.098654501880267, -10.744555199359246, -10.809948180345611, -10.467359078542238, -10.158067209984331, -10.128648501157574, -9.925708708852385, -9.7264666037030469, -9.526257416753678, -9.5159532269223917, -9.3764832037936525, -9.376800354024601, -9.1749127848034195, -9.1887734710266571, -9.0563247932891731, -8.883168527170076, -8.687179527402618, -8.6682182400000709, -8.5368391176596319, -8.4696954398414306, -8.4583848766498573, -8.5415604950405264]}