{
  "timestamps": [
    1491412536.314945,
    1491412567.473034,
    1491412604.010822,
    1491412640.893973,
    1491412679.650463,
    1491412717.811949,
    1491412757.3421,
    1491412795.155479,
    1491412834.052359,
    1491412872.8484,
    1491412911.936328,
    1491412949.539615,
    1491412988.29382,
    1491413026.668003,
    1491413065.278181,
    1491413104.353249,
    1491413142.160704,
    1491413178.542553,
    1491413216.341067,
    1491413253.921273,
    1491413290.986173,
    1491413328.916467,
    1491413366.898859,
    1491413404.198389,
    1491413439.750781,
    1491413476.008956,
    1491413513.91751,
    1491413551.302451,
    1491413586.640553,
    1491413624.75553,
    1491413662.75556,
    1491413700.664444,
    1491413737.972347,
    1491413775.73112,
    1491413813.604924,
    1491413851.673676,
    1491413888.164799,
    1491413926.991185,
    1491413964.073159,
    1491414001.64536,
    1491414038.814804,
    1491414076.954027,
    1491414113.023101,
    1491414150.402275,
    1491414187.100897,
    1491414224.391743,
    1491414261.181899,
    1491414299.157665,
    1491414335.879964,
    1491414373.191076,
    1491414411.10599,
    1491414449.100469,
    1491414486.904617,
    1491414524.681462,
    1491414561.892108,
    1491414599.440339,
    1491414636.504942,
    1491414674.423345,
    1491414711.484349,
    1491414748.450022,
    1491414784.287426,
    1491414822.026012,
    1491414859.216663,
    1491414896.419812,
    1491414933.085963,
    1491414971.042563,
    1491415009.099917,
    1491415045.464444,
    1491415083.138178,
    1491415119.307693,
    1491415157.596411,
    1491415195.543024,
    1491415234.932411,
    1491415272.400398,
    1491415310.178909,
    1491415347.260854,
    1491415384.333462,
    1491415421.825665,
    1491415460.356256,
    1491415498.174171,
    1491415535.323069,
    1491415573.09307,
    1491415609.514729,
    1491415645.939195,
    1491415683.10454,
    1491415720.699256,
    1491415757.556423,
    1491415794.78479,
    1491415831.662254,
    1491415868.037398,
    1491415905.499399,
    1491415942.518015,
    1491415980.238416,
    1491416017.850273,
    1491416055.576895,
    1491416093.597937,
    1491416131.430287,
    1491416169.771722,
    1491416206.70655,
    1491416243.080579
  ],
  "rewards": [
    -994.54655201848936,
    -982.64611307179894,
    -904.26984295582497,
    -875.50966308383431,
    -794.73868396125317,
    -766.50917668015086,
    -715.69785277442168,
    -678.59860002108849,
    -630.76181228196958,
    -592.76163156116422,
    -561.50803995399667,
    -522.86189137058466,
    -497.65642366840365,
    -463.94420620690602,
    -435.79792626974677,
    -421.50159319979616,
    -387.00948164146075,
    -369.80212241599037,
    -350.72515754946784,
    -332.2400325507798,
    -320.05109881352661,
    -302.94091350791768,
    -288.48510543962226,
    -276.88266504274975,
    -265.45881170508187,
    -255.85892327685193,
    -245.6054249102377,
    -233.88694337565133,
    -225.34585707926749,
    -217.41237805630101,
    -211.34278370465418,
    -205.63915496055134,
    -197.32121386476737,
    -191.15074606160161,
    -186.10424323706991,
    -180.36034683547601,
    -175.26176343354629,
    -171.95781140074382,
    -166.81867322832449,
    -163.75570128124428,
    -159.19173104552354,
    -153.40813627045668,
    -147.9227944368846,
    -142.73991975206775,
    -141.4913603602613,
    -138.61753803263784,
    -137.27765516316606,
    -133.35375269806562,
    -130.65532911755571,
    -129.21070364627352,
    -125.98964980803699,
    -122.64769954045774,
    -122.13734490225188,
    -116.32490434920781,
    -115.20691310868419,
    -109.15989803721116,
    -104.51887134308963,
    -102.93519310912232,
    -99.254491635464177,
    -97.34661964823141,
    -98.014007116426242,
    -93.643175097597634,
    -93.857845531944292,
    -83.691075390580977,
    -85.733775596697484,
    -79.482075966511744,
    -83.310171316979009,
    -75.13224657925916,
    -75.136612396542304,
    -74.142374373223475,
    -75.703678123432297,
    -75.555130590596946,
    -70.058209222448099,
    -68.13947438049388,
    -67.702666189478705,
    -67.203541221129527,
    -72.507667521915934,
    -64.715360291380591,
    -65.473243206403083,
    -61.996637484100937,
    -63.388435208532776,
    -57.64757527534276,
    -57.611328701311223,
    -59.057287982312282,
    -56.617741672458926,
    -59.18825467556109,
    -55.348608058965908,
    -57.723905474624047,
    -51.16272789864459,
    -51.068637836066863,
    -55.293629694926125,
    -51.475455660089629,
    -53.452748080949334,
    -50.76353665751305,
    -54.197405972572049,
    -47.825586710292427,
    -52.798779600325396,
    -50.033481385967328,
    -45.505801684942611,
    -48.459889216155531
  ]
}