{"timestamps": [1491497930.464684, 1491497991.575944, 1491498049.796123, 1491498105.253244, 1491498161.482162, 1491498228.506434, 1491498284.257107, 1491498345.621877, 1491498403.031636, 1491498459.2325, 1491498518.3802, 1491498578.299977, 1491498626.782861, 1491498693.556636, 1491498754.351052, 1491498816.143712, 1491498869.181013, 1491498932.435517, 1491498996.589267, 1491499055.215448, 1491499107.195874, 1491499168.024321, 1491499229.349309, 1491499273.597416, 1491499337.393556, 1491499384.530094, 1491499435.823099, 1491499496.421295, 1491499550.343384, 1491499600.721724, 1491499656.865184, 1491499709.907386, 1491499767.031465, 1491499824.614971, 1491499881.833306, 1491499938.86833, 1491499995.097892, 1491500047.920781, 1491500099.826963, 1491500146.957093, 1491500209.25926, 1491500266.943201, 1491500326.858315, 1491500396.068963, 1491500446.088415, 1491500508.830001, 1491500569.29907, 1491500632.209439, 1491500693.431541, 1491500758.969838, 1491500817.119429, 1491500875.557688, 1491500933.678665, 1491500991.180597, 1491501052.449168, 1491501109.525423, 1491501163.2683, 1491501216.412911, 1491501271.774035, 1491501331.905021, 1491501387.9111, 1491501442.954601, 1491501500.312504, 1491501562.427649, 1491501611.837729, 1491501659.007139, 1491501709.344521, 1491501755.436026, 1491501803.792441, 1491501856.370471, 1491501911.211256, 1491501958.213462, 1491502002.376914, 1491502046.701932, 1491502089.822983, 1491502137.622651, 1491502181.416059, 1491502232.747267, 1491502282.238198, 1491502329.592005, 1491502378.414037, 1491502430.551001, 1491502482.452479, 1491502528.770936, 1491502579.1189, 1491502638.256771, 1491502697.618143, 1491502755.799321, 1491502811.719019, 1491502867.402429, 1491502927.194478, 1491502984.311535, 1491503034.061824, 1491503093.578438, 1491503137.911532, 1491503190.747489, 1491503248.92195, 1491503305.589086, 1491503358.06387, 1491503415.085942], "rewards": [-441.34083617282414, -420.96921928770695, -377.14277640339373, -341.33300711559701, -308.50105091824804, -278.51325400932257, -252.10579479052086, -228.20103516653759, -209.1559223099367, -187.56118256106194, -171.74426276385933, -157.9723235293016, -143.89325202042525, -134.39194944983618, -122.87451414931631, -114.47120955710417, -105.21400958012754, -97.58746961961981, -91.546934867527412, -83.952016040036057, -79.690900329073173, -74.380922883142844, -70.505625126261478, -66.607004854737596, -63.819013294678889, -61.302477756128283, -59.076442198078531, -56.344130470336943, -53.875409880730167, -51.656685492439138, -49.922559895442276, -47.931264382656728, -46.566457255527773, -44.631013978799686, -42.954569262371727, -41.837118648701477, -40.756013856903181, -40.071574885160125, -39.215178302418394, -38.255117032963682, -37.483387098159412, -37.025859768836682, -35.86328566899796, -34.713132276585284, -34.0531057428487, -33.074275205122426, -32.475261005541185, -31.763577213874719, -30.836228031269219, -30.552584860065458, -30.306438024802539, -29.478592997154227, -29.654136479575353, -28.989005112702827, -28.836899436493741, -28.417792339302533, -28.100865780214175, -27.568268294814082, -27.664321013594623, -26.64470412405533, -26.834197627021858, -26.679200854468696, -26.23912860795274, -25.847508334259892, -26.201986973116437, -25.651183354851955, -25.335451204637096, -25.838035305966137, -25.4799821972899, -24.935084014207195, -24.968456784735945, -24.294395615237136, -24.434195539327156, -24.716702207744433, -23.674433028037605, -22.805549161447633, -21.403802858108765, -20.610005630610726, -19.846292012811467, -18.701968167520349, -16.565435984540493, -16.345824940533575, -16.528953884546201, -15.689552203501583, -15.435661485365429, -14.531220537683657, -14.373679770070364, -14.11885219956079, -13.100261061407108, -12.907900810731919, -12.821612636520918, -12.659173713546449, -12.356287261465191, -12.066071448062427, -12.350756149259864, -12.100212553640024, -11.735253475352797, -11.367823225918663, -11.381900508476944, -11.306345962686937]}