{"timestamps": [1491477826.398313, 1491477842.032291, 1491477864.084492, 1491477881.911335, 1491477903.296946, 1491477920.410566, 1491477940.300007, 1491477957.455315, 1491477978.021586, 1491477996.306809, 1491478015.065368, 1491478033.419171, 1491478051.295006, 1491478073.111782, 1491478088.537661, 1491478105.972922, 1491478124.817939, 1491478144.179618, 1491478163.86042, 1491478181.269547, 1491478200.79484, 1491478218.486939, 1491478237.17819, 1491478257.157894, 1491478275.749344, 1491478296.085499, 1491478317.008245, 1491478331.877856, 1491478344.913321, 1491478368.262329, 1491478387.563988, 1491478407.517889, 1491478427.034125, 1491478446.406768, 1491478461.882939, 1491478483.994768, 1491478501.165034, 1491478517.890418, 1491478538.041236, 1491478554.499148, 1491478572.768059, 1491478592.722612, 1491478612.570568, 1491478632.799173, 1491478648.852831, 1491478668.533894, 1491478686.606697, 1491478708.24945, 1491478729.171235, 1491478748.7967, 1491478767.093271, 1491478786.355223, 1491478803.483599, 1491478822.524405, 1491478841.052353, 1491478860.65105, 1491478881.476512, 1491478901.187157, 1491478919.809857, 1491478941.637633, 1491478959.628902, 1491478977.16276, 1491478994.298067, 1491479007.297392, 1491479029.032945, 1491479044.976014, 1491479062.589993, 1491479081.516005, 1491479101.322542, 1491479116.537908, 1491479136.734259, 1491479153.57673, 1491479174.464356, 1491479191.022836, 1491479208.196299, 1491479230.499318, 1491479253.067593, 1491479274.586288, 1491479292.070226, 1491479312.685133, 1491479334.556232, 1491479353.436157, 1491479372.253709, 1491479388.82188, 1491479407.486637, 1491479428.264934, 1491479444.602671, 1491479461.777858, 1491479478.301211, 1491479497.991293, 1491479517.478425, 1491479538.112861, 1491479554.503699, 1491479575.267857, 1491479590.025406, 1491479606.375883, 1491479623.583293, 1491479639.737784, 1491479659.957942, 1491479677.21828], "rewards": [-167.99810767724713, -154.41126956273064, -136.05034573640708, -111.86288043033632, -92.813094906478767, -82.501755328504913, -70.232041159681046, -60.517774485177725, -52.01382500727307, -44.306184287133057, -39.360304698343199, -34.520150381253082, -30.352609574535801, -27.291264537899579, -24.574571377438783, -21.556507803721967, -19.134959461272782, -17.735626265000697, -16.086185924463685, -15.105769578417087, -13.903773979177274, -12.742031359449673, -12.343725256028312, -11.579004599035716, -10.934681864947954, -11.211747580871261, -10.60727641256544, -9.7766033516115201, -9.7114849598483346, -9.9898815237889327, -9.4658210452660221, -9.151633149368342, -8.8359302142964893, -8.6675402248329529, -8.4842678640651439, -8.3598408288432093, -8.8447429393530363, -8.0095696116510844, -7.8088367119717068, -7.8379665785370358, -8.294454526954139, -7.7399985268086331, -8.1202968597079277, -8.069207572468013, -8.6468652696234205, -8.2506393122952595, -7.9781071411724263, -7.7946451946020598, -7.3295651190588043, -7.8451899928630056, -7.9263746056900493, -7.5367134833034957, -8.1428294866187496, -8.2067185919568448, -7.4188515894569464, -7.4964976275566535, -7.1510833083258492, -8.0237471139281737, -8.4580754116838293, -7.8091634521096793, -8.2393040263658364, -8.3627795413790196, -7.629075821318299, -8.09699393316982, -8.1158244908293806, -7.6991741029966558, -8.4863986720989253, -7.837380035881421, -8.2758694970972595, -8.1537714452172736, -8.2227795707650344, -7.6648157179556451, -7.7867984697947072, -8.0855203014692201, -8.3318702744753477, -8.0455727815123996, -7.7686155694868946, -8.1828504288496191, -8.3375818013509058, -6.9339041441208416, -7.6427527517781559, -8.1457042318873096, -7.5832724612321751, -7.7550484739092402, -7.4561269894499453, -7.5253760419534395, -6.7663476917555947, -6.9163159340161018, -7.1088614936858026, -7.230479229235284, -7.472051612560298, -7.7774249824642547, -7.22268635859347, -6.7647342171551221, -7.7615749487824441, -7.5090312895775124, -7.2466445183797283, -7.4112128610825696, -7.3908503775656262, -6.7505532344099484]}