{"timestamps": [1491486975.855654, 1491487002.174149, 1491487029.0264, 1491487051.423542, 1491487083.275459, 1491487110.637616, 1491487137.867723, 1491487163.615749, 1491487192.458012, 1491487222.008359, 1491487248.211802, 1491487278.256404, 1491487298.253899, 1491487325.483238, 1491487352.48304, 1491487382.113275, 1491487410.070684, 1491487438.350831, 1491487466.569098, 1491487496.521517, 1491487517.546202, 1491487544.121315, 1491487566.346167, 1491487589.044253, 1491487615.37191, 1491487642.497149, 1491487666.10924, 1491487686.758101, 1491487709.640277, 1491487737.697622, 1491487767.625169, 1491487794.037357, 1491487822.354697, 1491487848.332392, 1491487878.0662, 1491487906.044922, 1491487936.035319, 1491487963.103643, 1491487987.322605, 1491488013.24922, 1491488042.306641, 1491488069.929975, 1491488094.431379, 1491488122.582128, 1491488149.278832, 1491488183.082071, 1491488206.645471, 1491488232.290477, 1491488262.396788, 1491488286.634911, 1491488316.499262, 1491488343.711186, 1491488372.07185, 1491488401.324353, 1491488428.363808, 1491488454.658397, 1491488485.848987, 1491488511.223494, 1491488536.135204, 1491488562.50794, 1491488590.664179, 1491488613.656256, 1491488643.804205, 1491488668.810842, 1491488693.381789, 1491488718.038969, 1491488743.016694, 1491488772.126969, 1491488804.11015, 1491488832.824937, 1491488858.149792, 1491488882.993518, 1491488902.893409, 1491488930.711003, 1491488955.915642, 1491488980.838204, 1491489011.240002, 1491489035.215493, 1491489062.017294, 1491489091.822936, 1491489116.55696, 1491489146.08023, 1491489170.241445, 1491489198.110883, 1491489220.598639, 1491489248.660387, 1491489275.566819, 1491489305.937655, 1491489333.69792, 1491489361.928136, 1491489394.223054, 1491489423.252094, 1491489451.445515, 1491489480.156597, 1491489506.606203, 1491489530.74121, 1491489558.914209, 1491489580.916075, 1491489600.967823, 1491489617.295003], "rewards": [-137.85119246714399, -114.31438371806163, -98.375050556545503, -84.530167183488871, -71.014804554970922, -60.804935608558182, -53.329775002491004, -46.184824523022534, -40.27370278531874, -35.285594364435795, -31.339614267481874, -27.576157779527662, -24.449078701645188, -22.628611186925795, -20.590233083760111, -18.558658840757364, -17.118411785673061, -16.541151631170738, -15.513021890414825, -14.2922452279763, -13.507910616244333, -12.29770911966548, -12.570628563551168, -11.506121631019655, -11.714577050614437, -10.630997323680376, -11.283171198603716, -10.528726347590453, -9.5445768355927321, -9.9996737894376366, -10.058344830528371, -9.4434055601221782, -9.4350783696254368, -9.0127488646139682, -8.7187724790797496, -9.0421048487276696, -8.6331955835978462, -9.7915338213673664, -8.2314730021953242, -8.3990822111756902, -8.75449664158762, -8.461349649934867, -8.4131627462326719, -7.7667300551536922, -8.6460805826151024, -7.9543224909278276, -8.0277787985223874, -7.8405383647160791, -8.5775618463168026, -7.7804752187007473, -7.6749218824935443, -8.1517045530861552, -7.9029424149205605, -7.2333636623531312, -7.2400785951746718, -7.4674132546731604, -7.7989358231761559, -7.6348421470932637, -7.5417320092287436, -7.6762585977988467, -7.8452095936600994, -7.2549947809653137, -7.1749056930403823, -7.7283070235973446, -7.8031873506216254, -7.4020177430846266, -7.5564783286342552, -7.5235419128404439, -7.3370857240222911, -7.6302414681489061, -7.4627882663911729, -7.7658854681890963, -6.9804938269759989, -7.0234753648958961, -7.804185843759595, -7.2780765990277576, -7.1706306461281084, -7.3028218589884686, -7.2239675977575128, -7.2024329832119243, -6.9545948514986025, -7.4722034148735546, -7.2783097598327586, -7.0241418523166885, -7.0844799847791373, -7.2607978651727167, -7.3085090786530689, -7.8060312262577929, -6.4073953860196866, -7.2070360170661241, -7.5056561766182988, -7.4948931175788323, -6.6112568701080825, -6.5735324882885031, -6.609022772196429, -7.262038943485333, -7.017979120849807, -7.2161065124485697, -6.6775886252862513, -6.8125966914890306]}