{"timestamps": [1491433808.200356, 1491433835.34618, 1491433864.836386, 1491433905.814436, 1491433953.214274, 1491434005.627802, 1491434058.460507, 1491434109.792715, 1491434161.563483, 1491434208.064646, 1491434263.984804, 1491434320.14417, 1491434373.949462, 1491434428.652165, 1491434477.865459, 1491434531.977019, 1491434583.820843, 1491434638.743528, 1491434692.944211, 1491434748.917195, 1491434798.506165, 1491434853.636875, 1491434911.182301, 1491434969.508553, 1491435023.042264, 1491435076.153579, 1491435129.309461, 1491435185.177998, 1491435237.568918, 1491435287.743957, 1491435341.372472, 1491435393.105038, 1491435451.962682, 1491435506.694524, 1491435561.746067, 1491435611.642387, 1491435664.123611, 1491435718.14039, 1491435769.990315, 1491435826.182768, 1491435879.024011, 1491435939.128881, 1491435996.673902, 1491436057.442746, 1491436113.896899, 1491436167.167538, 1491436218.289694, 1491436278.878867, 1491436331.13801, 1491436383.101047, 1491436434.664289, 1491436493.302614, 1491436552.901142, 1491436610.199123, 1491436666.344186, 1491436730.229996, 1491436782.430722, 1491436839.083722, 1491436898.750877, 1491436944.677423, 1491437004.017295, 1491437055.287541, 1491437111.335706, 1491437169.033907, 1491437229.288629, 1491437284.615279, 1491437337.079373, 1491437389.527885, 1491437426.86878, 1491437462.562831, 1491437496.638732, 1491437529.80743, 1491437558.585885, 1491437587.5936, 1491437615.708835, 1491437644.40557, 1491437671.904393, 1491437700.703251, 1491437730.976475, 1491437759.674795, 1491437788.438428, 1491437817.708595, 1491437846.380109, 1491437875.307141, 1491437903.320255, 1491437933.260151, 1491437962.429068, 1491437990.891582, 1491438019.403005, 1491438047.707972, 1491438076.468736, 1491438105.16678, 1491438132.685452, 1491438162.731811, 1491438191.65316, 1491438220.659041, 1491438248.879871, 1491438276.411726, 1491438302.860913, 1491438329.997205], "rewards": [-821.81579547504793, -821.99273233972508, -764.00331452330227, -718.54264760463764, -677.33870222769565, -635.19207428321101, -599.53787636606512, -567.82650761968387, -540.33434076488004, -502.95954278573367, -478.82571109309879, -453.30711657493021, -427.76845082761275, -403.51311210698526, -384.88138883854708, -366.94438951632202, -350.6171478243902, -329.16014722819045, -315.25277370559559, -299.43227174769896, -286.10079979047674, -273.28919310871936, -262.13201626105115, -249.43251184567131, -247.3839355425381, -231.8474712688934, -225.72721298457506, -213.96186731042729, -209.11360200142525, -198.65434332110638, -192.98737630005971, -185.97355993241098, -180.91349788043229, -172.58042264037809, -163.60071374604783, -160.02589266074003, -152.67112796083487, -145.61976005879376, -139.42816012824878, -138.6130631271601, -129.87490136476842, -128.03959396726441, -122.54220494727382, -123.47116418129767, -122.99794697947904, -118.91222230950969, -114.03895070328605, -110.97362671569088, -108.09987489425474, -104.9007167571725, -103.81769442621584, -110.14264900065159, -102.56690014296079, -101.08877687466364, -98.961978126155117, -103.82554540362663, -100.94149641771595, -101.11684764774689, -92.980692646099413, -99.025800791065365, -95.738716974545426, -93.924440671776082, -97.033671962920096, -95.295307319073927, -92.765289448802903, -91.597661335418138, -93.489192904351384, -88.816194934089324, -88.45808463176138, -92.327592864811407, -86.055351370507324, -88.512630876658804, -86.457646123501661, -82.721515547692348, -82.090596172293488, -82.401192404520174, -77.532298616704281, -84.017591976978679, -81.335084504061712, -78.940058892922821, -80.78238241882876, -76.185401615325375, -74.541836850054139, -70.917028709655625, -68.057932845143313, -63.658357026182991, -69.061778969424779, -71.408385652003886, -71.436095692556663, -71.536249803487721, -69.169810901232083, -62.783329770372227, -68.570564808953534, -65.725336923649749, -65.324558921668114, -62.919354384521256, -63.495800285257992, -61.224341245009583, -60.381350426419296, -56.687440909810476]}