{"timestamps": [1491417101.113054, 1491417128.489222, 1491417156.087363, 1491417183.807026, 1491417212.013919, 1491417239.832091, 1491417268.03252, 1491417295.994831, 1491417323.644134, 1491417350.50319, 1491417377.748969, 1491417405.009862, 1491417432.817364, 1491417460.406201, 1491417486.881571, 1491417512.314254, 1491417538.935602, 1491417566.758204, 1491417594.681434, 1491417622.17001, 1491417649.853447, 1491417677.218699, 1491417704.796033, 1491417732.369307, 1491417758.973218, 1491417787.158969, 1491417814.78847, 1491417842.980216, 1491417870.793482, 1491417898.346857, 1491417925.491376, 1491417952.813576, 1491417980.295229, 1491418007.462769, 1491418034.983741, 1491418061.975406, 1491418089.318247, 1491418116.548575, 1491418143.612163, 1491418171.043336, 1491418199.577757, 1491418226.719605, 1491418254.93264, 1491418282.651912, 1491418310.279428, 1491418337.786617, 1491418366.187301, 1491418394.14162, 1491418421.385273, 1491418448.749947, 1491418475.972553, 1491418503.731622, 1491418531.865559, 1491418559.585868, 1491418586.83204, 1491418613.544805, 1491418641.010307, 1491418668.854412, 1491418696.716856, 1491418723.888334, 1491418751.148776, 1491418778.14571, 1491418805.971962, 1491418833.302563, 1491418861.45848, 1491418888.352798, 1491418916.033527, 1491418943.031076, 1491418970.764291, 1491418998.174205, 1491419024.652569, 1491419051.030951, 1491419078.525224, 1491419106.644595, 1491419134.057764, 1491419161.50661, 1491419188.397326, 1491419215.682262, 1491419242.950184, 1491419270.60881, 1491419298.333968, 1491419326.430728, 1491419353.541327, 1491419381.058567, 1491419407.890037, 1491419435.862658, 1491419462.755671, 1491419489.907658, 1491419517.493548, 1491419544.188842, 1491419569.390196, 1491419595.44579, 1491419622.46499, 1491419650.34134, 1491419677.981981, 1491419705.23368, 1491419732.49249, 1491419760.259014, 1491419787.610067, 1491419814.560621], "rewards": [-1190.9240536299812, -1133.3302006031422, -1079.6582924116922, -1018.882515937109, -977.4960231845776, -912.9135947545979, -819.4740506227952, -800.010059298714, -759.6182102159319, -726.1440278440443, -687.7368349332562, -649.5252744523434, -620.5760948266845, -592.073573783389, -555.3028857050119, -529.6935815974433, -497.2652006038011, -475.0202106322418, -448.8401712982388, -429.8855184735174, -404.92966871667323, -386.3108259104618, -367.9606091600733, -350.56913393759925, -332.4358534761546, -314.9808875324685, -304.61635067335084, -288.0223613307419, -283.04304592903827, -268.66481261232343, -258.48993316329893, -255.25903215784066, -249.74832261333307, -239.68185113951785, -233.6565820293178, -227.14872020429618, -224.52664921074427, -220.51478991485502, -213.12656170765203, -206.65752402363745, -201.3973932134194, -196.91358284697867, -191.74030652975682, -192.45881554236527, -186.5068495775714, -183.6321284371018, -179.8592351045698, -176.15536655296654, -173.2197513915505, -170.19919994838023, -167.69408132428492, -163.90098004462595, -163.10405668340462, -157.40130353033507, -156.488794606475, -155.79820444779898, -154.89787577633763, -153.61750952424066, -150.1578039069198, -149.0526681149338, -147.3665532828346, -145.2069570520084, -144.96112046289625, -143.3741656257315, -141.21748779730586, -140.04805021599188, -143.0764250843263, -139.75051771647387, -137.84579166090535, -137.81322858024345, -137.6874256815781, -134.83752130008324, -132.94541630193112, -133.00274162441588, -132.7546807749747, -130.8641012190281, -128.34563057669345, -130.0674861174896, -129.2455095911031, -128.1331044512583, -126.61363118634817, -125.22384621134816, -124.12597575501232, -125.90944320950746, -122.48944259906298, -121.37389520121658, -121.06937148895454, -117.7844716481711, -118.05010306850718, -117.52507620902921, -117.9351543243513, -116.18075170616852, -115.3082788185035, -114.68505463398789, -113.83938596682134, -113.13760377982754, -113.6227189410631, -112.58952988566803, -110.92921683953823, -110.48937951318165]}