{"timestamps": [1491429597.38691, 1491429635.379654, 1491429673.862583, 1491429715.160703, 1491429750.192129, 1491429782.408902, 1491429818.463807, 1491429852.678273, 1491429882.648638, 1491429912.458842, 1491429941.382264, 1491429970.331112, 1491429999.57511, 1491430029.225955, 1491430058.172263, 1491430087.452508, 1491430116.52729, 1491430145.449608, 1491430174.333709, 1491430203.567996, 1491430232.479513, 1491430261.557462, 1491430291.129199, 1491430320.772928, 1491430351.437346, 1491430382.461837, 1491430417.772821, 1491430460.101802, 1491430493.888031, 1491430526.919022, 1491430565.449258, 1491430600.08855, 1491430634.080421, 1491430672.735871, 1491430715.421317, 1491430752.623399, 1491430790.577632, 1491430837.006195, 1491430878.772045, 1491430923.849434, 1491430960.231449, 1491430995.38921, 1491431037.779738, 1491431076.670322, 1491431116.115653, 1491431153.655632, 1491431192.806506, 1491431228.435948, 1491431266.046248, 1491431302.83277, 1491431345.964964, 1491431382.728256, 1491431419.284019, 1491431450.80787, 1491431489.648781, 1491431527.708038, 1491431563.669345, 1491431597.010229, 1491431628.634417, 1491431667.032179, 1491431706.123779, 1491431745.60262, 1491431776.027493, 1491431810.382447, 1491431844.124555, 1491431874.338059, 1491431909.612837, 1491431948.445856, 1491432002.944749, 1491432041.179034, 1491432072.156646, 1491432105.286015, 1491432141.490175, 1491432180.087715, 1491432214.560659, 1491432250.714496, 1491432286.371821, 1491432320.530647, 1491432362.255114, 1491432408.549416, 1491432438.966495, 1491432468.861052, 1491432498.23447, 1491432528.136664, 1491432558.39196, 1491432588.74198, 1491432619.47093, 1491432654.593671, 1491432707.880804, 1491432757.038175, 1491432798.689641, 1491432840.264886, 1491432889.968233, 1491432922.055217, 1491432954.524474, 1491432988.929699, 1491433021.984172, 1491433052.122932, 1491433091.41362, 1491433129.173428], "rewards": [-447.00667547493345, -435.661328062417, -417.1068550362088, -377.11123615383781, -342.95280962986743, -301.59985333172631, -272.15217741073525, -244.1331111125576, -219.13699634419245, -198.15732985552728, -178.18436714076364, -160.42906968977042, -143.37432154599347, -130.95063156141003, -118.70740840432694, -109.80413566541918, -97.985457942443006, -90.26273773415609, -81.87052421268703, -75.501010344036445, -69.653470650773002, -66.001214540920103, -61.841053727806404, -58.171780771171861, -55.208373933874924, -50.553009496926478, -47.968973681012969, -46.413355754361426, -43.567506912865781, -41.335828915249294, -38.590844453498605, -36.595514981925504, -34.469802079073112, -32.38401176021204, -30.798628471869577, -29.402294868056355, -27.932481320443909, -26.506944308094212, -25.570216185021032, -24.526726752520908, -24.241631602514559, -23.542653941336752, -22.939042222005376, -22.172962779002791, -21.598925951193682, -21.160654381617423, -20.664910066517965, -20.339640133289059, -20.271189430169642, -20.261648597375583, -19.903782726760745, -19.757213722277108, -19.284390724216745, -18.980507662352224, -18.854946595597514, -18.413526141322258, -18.336498361937874, -18.178836773901743, -18.132646277771638, -18.020942668810569, -17.790601839630249, -17.803737137418821, -17.862354360949226, -18.031683225334248, -18.066210482521139, -18.011314276166459, -17.686265639708481, -17.726491123543632, -17.50323768486864, -17.251435739013829, -17.273157600393439, -17.184456794668282, -17.195870253703671, -17.406757558956066, -17.176902641811161, -17.820430979646911, -17.613682941599073, -18.011795821451361, -17.335632488118723, -17.186547926067679, -16.902557668399357, -17.325559370694492, -16.735484276693509, -16.893127401910004, -16.837118861754494, -16.765474168801962, -16.778850502416095, -16.760523949208416, -16.574036845503983, -16.824352270985365, -16.817934017166156, -16.701560212543676, -16.730160847770076, -16.498651340053197, -16.884771398218593, -16.514466938623894, -16.470363421303947, -16.560622396067078, -16.76615791686195, -16.365613571908522]}