{"timestamps": [1491425490.478215, 1491425531.736396, 1491425576.04219, 1491425616.93799, 1491425665.760648, 1491425709.823702, 1491425755.06127, 1491425796.680898, 1491425843.996802, 1491425885.153132, 1491425924.564946, 1491425961.253141, 1491426005.353108, 1491426048.517896, 1491426091.409577, 1491426127.883843, 1491426170.83073, 1491426208.72817, 1491426255.260812, 1491426295.407043, 1491426335.783829, 1491426378.485328, 1491426423.764395, 1491426463.967983, 1491426507.004982, 1491426545.045312, 1491426587.379001, 1491426636.240054, 1491426678.212844, 1491426724.807045, 1491426766.564135, 1491426813.164711, 1491426860.403197, 1491426901.060489, 1491426946.028453, 1491426986.886254, 1491427030.256942, 1491427066.390469, 1491427108.658385, 1491427150.328466, 1491427199.081931, 1491427239.988705, 1491427286.217722, 1491427320.30678, 1491427363.299957, 1491427406.909999, 1491427453.729524, 1491427490.80534, 1491427537.574373, 1491427580.192017, 1491427621.080367, 1491427656.831625, 1491427703.195526, 1491427747.86805, 1491427789.721701, 1491427832.027815, 1491427871.1443, 1491427909.3056, 1491427941.663687, 1491427981.002765, 1491428019.293291, 1491428062.884194, 1491428092.884181, 1491428113.849497, 1491428134.461715, 1491428155.272019, 1491428175.170603, 1491428194.706808, 1491428215.070943, 1491428235.856729, 1491428256.32858, 1491428277.16536, 1491428297.535536, 1491428317.95474, 1491428338.610652, 1491428359.232003, 1491428379.075077, 1491428399.130023, 1491428419.781639, 1491428439.730472, 1491428459.563183, 1491428480.223756, 1491428500.730594, 1491428521.376108, 1491428541.996132, 1491428562.753486, 1491428583.698988, 1491428604.642893, 1491428624.541338, 1491428645.270139, 1491428665.769169, 1491428686.295367, 1491428706.237634, 1491428726.830111, 1491428747.32314, 1491428767.993315, 1491428788.787068, 1491428808.86633, 1491428828.764681, 1491428846.155483], "rewards": [-661.58615023684467, -639.70555310041016, -584.66811553997763, -525.74561094514888, -468.50138959591715, -425.8985162990715, -386.25830125003665, -354.25035756751856, -317.71765948318324, -289.21445198134654, -266.38573981275363, -244.38695462160459, -225.77127170145889, -203.06504290978867, -187.98492049449203, -169.73010903363922, -160.78487271481316, -146.77085435023969, -135.57726405328677, -126.11297310982822, -117.77645485685851, -110.63717449827429, -105.21785870501537, -98.750863626477511, -92.000287946824244, -87.477729969196986, -82.87513804132854, -80.356298956798767, -76.436770075515255, -71.722096866782579, -68.154201167114721, -65.023870771477917, -62.32869447754905, -58.655409800755841, -56.415668058469507, -54.206966403350151, -52.077782582231251, -49.998488887723937, -48.328310304077576, -46.248582709691043, -44.67366758111519, -42.562024568335808, -40.968497032419322, -39.129924417552054, -37.547047141790252, -36.066851808523268, -35.364357719683014, -33.374341271121914, -32.000777036576388, -30.694514607544399, -29.303970714514115, -29.315653252130684, -27.986023334764983, -27.199907795790097, -26.666097517841532, -26.20858972387629, -25.552071802035812, -24.637816320940374, -24.179562744747173, -23.458019968762756, -23.386059560608061, -22.59234822743646, -21.84338654100948, -21.496159004643854, -20.977861866945386, -21.039513729559804, -20.191019636598515, -19.962414432945138, -19.712917116278117, -19.398046977342901, -19.358914640851832, -18.970246413903883, -18.788375423567206, -18.171192859870899, -18.156543693941629, -17.902952711842428, -17.50314713966085, -17.100639538433327, -17.152591231677672, -17.066583206697523, -17.179849879195661, -16.978222309316326, -16.141764755656663, -16.350298895917156, -16.51567236312442, -15.674280510350933, -15.535979332051083, -15.780274523997114, -15.233078563128034, -15.194142890099062, -15.043696361447935, -15.192435945741449, -15.021156120807584, -14.677299949399076, -14.66536571229285, -14.620055190264189, -14.688664872376375, -14.270193102057867, -14.107899362461598, -13.723369163715766]}