{"timestamps": [1491559140.385889, 1491559155.237323, 1491559169.135558, 1491559185.590613, 1491559201.293712, 1491559217.866636, 1491559234.064811, 1491559247.52708, 1491559264.126132, 1491559277.871793, 1491559291.062705, 1491559305.985098, 1491559318.202841, 1491559331.964827], "initial_reset_timestamp": 1491559135.440995, "episode_types": ["t", "t", "t", "t", "t", "t", "t", "t", "t", "t", "t", "t", "t", "t"], "episode_lengths": [100, 100, 100, 100, 100, 100, 100, 100, 100, 100, 100, 100, 100, 100], "episode_rewards": [-5123.477972307823, -4710.353381197631, -5060.586822547949, -4917.201337646491, -4804.88455066614, -4855.241326199736, -4958.327765444749, -4986.642290758122, -5195.724999481462, -5113.067781572001, -5047.786530722224, -5092.088536314622, -5184.011059200539, -4852.269129053409]}