{"timestamps": [1491557237.126736, 1491557272.272143, 1491557308.869739, 1491557348.339939, 1491557386.928743, 1491557433.154122, 1491557482.449587, 1491557539.420869, 1491557586.353323, 1491557630.496386], "initial_reset_timestamp": 1491557232.274999, "episode_types": ["t", "t", "t", "t", "t", "t", "t", "t", "t", "t"], "episode_lengths": [100, 100, 100, 100, 100, 100, 100, 100, 100, 100], "episode_rewards": [-4857.696612474564, -4814.748159052166, -4749.1380998541235, -4788.4463106551775, -4733.390678104038, -4854.857538482993, -4995.205279254464, -4825.8098996445315, -4923.72929071531, -4829.916389437379]}