{"timestamps": [1491570425.841342, 1491570458.862158, 1491570490.556921, 1491570529.363668, 1491570565.100773, 1491570600.787612, 1491570642.745682, 1491570679.260614, 1491570716.419406, 1491570752.919808, 1491570791.980807, 1491570824.977791, 1491570861.840971, 1491570894.899279, 1491570932.479063, 1491570972.976649, 1491571010.70038, 1491571043.857093, 1491571076.74061, 1491571114.704183, 1491571156.351032, 1491571192.179057, 1491571226.451541, 1491571262.472847, 1491571297.47515, 1491571329.38062, 1491571359.914994, 1491571393.046107, 1491571426.96942, 1491571461.609549, 1491571492.815927, 1491571528.222186, 1491571561.777694, 1491571598.274151, 1491571629.755381, 1491571665.523814, 1491571706.762154], "initial_reset_timestamp": 1491570421.028598, "episode_types": ["t", "t", "t", "t", "t", "t", "t", "t", "t", "t", "t", "t", "t", "t", "t", "t", "t", "t", "t", "t", "t", "t", "t", "t", "t", "t", "t", "t", "t", "t", "t", "t", "t", "t", "t", "t", "t"], "episode_lengths": [100, 100, 76, 82, 77, 100, 88, 100, 80, 77, 100, 80, 100, 100, 80, 85, 83, 100, 72, 100, 83, 84, 100, 73, 100, 100, 84, 77, 82, 74, 100, 100, 100, 78, 82, 100, 74], "episode_rewards": [-5112.612245789736, -4874.134178004856, -2722.4190097978203, -3003.7483451198723, -2772.657943168243, -5128.586964802017, -3292.167686729448, -4998.012686302361, -2920.156207472226, -2745.5299682739223, -4922.009370695989, -2934.052283766164, -5138.126458375939, -4943.565002565033, -2879.5785357245536, -3170.2123769839204, -3068.804695170541, -5125.306923846506, -2533.9765705359523, -5148.642376093544, -3045.4440846725943, -3128.7787753122766, -5167.976792603964, -2578.350291190381, -5089.495819221197, -5107.067826190248, -3083.0646103716267, -2790.2271077811697, -3021.239039354563, -2604.63698312254, -5141.787083819449, -5098.360960646746, -5152.169957713331, -2827.7884586232212, -3003.9412148896718, -5106.824201883671, -2621.929920316763]}