{"timestamps": [1491556997.058177, 1491557043.601175, 1491557103.152197], "initial_reset_timestamp": 1491556992.342367, "episode_types": ["t", "t", "t"], "episode_lengths": [100, 100, 100], "episode_rewards": [-5100.516115979376, -5120.602087249728, -5060.544605106551]}