{"timestamps": [1491408458.113957, 1491408519.735792, 1491408576.671722, 1491408628.913621, 1491408682.316408, 1491408748.84152, 1491408817.13995, 1491408883.667753, 1491408950.214218, 1491409007.132864, 1491409073.012897, 1491409132.386862, 1491409197.956907, 1491409252.074505, 1491409305.54596, 1491409372.31634, 1491409439.939953, 1491409508.891154, 1491409579.320252, 1491409635.810039, 1491409699.593673], "initial_reset_timestamp": 1491408452.534304, "episode_types": ["t", "t", "t", "t", "t", "t", "t", "t", "t", "t", "t", "t", "t", "t", "t", "t", "t", "t", "t", "t", "t"], "episode_lengths": [100, 100, 100, 100, 100, 100, 100, 100, 100, 100, 100, 100, 100, 100, 100, 100, 100, 100, 100, 100, 100], "episode_rewards": [-5176.132015665542, -4922.650144291488, -5253.265100084034, -4968.130462622508, -5105.706274695097, -5159.527043085461, -5191.536521485144, -5141.518448748192, -5144.6476122003905, -5197.93678402757, -5092.0920834128865, -4966.378131817777, -5221.645051104305, -5168.652655870076, -5121.569600032591, -5194.700175068724, -5194.686824621759, -5194.526594035563, -4930.849198951324, -5100.526387504377, -4903.859106153806]}