{"timestamps": [1491554871.318066], "initial_reset_timestamp": 1491554864.212506, "episode_types": ["t"], "episode_lengths": [100], "episode_rewards": [-5197.971028087158]}