{"timestamps": [1491568024.394244, 1491568067.683099, 1491568104.539056, 1491568146.105958, 1491568180.875027, 1491568219.875076, 1491568255.19776, 1491568295.454933, 1491568334.205083, 1491568369.547908, 1491568406.373615, 1491568446.053865, 1491568483.816882, 1491568520.913793, 1491568559.706294, 1491568600.706768, 1491568644.502731, 1491568685.445465, 1491568727.158305, 1491568765.374133, 1491568811.714834, 1491568855.252265, 1491568899.753692, 1491568942.419834, 1491568982.325782, 1491569019.869497, 1491569061.000067, 1491569098.144322, 1491569137.69578, 1491569177.582726, 1491569220.181393, 1491569256.623089, 1491569293.197952, 1491569326.105234, 1491569367.020372, 1491569405.157414, 1491569440.568722, 1491569488.154397, 1491569529.843562, 1491569575.546988, 1491569620.118568, 1491569658.347111, 1491569694.596742, 1491569727.047144, 1491569758.68049, 1491569790.765554, 1491569834.889312, 1491569868.486601, 1491569903.187461, 1491569941.235446, 1491569977.600192, 1491570012.719643, 1491570047.511193, 1491570081.46575, 1491570113.926068, 1491570147.144344, 1491570183.447494, 1491570220.381609, 1491570255.14578, 1491570288.757716, 1491570328.582935, 1491570366.855549], "initial_reset_timestamp": 1491568019.810549, "episode_types": ["t", "t", "t", "t", "t", "t", "t", "t", "t", "t", "t", "t", "t", "t", "t", "t", "t", "t", "t", "t", "t", "t", "t", "t", "t", "t", "t", "t", "t", "t", "t", "t", "t", "t", "t", "t", "t", "t", "t", "t", "t", "t", "t", "t", "t", "t", "t", "t", "t", "t", "t", "t", "t", "t", "t", "t", "t", "t", "t", "t", "t", "t"], "episode_lengths": [100, 88, 100, 100, 91, 100, 100, 100, 82, 84, 100, 100, 91, 100, 100, 77, 94, 91, 100, 100, 100, 100, 93, 100, 75, 74, 91, 100, 75, 74, 90, 93, 89, 100, 100, 100, 100, 86, 100, 100, 100, 100, 100, 100, 89, 87, 91, 96, 100, 100, 100, 100, 100, 100, 98, 91, 95, 100, 100, 100, 85, 100], "episode_rewards": [-5155.524754581873, -3226.4088425548307, -5155.559614493274, -5141.537868512834, -3350.2984990041778, -5119.720110242718, -5113.133559652289, -5146.133526904194, -2924.485992616569, -3046.849758610347, -5090.348011106421, -5166.38739076839, -3346.801280578735, -5234.899169532486, -5156.554040685483, -2663.368428980565, -3459.140807877414, -3353.763857627933, -5123.299763502306, -5175.670579491409, -5059.250030902711, -5082.3428967909285, -3469.0495834876347, -5104.9607557443005, -2598.7129464005816, -2570.825050755124, -3360.950517544819, -5049.203878367179, -2609.9901288737237, -2543.9874115336524, -3324.486651287042, -3442.4300039339705, -3281.496665340385, -5160.512920914706, -4890.204374715709, -5167.771544495295, -5161.530538779951, -3114.6472976817413, -5092.765177346092, -4904.29707704504, -5114.943554712455, -5119.650783179066, -5087.358297790392, -5120.098980497616, -3258.6620644189757, -3169.7455069648577, -3384.932612878707, -3593.0393498511103, -5081.190594173204, -5170.658071606367, -5120.633785390751, -5045.74132139785, -5174.796302217812, -5136.920206407693, -3674.0493831928197, -3383.3362146177806, -3521.9697301336046, -5088.399336146243, -5155.221601602138, -5106.3947933815225, -3097.6604030128783, -5149.806350156585]}