{"timestamps": [1491555022.096161, 1491555093.554911, 1491555160.649389, 1491555228.677097, 1491555300.988984, 1491555372.821841, 1491555445.149612, 1491555510.005334, 1491555579.867974, 1491555645.453868, 1491555715.555115, 1491555786.576627, 1491555855.118807, 1491555922.389861, 1491555987.624169, 1491556060.000136, 1491556125.078414, 1491556192.452096, 1491556261.598256, 1491556332.313814, 1491556396.192121, 1491556453.018827, 1491556516.485273, 1491556581.586431, 1491556649.910244, 1491556714.476154, 1491556781.600975, 1491556846.274252, 1491556923.903969], "initial_reset_timestamp": 1491555017.315231, "episode_types": ["t", "t", "t", "t", "t", "t", "t", "t", "t", "t", "t", "t", "t", "t", "t", "t", "t", "t", "t", "t", "t", "t", "t", "t", "t", "t", "t", "t", "t"], "episode_lengths": [100, 100, 100, 100, 100, 100, 100, 100, 100, 100, 100, 100, 100, 100, 100, 100, 100, 100, 100, 100, 100, 100, 100, 100, 100, 100, 100, 100, 100], "episode_rewards": [-4883.35110684739, -5113.287960841659, -5011.383476317478, -5022.574015243591, -5023.562976977032, -4980.981477032854, -4945.378613113954, -4773.074938902511, -4799.659040537113, -5049.035805877847, -4800.6545684100965, -5091.595233755649, -5038.27763863802, -4726.941201054856, -4921.8531795263, -4824.30840667029, -5115.599080374999, -5046.73406598526, -5098.007753025751, -5149.708189177792, -4867.577288472449, -5152.909125655292, -5086.024523304448, -4791.460640008983, -4861.241352504704, -5133.209954666943, -4940.393520086597, -5102.495655743819, -5086.828861067366]}