{"timestamps": [1491557687.885154, 1491557703.922386, 1491557718.163509, 1491557733.176024, 1491557748.213653, 1491557761.961938, 1491557774.056142, 1491557788.00596, 1491557805.00591, 1491557819.866142, 1491557834.886458, 1491557849.733499, 1491557863.408684, 1491557876.667501, 1491557890.285822, 1491557903.623783, 1491557916.257909, 1491557928.960611, 1491557941.944162, 1491557954.72245, 1491557968.760014, 1491557981.534036, 1491557994.7666, 1491558007.67888, 1491558020.691009, 1491558033.15676, 1491558046.056442, 1491558059.284024, 1491558071.877774, 1491558084.840951, 1491558098.115599, 1491558111.150221, 1491558123.994693, 1491558136.937916, 1491558149.940319, 1491558162.607876, 1491558175.344905, 1491558187.937683, 1491558200.656024, 1491558213.603054, 1491558227.638606, 1491558240.239563, 1491558253.250116, 1491558266.339211, 1491558279.498162, 1491558292.483255, 1491558309.894695, 1491558323.176683, 1491558336.399395, 1491558349.605038, 1491558368.035983, 1491558381.321649, 1491558395.233732, 1491558408.708359, 1491558421.764307, 1491558435.002006, 1491558448.298549, 1491558461.969622, 1491558474.770774, 1491558487.778692, 1491558501.58177, 1491558514.752007, 1491558527.767662, 1491558540.840364, 1491558553.874603, 1491558567.229553, 1491558580.583234, 1491558593.375853, 1491558606.378155, 1491558619.128376, 1491558632.251874, 1491558645.135666, 1491558658.129306, 1491558670.955089, 1491558683.820366, 1491558697.192455, 1491558710.520628, 1491558723.084656, 1491558736.144273, 1491558748.831816, 1491558763.941393, 1491558780.515724, 1491558793.304556, 1491558806.857087, 1491558825.425634, 1491558838.879535, 1491558852.967922, 1491558866.150497, 1491558879.474192, 1491558892.550531, 1491558905.478737, 1491558919.365299, 1491558932.479514, 1491558945.348834, 1491558959.250551, 1491558972.321967, 1491558986.232217, 1491559000.195776, 1491559013.234485, 1491559026.496018, 1491559045.05518, 1491559057.292835], "initial_reset_timestamp": 1491557683.035319, "episode_types": ["t", "t", "t", "t", "t", "t", "t", "t", "t", "t", "t", "t", "t", "t", "t", "t", "t", "t", "t", "t", "t", "t", "t", "t", "t", "t", "t", "t", "t", "t", "t", "t", "t", "t", "t", "t", "t", "t", "t", "t", "t", "t", "t", "t", "t", "t", "t", "t", "t", "t", "t", "t", "t", "t", "t", "t", "t", "t", "t", "t", "t", "t", "t", "t", "t", "t", "t", "t", "t", "t", "t", "t", "t", "t", "t", "t", "t", "t", "t", "t", "t", "t", "t", "t", "t", "t", "t", "t", "t", "t", "t", "t", "t", "t", "t", "t", "t", "t", "t", "t", "t", "t"], "episode_lengths": [100, 100, 100, 100, 100, 100, 100, 100, 100, 100, 100, 100, 100, 100, 100, 100, 100, 100, 100, 100, 100, 100, 100, 100, 100, 100, 100, 100, 100, 100, 100, 100, 100, 100, 100, 100, 100, 100, 100, 100, 100, 100, 100, 100, 100, 100, 100, 100, 100, 100, 100, 100, 100, 100, 100, 100, 100, 100, 100, 100, 100, 100, 100, 100, 100, 100, 100, 100, 100, 100, 100, 100, 100, 100, 100, 100, 100, 100, 100, 100, 100, 100, 100, 100, 100, 100, 100, 100, 100, 100, 100, 100, 100, 100, 100, 100, 100, 100, 100, 100, 100, 100], "episode_rewards": [-4846.168696946844, -4885.054703897789, -5120.660543514765, -5039.031160203702, -4934.919233967042, -4755.993064832617, -4942.625070473432, -4804.877353644904, -5142.661801867479, -4801.943578381027, -5006.259031482833, -4933.50538810813, -4785.585954060216, -4828.328870839039, -5149.980660404028, -4872.032459906314, -4786.503965714207, -5066.188598617207, -4824.353350222554, -4964.667450519678, -5103.306876330936, -4926.2944464678, -5101.913204504429, -5047.46343318604, -4954.468713154594, -5012.721242117237, -4806.459721470477, -4961.530110544106, -4714.959091138265, -4996.0885588503725, -4910.148965072733, -4861.935226000858, -5093.488002843607, -4787.070072523639, -5086.193820919334, -4989.477051282922, -4746.092106235391, -4695.198796013654, -4781.715537012156, -5008.607571655393, -4900.877095138222, -4931.130017771726, -4899.309296180458, -4760.728409228145, -4971.8030382693405, -4994.288098949193, -5008.740183114685, -4661.565658728961, -4868.703348403198, -5051.555671757886, -4761.599119984539, -4769.775455165074, -4798.336314909748, -4892.873193019682, -5085.190992648105, -4859.364456492637, -4827.951746168185, -5045.041994493183, -5117.721787532101, -4789.405310888504, -5050.6109788273125, -4933.381519551477, -5062.943626447877, -5195.143149434829, -4827.000606091818, -4844.332468695051, -4859.928406828888, -4830.923605713256, -4884.050366437716, -4840.150703942209, -4889.009614839327, -4870.169177801876, -4906.246970945547, -4967.629182118306, -5057.693774763275, -4813.119237488185, -4756.947150233065, -4959.84355437715, -4817.314342285113, -5010.156494127808, -4827.722477009161, -4729.125346060559, -4762.0738112638155, -4884.545100788783, -4780.849267610729, -4859.024282240489, -4840.45930201142, -4829.273320131849, -4823.915358877539, -4790.853111580726, -4954.401779742254, -4667.730013324988, -5021.947938095684, -4653.941141331785, -4871.944276261225, -4884.287244105462, -4971.528655764917, -4903.316209293989, -4891.837848239339, -4875.383818863016, -4855.914076520853, -4826.826881379661]}