{"timestamps": [1491563531.453068, 1491563543.356751], "initial_reset_timestamp": 1491563526.465497, "episode_types": ["t", "t"], "episode_lengths": [100, 100], "episode_rewards": [-4701.09177405167, -4902.876608837159]}