{"timestamps": [1491429596.572559, 1491429634.156399, 1491429671.983617, 1491429713.497556, 1491429747.799386, 1491429780.813151, 1491429816.04302, 1491429851.794799, 1491429881.492709, 1491429910.657009, 1491429939.36336, 1491429967.881442, 1491429997.577871, 1491430026.855023, 1491430056.154916, 1491430085.124518, 1491430113.775568, 1491430142.583633, 1491430171.227282, 1491430200.081705, 1491430228.999976, 1491430257.98053, 1491430287.808118, 1491430317.526492, 1491430347.7373, 1491430378.897917, 1491430414.156181, 1491430455.51424, 1491430489.746644, 1491430522.217193, 1491430557.760378, 1491430594.49504, 1491430628.297746, 1491430664.798949, 1491430707.168017, 1491430747.286024, 1491430784.713705, 1491430830.709646, 1491430875.96944, 1491430922.971779, 1491430963.026506, 1491431000.98872, 1491431044.363572, 1491431090.127547, 1491431131.347622, 1491431173.105194, 1491431215.042263, 1491431252.345263, 1491431294.501104, 1491431337.372234, 1491431377.383088, 1491431419.035877, 1491431453.686802, 1491431496.415875, 1491431535.570876, 1491431572.946614, 1491431607.844702, 1491431642.334751, 1491431688.48971, 1491431726.680162, 1491431765.642899, 1491431800.190777, 1491431837.041109, 1491431869.025657, 1491431905.607037, 1491431947.2338, 1491432005.875196, 1491432045.387055, 1491432078.150183, 1491432113.97475, 1491432155.445748, 1491432195.647493, 1491432233.460741, 1491432270.45349, 1491432308.146047, 1491432350.201995, 1491432401.316921, 1491432434.205497, 1491432467.108757, 1491432499.827684, 1491432532.240455, 1491432566.06051, 1491432599.339379, 1491432633.144779, 1491432684.98125, 1491432738.072217, 1491432785.774484, 1491432828.717483, 1491432880.080535, 1491432918.019123, 1491432952.902491, 1491432991.87531, 1491433027.626861, 1491433062.277882, 1491433105.914066, 1491433145.875345, 1491433187.294032, 1491433225.931134, 1491433261.975372, 1491433295.372386], "rewards": [-608.5569711541234, -596.68577916305014, -555.72423567375245, -501.28140146558422, -448.41173833159058, -404.40091824903845, -365.91016623447939, -329.8930696324328, -295.18246128081392, -267.81176053768269, -243.76302686166463, -222.2223533493264, -197.98171363971855, -179.43247312749841, -165.17974667329511, -151.29781715255476, -138.30487891446745, -126.99217897221692, -115.6620900317287, -107.04762398520126, -97.767014523783189, -90.546910098552161, -84.650496765861661, -78.812079845419547, -72.73152682103391, -68.368205174527574, -63.907311201988001, -59.248847831032037, -57.685839357054903, -53.996856140939705, -50.821476445364063, -47.411490738480623, -44.456517615871171, -41.925811926431891, -39.896962416822355, -37.082562896218967, -33.974110428172381, -32.444037964750976, -30.757440152428611, -27.481891944380365, -25.758973366092256, -23.166760769398088, -22.315227112193433, -20.321501087283522, -18.535719701201074, -17.381436538198308, -16.251975877239538, -16.073866185521425, -15.715701058761249, -15.198439958990695, -14.339939560715839, -13.442685829085708, -13.215701965804078, -12.584739158625855, -12.255632398848439, -13.893854647444309, -14.7634262431715, -13.430062122731295, -12.680546459312973, -11.802210257004916, -11.678137556828585, -11.426771577840016, -11.262347773588278, -10.7679696235148, -10.91642824394641, -10.82183574025138, -9.9232659739080642, -9.6289325964174548, -9.4619041037678819, -9.0704852359054886, -8.9193239756539651, -8.8871337436267019, -8.5565823623099675, -8.306139261767143, -8.3719548169165545, -7.8501574017299127, -7.6445797254900381, -7.5421170958247901, -7.4500229781713578, -7.4036554141959616, -7.250242687771248, -7.1509393530997434, -7.2856124370557405, -7.1467428250538045, -7.0899317507311368, -7.3059749255440645, -7.2304123764215085, -7.4467078621236276, -7.2482026678289166, -7.2563360250085118, -6.8863082969716984, -7.055971170297064, -6.8469661706480291, -6.7366224947614501, -6.8590306702084742, -6.9795987214313344, -6.8373318748644998, -6.7398201105837652, -6.8551113430511235, -7.0380120489525826]}