{"timestamps": [1491477824.74605, 1491477849.519419, 1491477867.872525, 1491477892.128391, 1491477917.062477, 1491477942.500265, 1491477959.774643, 1491477984.047056, 1491478008.984178, 1491478036.40782, 1491478063.013383, 1491478086.002516, 1491478113.526613, 1491478136.980276, 1491478166.157191, 1491478193.007192, 1491478217.095746, 1491478244.634013, 1491478270.937364, 1491478291.382929, 1491478315.721692, 1491478340.561759, 1491478360.304742, 1491478379.777383, 1491478400.76912, 1491478425.479892, 1491478446.383379, 1491478468.911531, 1491478492.488895, 1491478513.481864, 1491478537.429796, 1491478563.314242, 1491478587.254779, 1491478609.599689, 1491478632.918882, 1491478655.183202, 1491478678.487342, 1491478699.536146, 1491478726.241659, 1491478746.211542, 1491478766.241622, 1491478790.493405, 1491478815.127072, 1491478838.672438, 1491478862.115724, 1491478887.342938, 1491478908.923526, 1491478930.108443, 1491478949.844746, 1491478969.036359, 1491478990.704473, 1491479014.417055, 1491479040.01029, 1491479062.516378, 1491479086.30116, 1491479109.356392, 1491479131.936604, 1491479150.783546, 1491479171.387058, 1491479197.809236, 1491479221.788416, 1491479246.303588, 1491479270.086526, 1491479295.236974, 1491479318.965315, 1491479342.798099, 1491479363.977379, 1491479387.886547, 1491479411.479367, 1491479436.281154, 1491479460.271822, 1491479484.452773, 1491479507.99196, 1491479536.438673, 1491479564.390665, 1491479587.481154, 1491479611.044048, 1491479636.732563, 1491479660.934225, 1491479685.085767, 1491479709.676274, 1491479733.364339, 1491479759.343203, 1491479778.197409, 1491479800.595633, 1491479823.845772, 1491479837.111625, 1491479850.089828, 1491479863.087643, 1491479876.392801, 1491479889.676045, 1491479903.034808, 1491479916.94485, 1491479930.886411, 1491479944.435474, 1491479958.653981, 1491479972.013904, 1491479985.357182, 1491479998.979018, 1491480012.080291], "rewards": [-137.95503389319285, -124.1553856640993, -103.13902323758235, -88.64021181063723, -75.66230004424955, -63.80305418718866, -53.99474239187606, -46.74309059899286, -41.4713083974199, -35.0120839014727, -30.580746136966717, -27.64406963205364, -23.95172162401604, -21.34342296123469, -19.192982834740793, -17.465506378332197, -16.56809780663582, -14.89556854063543, -14.03483681404548, -13.886339898142758, -12.372708596591472, -11.884769163366789, -10.764276047159798, -10.144104563310238, -10.080976772239532, -9.734108868491687, -9.559712096219627, -8.820346898515865, -9.124994884433901, -8.73169520867038, -8.361464565738483, -7.901015171248592, -8.196911411691904, -8.66645639120445, -8.474457581661284, -8.733584626242436, -8.622680926940786, -8.543229464058989, -7.893415245260198, -8.28865596848916, -8.458053811410897, -8.236992453989993, -7.696061135357419, -7.400702027618396, -8.06796486865975, -7.675972285290096, -7.39221249699418, -8.051218963525645, -7.438410032249768, -7.3196535363606845, -7.7169499920454214, -6.6276815380438974, -7.2967350079935986, -6.9381599440994206, -7.0560178093984449, -7.3865074986920218, -7.1260877184645111, -7.4115911160998733, -7.5446476196786714, -7.1961966336771628, -7.1211766258161324, -6.8484737575344221, -7.3697908133007175, -6.6289089084115265, -7.0594584568724121, -6.9140011342647814, -7.6776951859293119, -6.8816572611856808, -7.3450649341664027, -7.0286557682691058, -7.3637446313551678, -6.9694396097465745, -7.1809831074098192, -6.9627563672745678, -6.8869668898962111, -6.7161270238928674, -6.6834846189937487, -6.8670056621318585, -6.7228122994997568, -7.051758477982224, -7.142436773793313, -7.1373688322997682, -6.5529766791077693, -6.3170527250745501, -7.3468267492204804, -7.1801696649991307, -7.0046083709382314, -6.6978830962388409, -6.6324280033647867, -6.601064380252808, -6.2981371612152852, -7.0134888447795189, -6.8626295870987573, -6.4042656814495755, -6.7686719773151127, -6.3075324783039717, -7.4999704739706949, -6.5141004483069267, -6.5870535032522142, -6.7304877888791985]}