{"timestamps": [1491546672.113063, 1491546780.711004, 1491546919.122304, 1491547071.671452, 1491547223.381856, 1491547376.479292, 1491547528.239265, 1491547680.8074, 1491547831.221168, 1491547982.612935, 1491548131.889717, 1491548280.490747, 1491548429.072103, 1491548577.016318, 1491548720.087856, 1491548861.126516, 1491549007.616632, 1491549149.816871, 1491549289.557459, 1491549425.66472, 1491549570.764161, 1491549711.65189, 1491549854.112863, 1491549995.87996, 1491550142.754212, 1491550286.676913, 1491550427.26677, 1491550572.348172, 1491550716.756524, 1491550858.836486, 1491551000.281136, 1491551142.568799, 1491551285.866088, 1491551427.296037, 1491551565.314771, 1491551704.790914, 1491551846.353663, 1491551985.279538, 1491552122.544301, 1491552258.915372, 1491552394.770806, 1491552531.52048, 1491552668.875588, 1491552808.235401, 1491552945.29464, 1491553086.047217, 1491553225.818786, 1491553366.262533, 1491553507.95951, 1491553650.010162, 1491553792.626095, 1491553936.799162, 1491554079.815549, 1491554222.542643, 1491554367.35182, 1491554511.922597, 1491554657.174892, 1491554802.198918, 1491554946.308712, 1491555088.875015, 1491555230.33129, 1491555371.611676, 1491555510.601208, 1491555651.837204, 1491555792.587383, 1491555936.861753, 1491556078.629718, 1491556218.327273, 1491556358.616252, 1491556499.22216, 1491556639.859067, 1491556780.38096, 1491556925.058664, 1491557070.938037, 1491557217.940303, 1491557363.1465, 1491557512.263118, 1491557658.877783, 1491557802.740509, 1491557952.902832, 1491558098.660678, 1491558242.464457, 1491558385.353433, 1491558533.330885, 1491558679.910622, 1491558824.8981, 1491558969.955228, 1491559111.45844, 1491559251.933308, 1491559391.977338, 1491559529.907395, 1491559669.465783, 1491559811.623414, 1491559953.817663, 1491560100.790837, 1491560250.440993, 1491560411.584789, 1491560578.022676, 1491560746.182408, 1491560907.810737], "rewards": [-1051.0639337859648, -1018.038643008867, -922.97670229942457, -839.43932100990924, -765.53148945389466, -707.64051084804544, -646.41471332628043, -593.08773946459348, -544.2304388680119, -503.35925918314831, -464.09380500827365, -427.74284822512925, -396.10365898972526, -366.90198480468013, -339.32334528977498, -315.5402387896641, -296.50023680727645, -272.59669161824371, -256.6123835775453, -240.74471927280973, -227.59935578115042, -214.34182917754518, -203.64364217776796, -191.62990430052085, -181.6583903597145, -171.26362603697743, -164.4185335760304, -156.15858101087551, -150.56728905141136, -143.39216822209622, -139.17053805314626, -133.55034735037643, -129.55412042856966, -124.3116912254272, -118.95719219747102, -114.55474768614239, -111.96153281997452, -107.46059506999514, -106.01117975648697, -104.6331097148164, -99.965697935165323, -97.333106543388695, -94.965900660129137, -95.185861657777892, -92.495875693690365, -85.815210874987642, -84.488668735589428, -82.757970249954894, -79.125346712775439, -78.878623691183421, -74.976917374866531, -77.404273191593461, -75.202674328815803, -72.526858909562037, -70.958736378627066, -72.090986233431224, -70.263741501617403, -69.197155294401838, -70.423447709237351, -68.603778451411543, -68.376279392463573, -67.03676386068291, -65.328870246182802, -66.802124333683409, -65.01716639635211, -63.605845563819145, -64.591637391739496, -67.463851308656103, -63.025699377689165, -61.37205615311575, -60.078268988677955, -58.978150435436788, -58.427588148771562, -58.493353939745454, -59.178012568173315, -59.130407867028033, -57.284816310954021, -56.678154970296561, -54.365600998098174, -53.798766032190443, -54.30699502136072, -53.578021671339734, -55.514720949677212, -53.744287785955059, -49.788897149338197, -51.273206160508444, -51.284930080751934, -53.62702672412447, -52.469297478719184, -51.808041583505329, -52.509532456487349, -51.147278515446004, -47.031736087135066, -49.732368644991574, -46.439629413428129, -47.130296653464171, -47.711472913426931, -46.370015018169234, -48.611421965990012, -50.447928700925999]}