{"timestamps": [1491546670.838376, 1491546778.699467, 1491546917.012657, 1491547068.062155, 1491547221.117574, 1491547375.144446, 1491547526.01622, 1491547677.754996, 1491547829.123933, 1491547980.65317, 1491548129.981528, 1491548279.311436, 1491548427.49431, 1491548573.543553, 1491548718.678611, 1491548863.065982, 1491549007.76965, 1491549154.819106, 1491549298.950314, 1491549442.298907, 1491549585.457169, 1491549728.364766, 1491549869.848878, 1491550013.270682, 1491550156.428545, 1491550299.559909, 1491550443.488184, 1491550585.095754, 1491550726.502745, 1491550868.715163, 1491551009.599739, 1491551152.021457, 1491551292.556668, 1491551429.839995, 1491551569.456353, 1491551709.391645, 1491551844.228012, 1491551980.298722, 1491552113.582243, 1491552250.472369, 1491552385.361113, 1491552523.303939, 1491552661.535895, 1491552797.352739, 1491552936.272446, 1491553076.579705, 1491553216.047408, 1491553356.711868, 1491553498.261481, 1491553638.230804, 1491553778.971427, 1491553921.754975, 1491554062.461963, 1491554204.036807, 1491554345.96895, 1491554487.519433, 1491554626.529314, 1491554762.71065, 1491554900.995805, 1491555041.043602, 1491555181.301035, 1491555323.204504, 1491555460.135112, 1491555599.154646, 1491555732.604048, 1491555865.480229, 1491556002.409649, 1491556138.546412, 1491556273.718287, 1491556411.065577, 1491556550.611805, 1491556691.259029, 1491556833.113289, 1491556974.26128, 1491557116.791658, 1491557262.911883, 1491557409.570798, 1491557557.607996, 1491557707.254722, 1491557855.489014, 1491558003.127341, 1491558149.206578, 1491558294.477345, 1491558436.708364, 1491558578.883542, 1491558718.892958, 1491558856.756029, 1491558995.53894, 1491559136.983079, 1491559275.857041, 1491559413.07573, 1491559548.997988, 1491559684.713692, 1491559822.444411, 1491559962.085962, 1491560104.815694, 1491560250.642318, 1491560411.106196, 1491560576.89938, 1491560745.214803], "rewards": [-867.93238511687935, -845.24984806090833, -771.16338641754567, -696.97038228381757, -658.27125509182963, -612.18412005224275, -572.6666840051065, -532.28132042993059, -489.3214956840348, -447.07210878811486, -419.36445373253343, -396.65679361431279, -390.31663326065274, -377.88926426303266, -348.81256194807378, -322.79750466232235, -300.86737476822782, -280.56297147865854, -263.77597402363983, -246.40697403998522, -231.83248065010102, -217.60201526147333, -204.68179366569152, -194.03770611786732, -183.68089650138495, -175.03820689428636, -167.16474015328922, -161.43516389890954, -153.77251577533957, -147.8490860902763, -144.19167390032976, -138.70969111891031, -135.72427013699982, -130.94156286848465, -127.64051738822586, -124.26710050294879, -120.62674346282159, -118.93161033604318, -114.41876474482541, -113.02292589731879, -111.5250987461279, -108.10451779950175, -105.23291154903248, -103.04930587394711, -98.755483259899734, -98.286278625405032, -95.841800530943459, -94.108586514185319, -93.470931760692181, -90.858911525577611, -90.189302650621883, -89.480618170461099, -89.18577505942325, -88.133665016966532, -86.399913987981563, -85.69370347798673, -86.462223581513271, -80.299227916871132, -85.617266467459274, -86.669700478599779, -88.551544875264923, -90.066097412077099, -84.935180073477511, -85.61888528158542, -84.272932054235568, -82.984724468921655, -82.342907824911237, -80.949067074376899, -81.737078944325987, -80.590015995986889, -79.59662418788929, -79.465059213726477, -77.150347630565079, -78.704810882004097, -75.518575530916053, -74.067693715199567, -76.213105287786632, -74.128124369952928, -73.057997879239423, -74.070835463774415, -73.233058665097104, -73.652646512804608, -71.972736622913388, -73.962343402577702, -71.75311483288688, -73.979620962042759, -74.546288831242052, -73.255617168027854, -72.085881340344187, -72.710076641978816, -71.216807626207853, -72.025248788298867, -72.319350856571347, -73.086258064351355, -73.143572498525614, -69.939485951865748, -70.237874069301995, -68.794827965034614, -66.659465240298076, -65.694810885578221]}