{"timestamps": [1491490254.409741, 1491490326.453177, 1491490395.003225, 1491490467.550075, 1491490531.873143, 1491490605.415089, 1491490689.145517, 1491490767.356201, 1491490837.669158, 1491490911.293804, 1491490985.786126, 1491491046.456966, 1491491117.300986, 1491491187.869003, 1491491261.132396, 1491491330.283454, 1491491405.67004, 1491491476.429052, 1491491552.999589, 1491491624.056968, 1491491694.022414, 1491491765.822684, 1491491834.454247, 1491491903.082692, 1491491975.012182, 1491492040.733178, 1491492111.970276, 1491492185.325885, 1491492256.544741, 1491492334.886193, 1491492408.002121, 1491492477.295479, 1491492543.827663, 1491492621.384001, 1491492681.383444, 1491492752.825973, 1491492825.17675, 1491492896.351234, 1491492974.304721, 1491493047.244454, 1491493117.440147, 1491493187.478278, 1491493257.84991, 1491493330.058469, 1491493400.430156, 1491493468.460902, 1491493545.623174, 1491493616.4964, 1491493681.689442, 1491493759.524682, 1491493843.004012, 1491493918.315775, 1491493984.389682, 1491494053.358614, 1491494133.059108, 1491494204.673499, 1491494271.77481, 1491494331.997256, 1491494400.482328, 1491494470.44326, 1491494542.27532, 1491494605.724501, 1491494677.611564, 1491494746.896434, 1491494828.385325, 1491494907.926332, 1491494971.728296, 1491495044.853803, 1491495120.264476, 1491495193.454869, 1491495250.312495, 1491495320.534418, 1491495391.662079, 1491495461.243247, 1491495535.283095, 1491495603.991756, 1491495674.370819, 1491495747.436196, 1491495819.278018, 1491495888.872421, 1491495957.763918, 1491496034.460894, 1491496108.910561, 1491496179.936961, 1491496253.455856, 1491496328.262289, 1491496404.606406, 1491496478.559845, 1491496548.437922, 1491496616.791107, 1491496682.090491, 1491496759.243335, 1491496831.60119, 1491496888.711947, 1491496954.890701, 1491497031.753141, 1491497106.749553, 1491497193.320996, 1491497262.921633, 1491497326.560368], "rewards": [-1224.708868998232, -1201.3117027599255, -1121.7063639945038, -1044.8201149095926, -981.4612221803967, -895.41002427571277, -845.30549475129521, -800.39302034636842, -768.00079690914663, -722.644243928626, -682.55655525504233, -647.07392065864451, -611.12537980042384, -588.10054368094757, -559.534003798443, -524.83256207879958, -492.26804393930246, -475.16382328936584, -453.77213149553586, -425.3579659315169, -406.96738668190824, -387.28208559948376, -368.52363030920321, -351.9937338271543, -334.05546386085257, -317.20997741050616, -302.35717715856316, -294.82768019242064, -282.44049413143148, -272.20296364994186, -259.39377787251743, -252.95199711760216, -240.38376312004297, -231.58198933682448, -224.60776715590444, -217.25948271061768, -210.49603871009731, -203.36819831830317, -197.11006349349697, -191.8606326370176, -184.73157991226057, -182.53342275124919, -176.3096920096007, -173.46674958880837, -168.12918503568434, -161.8746334597113, -159.87860377559412, -155.52086879624457, -154.49266000233425, -153.26766409136823, -149.71875145333573, -145.60315745668322, -143.68095724816095, -140.27989124594961, -138.99858105033209, -136.64801752766598, -134.04256938804937, -133.33431110968945, -133.10346973383781, -129.4183721308635, -127.17486281682386, -125.78761733625137, -124.9118677152899, -122.56113573450614, -118.15353140404495, -117.92783189985869, -115.29459087769932, -113.70057846429147, -114.03134438417284, -112.83353287635072, -111.39595048796515, -109.28490439528429, -106.59326697820279, -107.14687498603301, -105.437446407088, -102.56775410640414, -102.09252422847646, -101.71220561746686, -102.28590755095429, -99.053478050302886, -97.232378503809628, -97.390213783253046, -96.876524784218802, -95.670500562570012, -96.176462022160479, -92.426235866913615, -93.017169144708291, -92.945132621465916, -91.280806502213395, -93.281890181758371, -91.095720318849658, -89.686255806146576, -90.621933176282838, -90.341387401930348, -89.23774897673367, -87.382610206927524, -89.574826744486913, -88.601876563107467, -85.754101531266429, -88.034126700228356]}