{"timestamps": [1491422152.417351, 1491422163.657482, 1491422176.782932, 1491422190.844471, 1491422204.645358, 1491422219.063547, 1491422233.119665, 1491422246.650953, 1491422259.990165, 1491422273.555581, 1491422287.477049, 1491422300.968521, 1491422312.760058, 1491422324.995322, 1491422338.087462, 1491422351.745137, 1491422366.34421, 1491422379.597521, 1491422393.30528, 1491422407.247541, 1491422421.404855, 1491422435.057073, 1491422449.328395, 1491422463.081568, 1491422476.664475, 1491422490.776839, 1491422504.762475, 1491422518.659905, 1491422532.44194, 1491422546.165191, 1491422559.681638, 1491422572.920966, 1491422586.573967, 1491422599.938633, 1491422613.301824, 1491422626.787466, 1491422640.240589, 1491422653.974114, 1491422667.902015, 1491422681.979888, 1491422695.609905, 1491422709.484296, 1491422723.279332, 1491422737.22837, 1491422750.750577, 1491422765.04625, 1491422779.510204, 1491422793.803085, 1491422807.286972, 1491422820.871488, 1491422834.39704, 1491422848.277939, 1491422862.118812, 1491422875.686052, 1491422889.042858, 1491422902.327269, 1491422916.036268, 1491422929.107317, 1491422943.301456, 1491422955.949095, 1491422969.18432, 1491422982.360161, 1491422995.842378, 1491423009.196416, 1491423022.754714, 1491423036.937821, 1491423050.939501, 1491423064.705868, 1491423078.876577, 1491423092.361435, 1491423106.22167, 1491423120.026752, 1491423133.92148, 1491423148.11114, 1491423161.753989, 1491423175.194876, 1491423188.923445, 1491423202.284635, 1491423215.891035, 1491423229.957838, 1491423244.43095, 1491423259.329497, 1491423272.427851, 1491423285.324249, 1491423298.048128, 1491423310.378642, 1491423322.709484, 1491423336.304333, 1491423349.296172, 1491423362.46675, 1491423376.02341, 1491423389.177288, 1491423403.110235, 1491423416.715369, 1491423430.362941, 1491423443.674599, 1491423457.051429, 1491423470.473728, 1491423484.336449, 1491423497.76203], "rewards": [-112.2968598598972, -101.68886866940511, -88.097102236169036, -73.790400906894988, -62.504510832566297, -54.612466996654021, -47.161716855543389, -40.158628575200716, -34.659151296656347, -31.350018766117483, -26.752365720771994, -24.443685971261125, -21.67489547449695, -19.287972183336638, -17.922098830372718, -16.39282498412096, -15.700135259486807, -14.374348207104781, -13.821863482722684, -13.616197569482619, -12.597828970668942, -12.176979886181259, -12.293635628096531, -12.766205853551421, -11.623317742309336, -11.244131414758385, -10.681088108028016, -10.752342367439821, -10.962889802121458, -10.803955253634431, -10.397076884753647, -10.281632930762532, -10.323508801234929, -10.424490318686539, -9.4952275247099838, -9.3267031287247679, -9.3037558277334185, -9.5921606703125875, -8.9737742027569052, -9.1624701458430113, -9.0327306524875954, -8.7856927300568159, -9.8841018896141257, -9.2680285752452107, -9.4141679308777917, -8.765123072889466, -9.0778599572454883, -8.6963940036233751, -8.8525134391116804, -8.5855727594883469, -9.0185545107764007, -8.4546083916134798, -8.5541616650013115, -8.6644492074238286, -7.8596400679121778, -8.9632136887571559, -8.3016103286280511, -8.6040542394999235, -8.3200927595282685, -8.5036714341175426, -8.3240389569215179, -8.348774486370532, -7.4958610107531998, -8.0259694728148325, -7.7965836285754824, -7.7011147178597206, -7.7412239619165417, -7.5897074074924866, -8.07294400782237, -7.8998886856331625, -7.7392156733144155, -7.992954082177981, -8.2180704096229071, -8.0910508759400077, -7.9590186089654296, -8.0017954892261329, -7.9621493993171404, -7.8028690806482928, -7.7698916543113423, -7.4895044992944841, -7.4141668853468943, -8.041773718552168, -8.0584197733415159, -7.629349483642657, -7.8171922121370434, -7.2700612241796163, -7.9605925829077826, -7.368343688199789, -6.7353770874505505, -7.7619812874373757, -7.7630965578722915, -7.8716791914208342, -7.5845580083023085, -7.2161599048775429, -7.2126350593598296, -7.4066566339068354, -6.7801706004116662, -7.1414612948796004, -7.1753785251692577, -7.6088337170952025]}