{"timestamps": [1491420927.528394, 1491420942.835118, 1491420957.529587, 1491420971.16905, 1491420984.514983, 1491420997.273951, 1491421011.035433, 1491421023.775259, 1491421038.542508, 1491421051.723547, 1491421065.162729, 1491421079.22771, 1491421092.334197, 1491421107.884047, 1491421120.897762, 1491421135.278326, 1491421148.446236, 1491421161.938881, 1491421175.822646, 1491421191.40288, 1491421206.204245, 1491421220.453119, 1491421234.44407, 1491421248.699092, 1491421261.841326, 1491421275.365522, 1491421289.908619, 1491421303.0511, 1491421314.784646, 1491421329.074418, 1491421343.21483, 1491421357.549339, 1491421371.866201, 1491421386.073563, 1491421399.144291, 1491421410.272384, 1491421420.542371, 1491421430.067858, 1491421439.78433, 1491421449.514774, 1491421459.304676, 1491421469.658239, 1491421481.414068, 1491421491.328973, 1491421500.780139, 1491421510.660482, 1491421520.007562, 1491421529.215815, 1491421539.029096, 1491421548.629583, 1491421558.09751, 1491421567.637906, 1491421577.226602, 1491421586.097562, 1491421595.505499, 1491421604.926323, 1491421614.176372, 1491421623.710465, 1491421632.787141, 1491421642.213482, 1491421651.798529, 1491421661.597188, 1491421671.288763, 1491421680.896099, 1491421689.965089, 1491421699.551951, 1491421708.805081, 1491421718.077927, 1491421727.640327, 1491421737.078361, 1491421746.639248, 1491421756.064968, 1491421765.343876, 1491421774.860082, 1491421784.389026, 1491421793.824903, 1491421803.493576, 1491421812.951059, 1491421822.27236, 1491421831.652953, 1491421840.990048, 1491421849.897603, 1491421859.459043, 1491421868.739695, 1491421878.381324, 1491421887.73335, 1491421897.131483, 1491421906.641712, 1491421916.076953, 1491421925.652051, 1491421935.078134, 1491421944.81437, 1491421954.00765, 1491421963.574649, 1491421973.12545, 1491421982.584153, 1491421991.95138, 1491422001.163094, 1491422010.582494, 1491422020.143747], "rewards": [-149.55052127912032, -127.57782708293846, -114.49157142746184, -95.557387000744924, -80.990481208346395, -69.513509935746455, -59.987996271378144, -52.985010224213923, -45.048261917674402, -40.204835435179625, -35.001450023910877, -31.115394809137133, -28.219677320610582, -24.697363966173146, -21.919254875233641, -19.996266786696545, -17.733068307088775, -16.488496974875705, -14.906315525372518, -13.961852782900541, -12.594372006069307, -12.558297586993213, -11.549426067974478, -12.320104016080926, -11.357717122355176, -11.624847790916638, -10.684299376800041, -10.495994508482324, -10.252466896655694, -10.155106422125417, -9.6081388076961733, -9.7684785477984875, -9.4872017937467383, -9.5639788165862338, -8.7353862696024311, -9.5828548844969283, -9.1184438471944436, -9.2862847975482836, -9.3919575848763817, -8.4524522601969174, -8.9308071049311977, -9.0300408860662902, -8.7324390921190851, -8.081884300574897, -8.4542103550463867, -8.4967081643435929, -8.1240508732989785, -7.7942350797961524, -8.1430868711883146, -8.4413829293778342, -8.0784578792835209, -7.6220121157025256, -7.8078233761624922, -7.6562078550413393, -7.9344008321981869, -7.7135063616844697, -8.1243734177312135, -8.3854851125052843, -7.0098169984024681, -7.6453804447194669, -7.0583084790778852, -7.9559646987808161, -10.388893218647388, -7.8882468867600481, -7.4720136351910549, -8.3538377314756254, -7.6761761740827907, -8.4976063261692794, -7.2851705236427176, -7.6204818094952405, -7.1572178781091065, -7.6750808130542723, -7.3118235054599108, -7.9396506783331127, -7.4190042406803602, -7.6438642425550256, -7.876309978664767, -7.6922019287752867, -8.2051080699216801, -7.2115958971995902, -7.7619005105225742, -6.9965012835224218, -7.2042439920025911, -7.2729974166509939, -6.8262522669432117, -7.5389226121505724, -7.6278448484977561, -7.5762241994424331, -7.1315625807389962, -7.1742384719710071, -7.3519315511573078, -6.8686306970692375, -7.6371274679354553, -7.309940544219983, -7.6930504840097784, -7.4932162830996507, -7.2236165308294797, -7.2133428487712639, -7.1121900031852192, -7.7928562912015478]}