{"timestamps": [1491469539.116951, 1491469559.647487, 1491469578.287652, 1491469598.73996, 1491469624.577781, 1491469658.727591, 1491469699.189598, 1491469744.492522, 1491469780.812684, 1491469825.010547, 1491469862.909788, 1491469906.632897, 1491469946.931163, 1491469979.833879, 1491470023.186516, 1491470056.043844, 1491470098.681136, 1491470139.736288, 1491470175.99672, 1491470224.202207, 1491470267.41993, 1491470304.112127, 1491470341.490254, 1491470381.360537, 1491470413.434992, 1491470455.486484, 1491470494.823295, 1491470531.448315, 1491470571.603696, 1491470605.266731, 1491470649.587444, 1491470691.557409, 1491470726.912975, 1491470773.474435, 1491470806.955423, 1491470848.814364, 1491470882.985061, 1491470924.780453, 1491470967.123134, 1491471010.887276, 1491471058.602606, 1491471095.665455, 1491471127.670284, 1491471169.32941, 1491471206.323709, 1491471243.193692, 1491471284.969968, 1491471322.380221, 1491471359.361456, 1491471405.067626, 1491471442.29197, 1491471483.019468, 1491471524.993111, 1491471560.350574, 1491471603.782989, 1491471637.537479, 1491471685.466383, 1491471724.86933, 1491471762.77123, 1491471804.974957, 1491471847.792368, 1491471888.564335, 1491471925.412014, 1491471963.429823, 1491472002.65813, 1491472040.583644, 1491472082.410965, 1491472121.715174, 1491472160.222275, 1491472199.234693, 1491472237.652519, 1491472277.260344, 1491472312.737637, 1491472356.709802, 1491472402.747425, 1491472440.866293, 1491472483.68071, 1491472524.256994, 1491472559.862419, 1491472599.428008, 1491472632.173126, 1491472665.27286, 1491472702.618958, 1491472741.017797, 1491472776.961559, 1491472820.987899, 1491472866.997105, 1491472904.65525, 1491472944.015367, 1491472990.552039, 1491473027.039541, 1491473068.940509, 1491473107.257632, 1491473155.041046, 1491473194.697013, 1491473234.072517, 1491473265.147403, 1491473303.033781, 1491473337.178335, 1491473371.436899], "rewards": [-581.3880587601999, -547.68952588635057, -510.58435409767969, -461.04615000245786, -411.13099914225825, -372.73156380449842, -338.33277228377204, -302.89187263070818, -271.78118375646596, -243.88577023869894, -224.14451225871753, -203.51696715824031, -185.34890940066347, -170.61903498931559, -154.9635186538238, -140.97528107615463, -128.79320645744127, -119.00245646912798, -108.833415911465, -99.442433018776683, -92.891742025451379, -85.865868478499451, -79.525291393665128, -73.334727221711177, -68.388243917514757, -63.053533068025629, -59.779108866866551, -56.020084492472513, -52.433386706979384, -49.802207470222122, -47.084751718377881, -44.711430585090923, -43.11876420418119, -41.529633861536794, -40.520149072126678, -39.111245030713434, -37.623046763586281, -36.690115674948096, -35.325141585655444, -34.146686964387996, -33.459487733104289, -32.625362170815876, -32.741617651544011, -32.270342423338782, -31.519663937580887, -30.77283035850926, -30.566927869122278, -29.884728402357517, -29.757935690934026, -29.729043959078616, -29.524011250509719, -29.477292732644628, -29.005796805887581, -28.120899679723394, -28.138293737211093, -28.275698902631927, -27.378703876702858, -27.140895672796074, -26.215874688794646, -26.247340728929085, -25.514842142919978, -25.81053625034199, -25.83773496452687, -25.502327497213454, -27.028417703292163, -27.778769577132788, -25.62461115041414, -25.629194426186938, -25.232967149289731, -25.248405085112424, -24.799431159671116, -24.716073838161556, -24.508549825233686, -24.528303776286435, -23.961885632244847, -23.924188672173354, -23.262354267175965, -23.76225935967787, -23.491679122731565, -23.19206149174693, -23.105278196967674, -23.503579719940721, -23.856054981316117, -22.678080165144689, -22.79357710206148, -22.325460246011335, -22.42697626672064, -22.639050438974003, -21.727680651377067, -21.29003244627911, -21.528212647953957, -21.018148555806285, -21.229094007669183, -20.869704126346402, -21.099174202899981, -21.385070860536711, -21.267152463136576, -21.965551124186288, -21.668370940685467, -21.512340782314411]}