{"timestamps": [1491497931.966131, 1491497993.069275, 1491498052.862106, 1491498111.589405, 1491498171.498368, 1491498229.243581, 1491498278.570718, 1491498335.933482, 1491498391.465596, 1491498455.390633, 1491498507.268765, 1491498564.623627, 1491498626.69361, 1491498676.763729, 1491498733.667731, 1491498785.663467, 1491498835.002794, 1491498894.241054, 1491498951.48196, 1491499010.24038, 1491499068.747585, 1491499127.882805, 1491499179.6322, 1491499232.057787, 1491499284.17245, 1491499342.674822, 1491499401.657794, 1491499457.937673, 1491499517.454796, 1491499578.660583, 1491499635.449343, 1491499698.815357, 1491499762.427824, 1491499819.98521, 1491499877.464388, 1491499935.14293, 1491499991.845348, 1491500050.346787, 1491500103.695896, 1491500154.900797, 1491500208.129799, 1491500264.730992, 1491500328.059326, 1491500389.620333, 1491500453.181407, 1491500507.235919, 1491500563.29608, 1491500615.87423, 1491500671.282725, 1491500733.825749, 1491500793.623729, 1491500858.514264, 1491500909.940024, 1491500962.554422, 1491501015.923592, 1491501077.244372, 1491501129.437918, 1491501188.558914, 1491501243.332826, 1491501305.678971, 1491501369.413861, 1491501416.83323, 1491501466.678394, 1491501525.386648, 1491501579.434844, 1491501624.243845, 1491501672.917266, 1491501723.117549, 1491501771.142447, 1491501821.379315, 1491501864.852167, 1491501916.228458, 1491501964.486904, 1491502005.661683, 1491502053.729022, 1491502101.371824, 1491502148.929038, 1491502195.772056, 1491502245.371157, 1491502291.405439, 1491502334.6135, 1491502381.908727, 1491502435.147451, 1491502486.629266, 1491502531.516676, 1491502579.774827, 1491502633.464663, 1491502687.412513, 1491502743.882561, 1491502800.000222, 1491502856.157798, 1491502913.800512, 1491502965.311307, 1491503015.20669, 1491503063.024736, 1491503106.623393, 1491503160.697055, 1491503222.649271, 1491503269.236976, 1491503324.316263], "rewards": [-515.1857887084235, -510.36873373357224, -463.71360985357643, -413.53884516886552, -377.9874621951767, -341.4417517771318, -312.78788483547908, -279.65998079550269, -252.21645134421348, -226.66348059878547, -201.24411834126636, -181.56529770144763, -167.93129792055672, -151.83931632061996, -137.55501489321904, -125.5016323563963, -114.25901810536359, -105.62604159474893, -96.810286295455796, -89.993464302494289, -83.016509499575093, -77.404490975215694, -71.716720243701019, -65.840942828924511, -62.186916961668551, -58.019168640720892, -54.206859014717757, -50.270276776694487, -47.868817510951565, -43.365377292880147, -41.278619691001488, -38.541227877513315, -36.203395452393941, -33.811556306602519, -32.568652271887984, -30.363720612190704, -29.358281360721008, -28.226943004945937, -27.537672522800055, -26.056125643629354, -25.164558224476778, -24.052248026672849, -23.020383191187189, -22.822660409751723, -21.108505017301677, -21.127938046535924, -20.358835268528832, -19.628712237038329, -19.375493432461397, -18.899865425529441, -18.370442794721829, -18.025245256702878, -17.753550957285935, -16.939169912279596, -16.645271240368139, -16.571669088122743, -16.235431365257082, -15.699321294204976, -15.40702157238071, -15.298210437732177, -15.158588393283244, -14.979274580704287, -14.648140206968698, -14.743459281055996, -14.368550224981471, -14.085237870293966, -14.071238937709813, -13.693826150414788, -13.76386218135594, -13.599361450945588, -13.311490188875682, -13.271890532057148, -13.475427187889281, -13.291974852660179, -13.363908306442232, -13.150252257769035, -12.903457778154536, -12.570564048127752, -12.759454906783638, -12.626847409838241, -12.43535290980607, -12.316819242098978, -12.443542798441911, -12.125772638470023, -12.414998491478771, -12.007979605767362, -11.925872661190731, -12.137242336470822, -11.940947167367364, -11.783277985268837, -11.924436061132674, -11.720780975164722, -11.696063259378157, -11.545448981456559, -11.142122425722684, -11.148303249005975, -11.551359223751597, -11.073608663564031, -11.158059598223417, -11.068618909153175]}