{"timestamps": [1491429322.892664, 1491429368.558815, 1491429412.191502, 1491429441.306482, 1491429468.294293, 1491429495.47398, 1491429523.70288, 1491429551.912387, 1491429579.736822, 1491429607.153646, 1491429635.361208, 1491429662.56202, 1491429689.954816, 1491429717.331771, 1491429746.005721, 1491429789.766697, 1491429847.939346, 1491429907.055014, 1491429958.661949, 1491430012.594647, 1491430066.168308, 1491430127.555332, 1491430189.221627, 1491430247.814586, 1491430301.44624, 1491430356.247805, 1491430416.272188, 1491430467.215557, 1491430527.65881, 1491430584.786554, 1491430637.205501, 1491430693.590706, 1491430742.958929, 1491430795.088775, 1491430845.921152, 1491430898.763634, 1491430958.670164, 1491431012.060224, 1491431068.04749, 1491431123.019826, 1491431176.345095, 1491431229.690667, 1491431286.859966, 1491431342.25932, 1491431399.437422, 1491431450.297981, 1491431510.510548, 1491431568.567392, 1491431615.503932, 1491431642.861876, 1491431670.249182, 1491431697.776925, 1491431726.145508, 1491431754.428324, 1491431782.321207, 1491431810.642504, 1491431838.795508, 1491431865.807357, 1491431893.384492, 1491431921.040332, 1491431948.438682, 1491431976.127866, 1491432004.143349, 1491432032.836792, 1491432061.077145, 1491432089.674551, 1491432117.100465, 1491432144.810154, 1491432172.942546, 1491432200.549061, 1491432228.052517, 1491432256.542678, 1491432285.222072, 1491432313.89225, 1491432342.123146, 1491432371.267733, 1491432399.713303, 1491432428.240232, 1491432457.029264, 1491432485.430754, 1491432513.845169, 1491432542.691461, 1491432571.216534, 1491432599.164015, 1491432627.114969, 1491432654.089876, 1491432682.2904, 1491432709.918533, 1491432737.262634, 1491432765.426341, 1491432794.098318, 1491432822.36972, 1491432850.796218, 1491432879.262668, 1491432906.950226, 1491432935.16781, 1491432962.996242, 1491432989.874868, 1491433015.444977, 1491433041.571907], "rewards": [-1248.3910259307747, -1285.0465871816214, -1205.5277846446897, -1151.311139265327, -1055.6338866489555, -979.65196442786328, -932.65296576181106, -869.83169709913773, -821.65747466437597, -759.93299347341701, -711.82135032271515, -647.62681174658451, -616.74526105486575, -562.39318444919911, -536.21739143191917, -503.00011173532539, -468.94618315463885, -438.8514649031751, -413.50644224649443, -389.53354969546649, -369.80213070248487, -346.69482734538644, -328.92645327505466, -312.04768654768833, -292.26101200813025, -276.51387569479618, -262.31920812814502, -247.10511409134514, -236.95660272358137, -226.96829831557855, -213.92655812013825, -207.95313784151796, -199.10327272177213, -193.11246622128573, -185.76224462457671, -178.04233328988849, -173.1425664980423, -167.40577146014965, -162.22964046694213, -155.08486209693888, -151.51184784455515, -148.09203006793916, -146.88556898600129, -144.26115572003974, -142.04684749186575, -136.84500163120333, -132.83921559552738, -133.37140889838233, -128.13985769290986, -125.82353916095769, -122.60877024319316, -121.58242093160685, -117.6272444778246, -116.66037657777184, -116.34990441795394, -111.11825778325688, -109.09420217013844, -109.59763953400235, -106.64099172725678, -104.86144515302084, -102.94633219004908, -99.826424944224357, -99.552736196339595, -95.618909534411159, -92.175178267403822, -89.784329331336579, -90.594412170947308, -87.573296941562731, -88.691460806377066, -82.264435698542911, -84.236034538692351, -77.414921813836145, -79.883179084194168, -77.790078986872544, -70.667368709923352, -70.229404175013187, -68.481804476405188, -74.719373916434776, -73.680503559503705, -78.619608424624104, -77.070999600636839, -74.353787658977041, -75.687327767407666, -78.750677327204357, -75.251513645827288, -73.870771440590218, -67.751145007146135, -67.333277565754983, -67.604312224090975, -66.566002926782375, -68.366587861810217, -70.502114924539001, -65.102153358623397, -63.999449977466512, -66.062951442024854, -69.954351811782203, -62.925187114863732, -64.931330253277281, -60.855521931166528, -60.834295515939047]}