{"timestamps": [1491423951.252268, 1491423977.20081, 1491424004.854927, 1491424030.761184, 1491424059.33484, 1491424088.599029, 1491424118.53706, 1491424147.734394, 1491424176.456572, 1491424205.890316, 1491424234.501987, 1491424262.830311, 1491424291.194913, 1491424318.829548, 1491424347.01584, 1491424376.564376, 1491424404.608043, 1491424433.386272, 1491424462.220729, 1491424491.158732, 1491424518.939372, 1491424547.510438, 1491424576.467456, 1491424604.856932, 1491424633.622229, 1491424662.99643, 1491424691.76803, 1491424720.610369, 1491424750.14285, 1491424779.016692, 1491424807.658582, 1491424837.051887, 1491424866.195701, 1491424895.148131, 1491424924.055545, 1491424953.674101, 1491424982.816656, 1491425010.752225, 1491425038.84013, 1491425067.030046, 1491425095.300953, 1491425123.665075, 1491425153.232198, 1491425181.688249, 1491425210.328975, 1491425239.020008, 1491425268.689696, 1491425297.990418, 1491425326.981685, 1491425356.858127, 1491425385.897272, 1491425416.392849, 1491425456.555423, 1491425504.557699, 1491425560.992969, 1491425613.272168, 1491425664.258318, 1491425723.848681, 1491425774.53608, 1491425823.967504, 1491425878.108865, 1491425925.859488, 1491425974.158933, 1491426026.116007, 1491426077.18672, 1491426137.518437, 1491426189.436263, 1491426242.522669, 1491426296.020236, 1491426351.300805, 1491426412.571503, 1491426463.754775, 1491426516.363831, 1491426576.494132, 1491426628.017952, 1491426679.990071, 1491426734.56872, 1491426783.555793, 1491426847.289415, 1491426899.729074, 1491426954.405676, 1491427006.518179, 1491427059.417218, 1491427112.183398, 1491427168.493734, 1491427222.449496, 1491427281.82368, 1491427333.718147, 1491427388.370111, 1491427444.953162, 1491427502.965877, 1491427560.502799, 1491427619.191621, 1491427678.398297, 1491427727.39708, 1491427783.67744, 1491427839.112148, 1491427894.41692, 1491427934.556529, 1491427992.320543], "rewards": [-702.70995684356774, -687.25426926508965, -615.15585318208673, -551.32714088930561, -504.76879533266577, -455.8545763683702, -413.17894889060642, -374.65112778568829, -343.15123959995412, -311.43923327605131, -279.88761424589791, -260.35022518467537, -233.37056518356556, -209.84687601450867, -191.37776081962932, -174.660727647378, -159.57313823548679, -147.9072548000872, -136.01620649110183, -125.66437339134445, -114.83512027667766, -107.41205283090389, -99.681667772380109, -91.076948209053441, -84.661312857790165, -79.227463167619177, -74.583317332239361, -69.836002536275359, -64.962076924820764, -62.011843113342884, -58.414099976376228, -55.457031245841392, -52.361960222289191, -49.990147539566152, -46.840236375552713, -45.265572054767127, -43.254032591856138, -41.871128318888523, -39.926442483593526, -38.578112234003868, -37.091835956420638, -35.488625423709784, -33.908893657767003, -32.689708771075281, -31.405869067293889, -30.308321231482111, -28.817277766179824, -28.532287455619663, -27.322823649418087, -26.912021045450356, -26.307341662448685, -25.524481519573946, -24.787820098831499, -23.284070165146574, -22.621286594731327, -21.71185204319244, -20.370381834322885, -19.326429817310231, -18.331094358065133, -17.76271210403975, -17.01602579596566, -16.89450201270477, -15.696265340333673, -15.751063084472639, -15.51480591748102, -14.628802515077243, -14.208105612966946, -13.862208936057202, -13.625621382967346, -13.104353336028851, -12.914605564200851, -12.602098612119011, -11.846212930159709, -11.811397076352975, -11.496554630537984, -11.427935685769814, -10.959270446287817, -11.051545847145716, -10.697450007978839, -10.700666968356742, -10.315531401109492, -10.171195565057033, -10.420231312171691, -9.8807820836484304, -9.8127589530111514, -10.025674270961838, -9.7919126816540452, -9.6261344331657668, -9.5211094072446461, -9.4618483103015123, -9.1050467204224663, -9.1078797801346809, -8.9530004992949586, -8.9364875726170041, -9.0183844988006303, -8.7987638638695174, -8.6605857876212831, -8.4556609415339015, -8.640868482785093, -8.3594711230006009]}