{"timestamps": [1491420892.881632, 1491420905.534358, 1491420920.282155, 1491420935.255167, 1491420949.035381, 1491420964.430437, 1491420978.413203, 1491420993.444253, 1491421008.262969, 1491421022.321725, 1491421036.164052, 1491421051.369768, 1491421065.92478, 1491421081.232501, 1491421095.019624, 1491421108.879463, 1491421123.541476, 1491421138.361301, 1491421151.710821, 1491421165.803947, 1491421177.948921, 1491421192.443857, 1491421207.320907, 1491421221.980272, 1491421234.426173, 1491421250.262312, 1491421264.712407, 1491421279.853378, 1491421294.509816, 1491421309.190325, 1491421323.461761, 1491421337.780628, 1491421350.21423, 1491421364.464364, 1491421378.303496, 1491421391.919688, 1491421406.166563, 1491421416.524095, 1491421426.099452, 1491421435.637489, 1491421445.012041, 1491421454.469064, 1491421464.140332, 1491421475.042217, 1491421486.483554, 1491421496.02966, 1491421505.642264, 1491421514.920225, 1491421524.553508, 1491421533.759214, 1491421543.421176, 1491421552.900825, 1491421562.278511, 1491421571.637791, 1491421581.167889, 1491421590.441333, 1491421599.546027, 1491421608.710882, 1491421618.169204, 1491421627.706938, 1491421637.062105, 1491421646.783498, 1491421656.213827, 1491421665.860711, 1491421675.350265, 1491421684.987756, 1491421694.533166, 1491421703.894955, 1491421713.286322, 1491421722.740478, 1491421732.423429, 1491421742.107265, 1491421751.41672, 1491421760.509581, 1491421769.654852, 1491421779.48222, 1491421788.993954, 1491421798.217423, 1491421807.276515, 1491421816.510752, 1491421825.481961, 1491421834.892031, 1491421843.910975, 1491421853.117353, 1491421862.566001, 1491421872.058943, 1491421881.76331, 1491421891.197144, 1491421900.772197, 1491421910.397189, 1491421919.898529, 1491421929.436896, 1491421938.793151, 1491421948.509904, 1491421958.078309, 1491421967.654461, 1491421976.930384, 1491421986.699025, 1491421996.451996, 1491422005.784117], "rewards": [-151.59969920968189, -140.81127185288338, -120.48481128046153, -103.50880123136486, -90.927484789978351, -76.150842588970377, -67.553624782928367, -59.067342526783683, -50.965603704777799, -46.000105534275733, -40.286659908792629, -35.109972712982284, -31.534882070248088, -28.952994261235002, -26.16769863398909, -24.084821597375935, -22.399921328775953, -20.832388013727954, -19.840655354572402, -18.518337215030655, -17.413956579917887, -17.158845594100324, -15.965297799354348, -15.672457585482682, -15.194198165868059, -14.495313924726764, -14.649689778640973, -14.298949733578613, -13.747173979527247, -13.193333711964696, -13.349357773039237, -13.268963323165085, -12.789671275323906, -12.722982507784787, -12.346670523720638, -12.947459008950778, -12.015859202575278, -12.23676687198035, -12.581050870044288, -12.241220638978259, -11.782972710868943, -11.678002469792029, -11.884818340866138, -11.736789715498157, -11.807492892872736, -12.082908079677203, -11.819118816369437, -11.397221814627674, -11.193833132013747, -11.771245860296926, -11.770314922623326, -11.570879512552072, -11.364279136901359, -11.336142182263027, -11.086360959820514, -11.404437802151627, -11.714977150256022, -11.240921190515955, -10.639304031821517, -10.811785543207424, -11.023435898583648, -10.806620057731969, -10.759336243681163, -10.755168335568683, -11.215551593633894, -10.410731235464345, -10.746685933223839, -10.900965406378255, -10.799363518911214, -10.759374875253348, -10.746156959244951, -10.607920577595483, -10.216680954481776, -10.606116253779962, -10.392245135666739, -10.322917724521112, -10.84391164616947, -10.897770342674836, -10.772497539214305, -10.398142859729232, -10.578313330613454, -11.054609483615883, -10.249050680089463, -10.727409145364486, -10.462365914791748, -11.053935242073418, -10.238759018994557, -10.379066587708282, -10.20036523694276, -10.171872949160505, -10.593510023576739, -10.276236258613322, -10.29424681302555, -10.669219131813739, -10.516615700954587, -10.707198156175496, -10.152059526687294, -10.2204472957624, -10.44197080564164, -10.31874083030405]}