{"timestamps": [1491422155.392028, 1491422168.08306, 1491422181.241198, 1491422194.963824, 1491422208.899396, 1491422222.885961, 1491422237.123358, 1491422250.291371, 1491422264.028193, 1491422278.21239, 1491422292.474856, 1491422305.394314, 1491422317.626626, 1491422330.553022, 1491422343.839591, 1491422357.901001, 1491422372.027143, 1491422386.516584, 1491422400.705891, 1491422414.871622, 1491422429.148121, 1491422443.208618, 1491422457.137161, 1491422471.474183, 1491422485.189149, 1491422499.213494, 1491422513.575258, 1491422527.519277, 1491422541.526632, 1491422555.47202, 1491422569.053691, 1491422583.244407, 1491422597.207694, 1491422611.103646, 1491422625.82883, 1491422639.534691, 1491422653.804742, 1491422667.699518, 1491422681.478597, 1491422695.099178, 1491422709.338262, 1491422723.398781, 1491422737.003964, 1491422749.974268, 1491422764.322384, 1491422779.225881, 1491422793.213277, 1491422806.801441, 1491422820.324904, 1491422834.929121, 1491422849.068419, 1491422863.492059, 1491422877.636468, 1491422890.876299, 1491422904.360055, 1491422918.17739, 1491422932.301597, 1491422946.608973, 1491422960.758163, 1491422974.755173, 1491422987.944511, 1491423001.380552, 1491423014.804277, 1491423028.390511, 1491423042.660566, 1491423056.774807, 1491423070.103581, 1491423082.812645, 1491423096.204154, 1491423109.586869, 1491423123.124864, 1491423136.281219, 1491423149.792385, 1491423163.919979, 1491423177.694619, 1491423191.394591, 1491423205.345428, 1491423218.672761, 1491423232.374884, 1491423246.671383, 1491423260.578346, 1491423273.877127, 1491423287.203173, 1491423299.599316, 1491423312.4222, 1491423325.59419, 1491423339.639713, 1491423353.257171, 1491423367.043986, 1491423381.835777, 1491423395.693267, 1491423409.321697, 1491423422.620501, 1491423436.053654, 1491423450.558816, 1491423463.861293, 1491423477.922348, 1491423491.477419, 1491423504.913839, 1491423518.213408], "rewards": [-121.7368371021265, -112.6026925985627, -94.98765979633994, -80.778859001105005, -69.976255817372532, -59.11848000898356, -51.134407446584333, -46.281571919350888, -39.395807362089194, -33.297494237958588, -29.385179013111014, -26.573041895602945, -23.437639575128674, -20.639416907496443, -19.190545150884414, -17.218476411586252, -15.486400430300389, -14.876895946355406, -13.62713660218691, -13.432146305271187, -12.168194630844544, -11.443404515196313, -11.772422766136806, -11.312957356261938, -10.840252414770273, -11.021961782015135, -10.155134379105693, -10.789888726934917, -9.7281371709632971, -9.7631308073323435, -9.5982783869998372, -9.5877269515149735, -9.7214173878218677, -9.6562478382264239, -8.9607805558437956, -9.3786296266969664, -8.4531472525575673, -8.4448548094847791, -8.3111191410733625, -8.040803947159846, -7.7274338222905001, -8.752867725207027, -7.9123112561260651, -7.7331559775025598, -8.0513238132454497, -7.4713022224128913, -7.549762296953868, -7.9601620353936209, -7.8217193664190674, -7.6159088653050171, -7.8809887741301941, -7.3665950629794592, -7.549958153400345, -7.708816704403878, -7.796416581460309, -7.5225697037941934, -7.6709121873341113, -7.6477312675773712, -7.0747778237458885, -7.6344411211035608, -7.3003501113882416, -7.4405567538383846, -7.5816729536371774, -7.5985031812454267, -7.1894430387376493, -7.1023317576796572, -7.0799014783006013, -6.5961005634734091, -7.1036555059419477, -7.1989531763863059, -7.550400056698801, -7.0583062645935284, -7.1738501059479596, -7.5188010070760143, -7.3545100651058979, -7.0897467759847066, -7.1377843344574785, -7.271498206199551, -6.8138928834984656, -7.7505921062626246, -6.984401087767699, -7.1116698726697072, -7.5685683466844145, -7.228452530341011, -6.7753523190027067, -7.2763842464069857, -7.0474831808437433, -7.1835152778401632, -7.039099576129825, -6.6629844857357332, -6.1806713739925794, -7.0149976077422567, -6.8224648796679173, -7.0968753251818057, -6.3933434491888788, -6.9808234504908953, -7.1164268699597208, -6.7249178746093188, -6.6349630349719257, -6.40734471098438]}