{"timestamps": [1491490255.216324, 1491490330.957727, 1491490400.548122, 1491490481.698133, 1491490553.460634, 1491490624.763596, 1491490696.691557, 1491490770.376149, 1491490844.088048, 1491490917.004335, 1491490977.275056, 1491491050.94402, 1491491127.109336, 1491491195.137142, 1491491271.626433, 1491491340.170354, 1491491413.665984, 1491491486.741879, 1491491557.055518, 1491491629.989233, 1491491704.93224, 1491491769.975932, 1491491846.312068, 1491491917.19385, 1491491990.159057, 1491492068.610455, 1491492150.386472, 1491492216.009751, 1491492286.785623, 1491492352.378377, 1491492423.193645, 1491492501.558323, 1491492572.654899, 1491492656.802904, 1491492731.501001, 1491492805.523742, 1491492872.699744, 1491492954.964353, 1491493025.952997, 1491493095.13493, 1491493166.569259, 1491493239.985213, 1491493304.121008, 1491493383.396272, 1491493452.191659, 1491493527.660715, 1491493598.338706, 1491493667.491479, 1491493736.905271, 1491493815.126201, 1491493885.650525, 1491493955.225599, 1491494024.561685, 1491494098.569836, 1491494162.493156, 1491494240.96115, 1491494308.152211, 1491494376.603647, 1491494455.503305, 1491494525.48319, 1491494598.232444, 1491494661.412582, 1491494729.712107, 1491494803.217924, 1491494873.448536, 1491494945.436845, 1491495012.45188, 1491495086.320427, 1491495157.538518, 1491495233.688972, 1491495299.530842, 1491495373.608624, 1491495447.254196, 1491495529.048818, 1491495593.75182, 1491495669.283144, 1491495737.496764, 1491495816.775151, 1491495887.250257, 1491495956.2918, 1491496022.756049, 1491496098.068283, 1491496173.045945, 1491496235.442109, 1491496313.212904, 1491496382.818371, 1491496460.122357, 1491496534.88522, 1491496605.586297, 1491496691.298363, 1491496767.459063, 1491496844.535805, 1491496913.955618, 1491496974.019669, 1491497048.335927, 1491497126.474898, 1491497204.35761, 1491497279.297835, 1491497334.3515, 1491497364.516966], "rewards": [-858.87348593449451, -826.53733530897125, -772.26412733038103, -697.94910725726038, -665.25530389917174, -611.90106088112918, -570.50896962226898, -531.59172070198701, -491.96673153217597, -469.16963020017567, -435.12399024490668, -411.13408414435531, -384.54986011822484, -365.50195370324116, -343.60892042183957, -324.57748517648264, -308.60186251518593, -292.58950139924974, -275.64799780625248, -260.82371011803394, -251.91080873562183, -237.4952024120488, -231.55476114786441, -220.37753193468771, -212.4752595848332, -205.52101867193454, -197.6856754897575, -189.48107000168775, -181.30736833599892, -176.9167273874977, -170.13982523255294, -166.57670393651679, -161.55472874098388, -155.25822200209532, -151.73266190626956, -150.65738100483637, -148.54049240752363, -143.10252355191696, -139.29266885518444, -137.39728738063795, -131.03781041653315, -131.66328545343117, -126.54543638022683, -123.80747484435096, -120.50424091279217, -118.47017238619041, -115.59050368057459, -112.52392671184936, -112.45501360783166, -109.9324088853739, -106.80774036880418, -103.48303836451183, -101.5427564197135, -102.28985836961729, -101.18350598521602, -100.62599550085697, -96.881295244415213, -96.176834004311829, -92.71283383733504, -93.106505942714534, -92.895459106829662, -91.501712725927831, -88.018777059616511, -88.217016326830802, -87.59238402811836, -84.403911785146562, -84.804584923658766, -84.216876594146839, -84.204280930497731, -83.933191238109842, -82.518727255621158, -82.773092090030929, -79.300310069929026, -79.334015305748437, -78.971668839232265, -78.028705157644808, -77.843920866791706, -79.21345493855523, -77.621498872928967, -76.909445133020483, -76.435324186335848, -77.319874693067646, -75.286822810316366, -73.992919041175753, -74.525503860709406, -72.296529221897629, -71.64709500152928, -72.353251920103844, -72.621821601747001, -70.252242676064384, -69.83557688912191, -69.117209226582958, -69.33933581762129, -70.979151030190948, -71.237790201337589, -68.596090708042382, -68.157641275917271, -65.350216410174042, -67.689035265662056, -65.301412396974669]}