{"timestamps": [1493559841.602155, 1493559856.647891], "initial_reset_timestamp": 1493559836.765445, "episode_types": ["t", "t"], "episode_lengths": [100, 100], "episode_rewards": [-1158.6793887963272, -993.1813276814963]}