{"timestamps": [1491477829.845646, 1491477850.141858, 1491477870.194597, 1491477887.847421, 1491477903.296359, 1491477921.679869, 1491477941.070183, 1491477961.840868, 1491477980.570331, 1491477999.565461, 1491478020.270542, 1491478040.007637, 1491478062.664247, 1491478077.724204, 1491478096.310436, 1491478111.558276, 1491478128.025033, 1491478148.857695, 1491478168.830598, 1491478187.860904, 1491478207.712528, 1491478226.28329, 1491478239.975617, 1491478258.888781, 1491478279.244583, 1491478297.729469, 1491478313.373241, 1491478333.389501, 1491478346.235305, 1491478365.546084, 1491478385.003202, 1491478404.161633, 1491478419.189489, 1491478436.445501, 1491478456.257522, 1491478474.129269, 1491478494.370464, 1491478515.174601, 1491478536.00128, 1491478555.218044, 1491478573.324046, 1491478593.332502, 1491478615.084843, 1491478632.061659, 1491478652.903963, 1491478667.160144, 1491478687.327626, 1491478704.888255, 1491478722.74182, 1491478739.341838, 1491478759.798416, 1491478779.591339, 1491478797.696155, 1491478819.276321, 1491478836.022734, 1491478852.564979, 1491478870.125544, 1491478890.49608, 1491478909.688073, 1491478927.954849, 1491478942.966709, 1491478962.84934, 1491478981.220065, 1491479001.245977, 1491479019.972551, 1491479036.108214, 1491479055.76511, 1491479076.333994, 1491479094.802844, 1491479117.581469, 1491479136.500699, 1491479155.301823, 1491479177.050953, 1491479196.187654, 1491479215.588193, 1491479237.549005, 1491479257.497945, 1491479274.54299, 1491479296.670092, 1491479317.88654, 1491479334.857021, 1491479350.717815, 1491479372.443716, 1491479394.287674, 1491479411.345854, 1491479428.607581, 1491479446.862216, 1491479464.548399, 1491479484.509087, 1491479503.982242, 1491479526.833993, 1491479545.68529, 1491479564.985875, 1491479581.96444, 1491479604.309935, 1491479624.615701, 1491479643.300374, 1491479660.777029, 1491479681.207016, 1491479700.776414], "rewards": [-159.8547730602653, -130.15799947363209, -109.04748454965431, -90.710008559300292, -78.24153959361513, -64.777466754728337, -57.486589455583214, -49.301264531839642, -44.364794287987294, -37.412379591895053, -33.132602328616912, -29.158157382791046, -26.034880509052417, -23.257269940088928, -20.379551910629544, -18.912740290973542, -16.733140518585991, -15.426905425664591, -13.347983586170693, -13.355027252780626, -12.049735184863795, -12.112860690629127, -10.588324135612659, -10.410838846262479, -9.3327598235211013, -10.063097810480421, -9.3239488352498725, -8.6898438925572048, -8.3904064298442211, -8.759781165833461, -8.191786854332376, -8.2237051144507411, -8.3947212178421502, -7.726932858087622, -8.1640117536591177, -8.4341068221901061, -8.3550003861713744, -8.2920939862055789, -7.6157888561535394, -7.9922565715261875, -8.0625565255089882, -8.3278731060600517, -8.3509845562077984, -8.323142063437551, -8.4275279800230845, -7.8945803439150986, -7.5365403765285039, -7.6562209105352359, -7.4140113509486358, -7.0611993612722559, -6.9171066441539821, -7.2607371445618503, -7.6772076230456028, -8.0379014122883046, -7.570709768276906, -8.1612702483843176, -8.800897899906909, -8.6499206123267989, -8.7071063510513707, -9.4459195792950528, -8.4834625583990348, -8.8307120810223836, -8.8683418688208331, -8.498573882761006, -8.1615587437947159, -7.4532708997017751, -7.8736749927219538, -8.0930316441597601, -7.7059838232301017, -8.037313291516762, -7.9085273002594851, -7.8992293471689958, -7.2610719909271033, -8.2145309711471519, -8.0835752428936711, -8.2324779760018174, -7.7725332178356101, -7.9121332155709627, -8.244482430370299, -8.7792146982781496, -9.7751958894326147, -9.3210228919804443, -8.6776033532059813, -8.724150946087919, -7.8076762748730326, -8.5646042948887402, -8.1451450499201563, -8.0294016811571343, -8.7702428877616736, -8.5095956883878507, -8.0429679061475596, -8.7455466623196703, -8.359969812300017, -8.0631083331097049, -9.0944385724948216, -7.741395012067386, -7.7870391067679154, -7.9881047470327333, -8.2958364677127072, -7.9746433089403821]}