{"timestamps": [1491138135.174707, 1491138153.238625, 1491138169.566598, 1491138185.015775, 1491138200.019495, 1491138216.704138, 1491138233.564294, 1491138248.642917, 1491138263.786036, 1491138278.792674, 1491138294.354154, 1491138309.128939, 1491138325.015779, 1491138339.648566, 1491138355.712932, 1491138376.216523, 1491138392.463732, 1491138407.493043, 1491138422.78709, 1491138437.895585, 1491138452.815353, 1491138467.620679, 1491138482.681558, 1491138498.236696, 1491138514.219544, 1491138533.44342, 1491138549.519738, 1491138567.420314, 1491138585.515009, 1491138602.480292, 1491138622.166987, 1491138641.666935, 1491138658.970762, 1491138676.938537, 1491138695.210101, 1491138711.89668, 1491138729.880368, 1491138746.618049, 1491138762.615266, 1491138781.683934, 1491138802.050431, 1491138817.623882, 1491138833.434978, 1491138850.881803, 1491138866.740342, 1491138881.724422, 1491138896.785711, 1491138911.818085, 1491138926.90629, 1491138941.966017], "rewards": [-118.89745765976498, -103.1764893438871, -88.752501825460328, -76.132401758333771, -65.25007031884131, -56.059877931319257, -48.516851552379812, -42.314679985625432, -36.939811421013488, -32.405675388779493, -28.764204222763148, -25.584435256234769, -23.008341336397152, -21.045207955903216, -19.172739954759393, -17.958179471217008, -16.500871490304181, -15.376491855133311, -14.600890682176605, -13.799945150730704, -13.408427628643992, -12.919941288547577, -12.389125783856823, -11.907155364980126, -11.711248234429007, -11.485101787258101, -11.71369725810222, -11.291129376558505, -10.912091735643534, -11.078594655909177, -10.596220836852844, -10.631368680620868, -10.363552006834773, -10.382374405666148, -10.435188149716851, -10.041579266178635, -9.9060490030653074, -9.9051261492745919, -9.6164500701516378, -10.024203718817997, -9.5257270071632743, -9.6550083422491291, -9.1753059399586654, -9.1672189568079983, -8.8185509498509536, -9.0155956951558931, -8.9563023394715486, -8.6413061350003684, -8.6012250767772418, -8.6169938185903607]}