{"timestamps": [1491422164.833447, 1491422178.196747, 1491422192.331, 1491422206.598877, 1491422220.722294, 1491422234.795446, 1491422248.585339, 1491422262.613259, 1491422276.649908, 1491422290.541635, 1491422303.123392, 1491422315.825381, 1491422328.570045, 1491422342.392116, 1491422356.283028, 1491422371.104815, 1491422385.110131, 1491422399.048581, 1491422413.729887, 1491422428.214705, 1491422442.901578, 1491422457.193962, 1491422471.056998, 1491422484.856327, 1491422499.004776, 1491422512.233072, 1491422525.977494, 1491422540.184325, 1491422554.084889, 1491422567.677951, 1491422580.730961, 1491422594.601545, 1491422608.77812, 1491422623.50847, 1491422637.459039, 1491422651.848494, 1491422665.970026, 1491422680.472306, 1491422694.765229, 1491422709.046636, 1491422723.107321, 1491422736.963626, 1491422750.186171, 1491422764.518268, 1491422779.43202, 1491422793.601539, 1491422807.0214, 1491422820.874687, 1491422835.075276, 1491422848.958965, 1491422862.924474, 1491422876.974849, 1491422891.446381, 1491422905.533546, 1491422919.151264, 1491422933.4414, 1491422946.860196, 1491422961.057525, 1491422975.113838, 1491422988.764351, 1491423002.150725, 1491423015.687308, 1491423030.344466, 1491423044.355436, 1491423059.119448, 1491423072.929876, 1491423086.851161, 1491423100.262726, 1491423114.160363, 1491423127.847563, 1491423142.044443, 1491423155.880391, 1491423169.713409, 1491423183.421958, 1491423197.028314, 1491423210.642092, 1491423223.747589, 1491423237.937038, 1491423252.722737, 1491423267.01362, 1491423280.526474, 1491423294.191429, 1491423306.090657, 1491423318.667342, 1491423332.398958, 1491423346.067625, 1491423359.277697, 1491423373.346198, 1491423387.559673, 1491423401.325289, 1491423415.016205, 1491423428.659137, 1491423442.379227, 1491423456.394359, 1491423470.185651, 1491423484.461567, 1491423497.471775, 1491423509.786038, 1491423521.61192, 1491423535.520928], "rewards": [-111.35890096506371, -98.389835917565392, -85.151038049105949, -72.168705824094644, -63.292996745075534, -54.578969502048757, -48.454703689842006, -41.881274607710566, -37.120458432043819, -32.867523220681463, -29.198419786661908, -26.514485204886288, -24.084807607012422, -22.055600823134103, -19.872619281992371, -18.552626185998385, -17.046750344541213, -16.036528241511093, -15.36419048958146, -14.326615540777983, -14.188970999251307, -13.355167661390951, -13.286902801268587, -13.302032714566462, -13.355201412261252, -12.464001948117987, -12.288413284872529, -12.203625624478457, -12.072247069539189, -11.977405314946402, -11.244292822063075, -11.916172227614792, -11.965314002181101, -11.15292626524613, -11.145927556699668, -11.295153599146181, -10.947529292865372, -10.873830548210071, -10.974518080257527, -10.528588142284445, -10.553751604870172, -10.908985815394379, -10.671869770742097, -10.762582139156896, -10.409720104961632, -10.867756061998195, -10.344751978624286, -10.808072918117471, -10.437536973535916, -10.993202575588718, -10.766900158423338, -10.543899155166752, -10.637472372984334, -10.231352583016838, -10.615282929704749, -10.656321597040003, -10.154791037609924, -10.632146394858074, -10.897504912313083, -9.6670387523987724, -10.291123827647084, -10.012678059723148, -10.170102220471877, -10.282440759148033, -9.9591566954007344, -10.019465917590125, -9.4887498133537402, -10.335440873201973, -9.7550611886685594, -9.810670523814137, -9.9186172110359525, -9.5056354509881977, -9.8529548735908783, -10.106860217095647, -10.053878586914804, -9.7532195067150393, -10.001985383533437, -9.8974229479822373, -9.5264915559148999, -9.6750141534409568, -9.6565677337702294, -8.8752470433745696, -9.8028071587736409, -8.9554743744775589, -9.1492363352216302, -9.332361665291689, -9.0215770772739159, -9.6591979413987286, -9.3507511574432982, -9.2666676765261755, -9.3515205029760988, -8.950731648245311, -9.2131571615420107, -9.3309723674231506, -9.6112675630934081, -9.1038339655643696, -9.4386030580021831, -9.4954248474298115, -9.4175785161091952, -9.6375771494146232]}