{"timestamps": [1491420900.368934, 1491420913.04478, 1491420927.13087, 1491420939.806924, 1491420955.702522, 1491420969.822585, 1491420984.126535, 1491420999.222341, 1491421012.717219, 1491421024.932062, 1491421037.781801, 1491421051.46985, 1491421065.141623, 1491421079.453519, 1491421094.130873, 1491421108.300032, 1491421122.715047, 1491421135.933854, 1491421150.563961, 1491421164.380352, 1491421178.201042, 1491421192.568125, 1491421206.816062, 1491421220.60552, 1491421233.652547, 1491421248.907597, 1491421263.346243, 1491421277.876362, 1491421292.567827, 1491421308.600114, 1491421322.750812, 1491421335.625928, 1491421350.090151, 1491421362.793809, 1491421375.859146, 1491421389.954789, 1491421404.789543, 1491421414.995142, 1491421424.310388, 1491421433.725676, 1491421443.175961, 1491421452.189312, 1491421461.580219, 1491421472.42068, 1491421483.574075, 1491421493.100782, 1491421502.221942, 1491421511.382562, 1491421521.183297, 1491421530.713018, 1491421540.489713, 1491421549.876035, 1491421559.234344, 1491421568.771936, 1491421578.260004, 1491421587.538376, 1491421596.684218, 1491421605.993218, 1491421615.485241, 1491421625.148639, 1491421634.412589, 1491421644.032469, 1491421653.694206, 1491421663.15352, 1491421672.822545, 1491421682.242768, 1491421691.62978, 1491421701.08622, 1491421710.494423, 1491421720.003511, 1491421729.469805, 1491421739.154649, 1491421748.753122, 1491421758.384641, 1491421767.860585, 1491421777.478218, 1491421786.708501, 1491421795.948203, 1491421805.452112, 1491421814.977686, 1491421824.204355, 1491421833.160365, 1491421841.948184, 1491421851.553761, 1491421860.907703, 1491421870.391967, 1491421879.784385, 1491421889.264436, 1491421898.644191, 1491421908.198027, 1491421917.597571, 1491421927.075895, 1491421936.637432, 1491421946.166451, 1491421955.774548, 1491421965.094489, 1491421974.309596, 1491421983.759147, 1491421992.968544, 1491422002.724089], "rewards": [-164.90675115946087, -151.62153611746578, -132.96470488911413, -109.46461803046384, -97.350118380488041, -86.761363207423699, -75.234358180516097, -63.501698805138666, -53.583477435159097, -47.397609308706002, -41.759850800580722, -36.773602250310901, -32.147383593878324, -28.843821285132954, -26.372288317237302, -22.78228973316623, -21.293715742446384, -19.507312318550035, -17.657159552333937, -16.556667872515067, -15.428488821896135, -14.392910380951538, -14.040629485570141, -13.012401351677731, -12.815741154154006, -12.488097320973493, -12.006596834854326, -11.988000894091263, -11.97027100053907, -11.435394229755039, -10.264159962656469, -10.181662678434083, -10.332795829075152, -9.980484903489641, -9.9532644660213592, -10.467922529085975, -9.9575908544276448, -9.9890734581429346, -8.8111048841213471, -8.8596574110046102, -9.2545278403952924, -9.5112799355237208, -8.3194431131689512, -8.7235543092094137, -9.9299084314075294, -8.1047946903829668, -8.5280981722917364, -8.6194324624581729, -10.40545098305156, -9.2116360447938206, -8.2589914442050638, -8.4624030794454868, -8.0305319194335905, -8.8819462768044346, -8.8519013514325096, -8.0109335784111426, -7.6372274728843115, -8.8515821514533588, -8.3503907496080565, -8.0579186089204331, -8.3443953532080855, -8.1056021694434008, -7.0936624565559523, -8.1801002530026068, -7.9827320748665853, -8.0674657028884162, -8.6908205453535974, -8.3131118506051855, -7.7750096168265914, -7.3125355897473288, -8.1425779394885502, -7.8243110896545112, -7.9017149320626787, -7.6466225028290857, -7.4696998046222509, -7.4274662675927745, -6.9092329366716863, -7.4101843527669553, -6.8006347542325605, -6.8034637880093713, -7.2987689131832107, -7.6915694054526789, -7.0214387259414544, -7.6943095507256887, -8.1946932633735248, -7.2884456181466248, -6.8592744362378504, -7.6523142181859694, -8.3801030858574581, -7.7911585463181128, -8.002887678179464, -7.2866601096657462, -7.5809806907420754, -8.1287902135622137, -7.4501645508689585, -6.9574246620758746, -7.6894084997513694, -7.5908015560321846, -7.5275678922934164, -7.1263091511868231]}