{"timestamps": [1491433814.674011, 1491433842.37515, 1491433872.306887, 1491433912.935917, 1491433960.378776, 1491434003.842509, 1491434058.195731, 1491434116.622585, 1491434169.152281, 1491434229.479109, 1491434287.240268, 1491434340.904264, 1491434398.59789, 1491434455.765273, 1491434512.243512, 1491434567.103411, 1491434619.157152, 1491434674.565111, 1491434725.488543, 1491434779.448551, 1491434836.847479, 1491434891.675185, 1491434942.748821, 1491434995.290522, 1491435054.72136, 1491435108.115347, 1491435166.112886, 1491435219.582492, 1491435274.705699, 1491435331.455517, 1491435384.031025, 1491435440.089274, 1491435492.117692, 1491435547.771308, 1491435590.296407, 1491435643.974311, 1491435700.003325, 1491435750.316519, 1491435806.673655, 1491435860.760134, 1491435914.71618, 1491435969.491528, 1491436021.673752, 1491436073.7771, 1491436127.673084, 1491436181.274312, 1491436232.492761, 1491436280.610581, 1491436331.819947, 1491436386.182444, 1491436436.110232, 1491436485.846891, 1491436538.584905, 1491436589.33524, 1491436644.900806, 1491436697.380611, 1491436748.796571, 1491436802.361926, 1491436851.853565, 1491436906.040571, 1491436955.300701, 1491437011.844912, 1491437068.972697, 1491437128.465503, 1491437184.688812, 1491437235.988796, 1491437288.445618, 1491437344.303879, 1491437390.677634, 1491437429.101543, 1491437460.825585, 1491437495.461108, 1491437528.840222, 1491437556.538915, 1491437584.829487, 1491437612.487223, 1491437640.226275, 1491437666.806883, 1491437694.891304, 1491437723.924845, 1491437752.559625, 1491437780.243502, 1491437807.791475, 1491437835.741541, 1491437863.32462, 1491437891.407019, 1491437918.978018, 1491437947.804695, 1491437976.54816, 1491438004.117337, 1491438031.734321, 1491438059.617031, 1491438087.771244, 1491438115.229505, 1491438142.809589, 1491438171.91944, 1491438199.898498, 1491438227.620266, 1491438255.175305, 1491438280.788351], "rewards": [-1141.2084652664548, -1129.9074187152673, -1044.7565519459247, -998.29677307361317, -929.09762867227266, -867.34023106064478, -825.91307704353744, -780.31000668220895, -712.69631488546702, -684.69565543070098, -639.76214903235177, -602.90331442289232, -567.19704292510289, -535.46117374126015, -507.47323723873671, -473.64272310135436, -445.57630211701343, -428.11467924441638, -401.65246362470401, -381.50821320047015, -360.98673003588146, -338.3886405059435, -326.76844764768668, -313.3380178040307, -299.48535040674926, -284.54630286223556, -275.19663906568445, -261.14348322262441, -253.5503072480989, -244.90930919141923, -235.87465604566876, -227.27894307788742, -221.51182194558675, -214.0181606801296, -207.38697171163534, -202.16974598734137, -195.69598582225964, -189.46303664111019, -185.19269635737271, -181.14058169209056, -177.49113169875977, -170.83536490036454, -165.61942413733624, -163.67693609888897, -160.29448469903525, -157.49562770168703, -154.43084903111978, -154.17093844253912, -150.35550181383246, -149.00385597305538, -146.79996837577681, -146.01284906109663, -139.66214923073926, -140.31256207794203, -137.19803179613933, -136.09154391354826, -134.01569409480882, -131.92990478200309, -130.24672546951462, -130.18706971851915, -125.62121516358491, -122.28830178248693, -122.70938793008868, -123.02476635599228, -117.27712892684158, -116.45768174380943, -115.3029004281512, -114.19435886683901, -111.76053186936392, -109.27932169712132, -108.85569461393528, -109.01433371287212, -104.80587289043223, -103.70382059071704, -100.96362465740123, -101.68522315883929, -99.8263031839154, -98.876821790349879, -95.880588095059522, -97.706530808443574, -96.204944730287806, -95.111278614768821, -90.915914380139895, -91.866555795917606, -92.182504904863421, -91.497238140308951, -90.80148670654826, -90.293121852143898, -89.559861721700656, -87.763659747752442, -87.405767231166863, -87.663773240579189, -83.346157090999839, -83.008778083684149, -83.808531390290668, -83.422395221433931, -84.058700640164474, -83.370176909228647, -82.663992656872651, -81.678070598564844]}