{"timestamps": [1491429292.42381, 1491429338.182453, 1491429382.154737, 1491429420.092095, 1491429448.864697, 1491429476.104845, 1491429503.141546, 1491429530.718353, 1491429558.489789, 1491429586.517893, 1491429614.304495, 1491429642.051891, 1491429668.735861, 1491429695.988105, 1491429723.419726, 1491429752.465688, 1491429804.067409, 1491429864.124398, 1491429915.441163, 1491429970.276864, 1491430021.569402, 1491430078.729103, 1491430143.082438, 1491430194.629643, 1491430245.777522, 1491430298.160249, 1491430353.886134, 1491430405.749828, 1491430461.525607, 1491430511.402909, 1491430563.596016, 1491430619.878953, 1491430675.145473, 1491430733.818703, 1491430789.182228, 1491430840.955635, 1491430900.413795, 1491430958.205156, 1491431015.432317, 1491431068.471735, 1491431112.770679, 1491431160.935833, 1491431214.759447, 1491431268.356347, 1491431328.334051, 1491431381.529584, 1491431439.053278, 1491431492.642929, 1491431549.34735, 1491431603.061457, 1491431631.74244, 1491431659.128927, 1491431685.781381, 1491431713.033528, 1491431740.875736, 1491431768.210881, 1491431795.830668, 1491431823.573234, 1491431850.839737, 1491431877.562388, 1491431904.791128, 1491431931.874908, 1491431958.265829, 1491431986.097727, 1491432014.339946, 1491432042.180097, 1491432070.007191, 1491432098.44241, 1491432124.973301, 1491432152.157888, 1491432179.686922, 1491432207.020438, 1491432234.63784, 1491432261.959142, 1491432289.83808, 1491432317.770086, 1491432345.392138, 1491432372.999193, 1491432399.674538, 1491432426.612447, 1491432453.858834, 1491432480.904972, 1491432508.565157, 1491432535.618305, 1491432563.043995, 1491432590.659282, 1491432618.147387, 1491432644.59305, 1491432671.68777, 1491432698.757234, 1491432725.30899, 1491432752.705632, 1491432780.263522, 1491432808.023024, 1491432835.563054, 1491432863.584582, 1491432891.59227, 1491432918.540317, 1491432946.252584, 1491432973.490213], "rewards": [-996.78442594468856, -974.31271685260299, -942.34168317648368, -885.80661949038972, -835.71283221994918, -786.69942952176177, -736.91590320187197, -684.02094642462123, -645.80773785004999, -605.53922654477606, -565.98661368540957, -527.34623978867853, -483.51945668076144, -462.42781400054531, -426.26055788306587, -401.28811916784912, -375.08869914311612, -354.74569859681344, -333.09556779255996, -311.74748016947274, -293.34277888422793, -279.15290474322364, -261.97141911509067, -248.85663554609698, -236.08841923055149, -226.5249515202712, -213.00843762142776, -204.42484666804657, -192.77936893548463, -185.31067752491006, -178.01470408863602, -168.86461449380138, -162.2388789410245, -156.27728358097497, -148.22105949824962, -139.86228567382801, -136.74953789012167, -131.59502762829038, -124.61721393775277, -121.55647067961979, -118.71596700904294, -115.94637346590088, -112.29912795955866, -107.10973017190594, -103.23366663466136, -102.23864772950746, -98.794053092941226, -98.674560827630302, -96.262790319322633, -95.196280653920311, -94.37512002769985, -94.467923521243478, -93.064694379780164, -92.72707018860045, -92.592264906369294, -90.620009518628962, -87.62401581138414, -84.741550377439964, -85.034627097439952, -83.485778059986558, -82.691083360054762, -82.558251935223126, -78.806381317331173, -83.551813930937854, -81.757932049193599, -81.052780038803462, -83.069384028397252, -79.666389081165178, -80.917141352016259, -79.966182429286974, -78.651771712467792, -78.350972497318651, -77.256072053676419, -78.535901953208281, -76.674534972282601, -76.64358246506437, -75.895822449940866, -78.100698919819806, -77.551522277443595, -76.68879361091517, -77.137194898850353, -76.197748778015068, -74.182463706172044, -74.015026191776784, -73.216443017688533, -73.076249196114944, -74.649031667622921, -71.700613053605352, -72.3563920083119, -73.260542531582828, -72.315288787904521, -72.47313961256441, -70.779440144710463, -70.85474272558929, -72.348305893848078, -69.451469457794346, -71.010896557106747, -68.539618494539738, -66.013613804101624, -66.665034006348364]}