{"timestamps": [1491139541.544153, 1491139550.661135, 1491139559.855861, 1491139569.187764, 1491139578.265909, 1491139587.336113, 1491139597.261333, 1491139606.387571, 1491139615.408619, 1491139624.419569, 1491139633.605423, 1491139642.648523, 1491139651.623748, 1491139660.630051, 1491139669.674863, 1491139678.711936, 1491139687.707862, 1491139696.693377, 1491139705.740005, 1491139714.728649, 1491139723.794097, 1491139732.831274, 1491139741.884197, 1491139750.88381, 1491139759.926775, 1491139768.984085, 1491139777.947338, 1491139787.008841, 1491139796.042474, 1491139805.088627, 1491139814.151062, 1491139823.137922, 1491139832.334501, 1491139841.310521, 1491139850.465063, 1491139859.517862, 1491139868.80142, 1491139880.64421, 1491139900.620598, 1491139912.386571, 1491139923.193533, 1491139937.376152, 1491139947.544028, 1491139958.602385, 1491139968.611464, 1491139978.265766, 1491139987.114684, 1491139996.726794, 1491140007.243701, 1491140017.061275], "rewards": [-145.74038186174278, -206.82314972731527, -180.58761608329894, -148.20131581536455, -119.86678837299303, -101.18207882730253, -86.60679922035726, -74.904167715062329, -63.246990521610591, -55.182964503965998, -47.668325914976336, -42.060075013034272, -35.43363233442016, -32.123646471924971, -27.74136920452062, -25.153421224626292, -22.867695307904945, -21.142686054246084, -19.212714141169879, -17.415056992341938, -16.57003015147869, -14.824446026836741, -13.897888495442155, -13.083535923639126, -12.417531713703262, -12.05768508104452, -11.367412407831274, -11.39876761425716, -10.723172858480174, -10.162638634918546, -9.3095703877767146, -9.4225933769619736, -9.4866395027759207, -9.0122896578417286, -8.7862785592372354, -8.9605031610007906, -8.7457487944795727, -8.2267036327507927, -8.5644088534269525, -8.0191986035374523, -9.1051894115072045, -8.1271129463492802, -8.4128366224795847, -8.6401715056899171, -8.1768244273673947, -8.4106387485196681, -7.8691606923094453, -8.0927646979377794, -7.8658496074573261, -8.3224379014464436]}