{"timestamps": [1491469666.026457, 1491469740.831026, 1491469811.766704, 1491469878.791143, 1491469943.266917, 1491470013.442132, 1491470080.380939, 1491470149.472699, 1491470217.912086, 1491470292.680647, 1491470359.340786, 1491470429.493505, 1491470500.8618, 1491470568.096061, 1491470633.321093, 1491470704.996204, 1491470773.35388, 1491470835.308662, 1491470906.965349, 1491470971.111439, 1491471039.483217, 1491471105.631265, 1491471173.102081, 1491471239.585556, 1491471307.355232, 1491471380.522585, 1491471451.660342, 1491471516.497071, 1491471582.528475, 1491471649.453523, 1491471719.350466, 1491471784.445987, 1491471853.182736, 1491471922.964739, 1491471992.809443, 1491472059.091225, 1491472125.29772, 1491472192.576864, 1491472270.984754, 1491472343.344753, 1491472406.926116, 1491472473.6908, 1491472535.962659, 1491472607.222035, 1491472679.129921, 1491472755.80371, 1491472824.05425, 1491472895.807538, 1491472959.14487, 1491473027.149249, 1491473098.64907, 1491473161.823165, 1491473231.688874, 1491473299.809946, 1491473359.229864, 1491473419.76685, 1491473493.461674, 1491473558.87339, 1491473622.507026, 1491473690.760563, 1491473761.069417, 1491473812.616968, 1491473849.984104, 1491473886.705513, 1491473923.297071, 1491473959.615419, 1491473996.71387, 1491474034.258531, 1491474071.755454, 1491474108.512884, 1491474145.446891, 1491474182.387717, 1491474220.38835, 1491474258.193538, 1491474296.767589, 1491474334.772869, 1491474370.075908, 1491474408.007223, 1491474445.579595, 1491474483.399225, 1491474521.340142, 1491474558.685904, 1491474595.774134, 1491474633.677231, 1491474669.20456, 1491474706.327239, 1491474744.351754, 1491474782.431969, 1491474818.889687, 1491474856.176527, 1491474893.504671, 1491474931.714082, 1491474965.585317, 1491475003.041158, 1491475039.133392, 1491475076.516741, 1491475114.145908, 1491475151.396891, 1491475189.417426, 1491475225.797947], "rewards": [-994.5041199670609, -992.9346167929964, -912.9154768899347, -841.0481421922779, -781.675022443911, -731.1857868556201, -685.0049899793289, -650.3173750578458, -598.2890553547189, -561.7843295458443, -532.0121502697365, -496.5733311760484, -465.893164024365, -444.05215702912096, -415.7495278862011, -396.13666140524043, -370.3932288825375, -350.86489845939536, -330.09143633717076, -311.8192511219937, -295.90686496431204, -286.0136386692307, -270.8036419089783, -256.49844697405246, -245.03119332372495, -235.07144196269175, -225.468881985992, -216.91840253043992, -208.21326671374922, -199.1970866157228, -193.38994281022536, -186.12980329810512, -182.15653549543484, -172.61001837916427, -166.56268620031085, -162.57462434005305, -158.3089737633224, -154.4337602968342, -148.94088235271576, -146.7727251457651, -141.53906272718734, -140.65206533532083, -136.2848181997781, -134.5566544421324, -129.88455008929486, -126.80622033467844, -125.6940976961401, -125.43899262036675, -120.96513165436761, -118.11518182404305, -115.92474377806832, -111.42236271198523, -110.39374565194467, -109.80162561188978, -109.14419560936476, -107.84733089114428, -106.19268684381309, -106.42519490181927, -104.81710945667973, -103.50446759014045, -101.09741465330963, -98.297820003098693, -98.066584367857644, -98.135866062585379, -95.976514810414244, -95.05830990718178, -95.206561266896145, -92.95955101151425, -92.023485785764478, -90.8464673588621, -89.404142088449262, -90.987259381387375, -89.180506306114935, -88.041313427944274, -88.687292238257783, -87.495672536751954, -85.559989357223387, -86.54000672507955, -85.640692506550891, -85.74988205170996, -83.908879241276978, -83.637627250747286, -81.920261690799563, -81.660041269148081, -81.467884122379431, -83.139077139893161, -81.490389701646222, -82.403776230339787, -81.819948243760749, -82.77515950713159, -78.883714968049361, -79.853779007675683, -78.313043988128399, -76.981953484304313, -78.852044956065228, -78.560349397554035, -77.297017842540768, -77.524577536487428, -76.603412941126024, -76.109103201945857]}