{"timestamps": [1491656100.82048, 1491656107.350767, 1491656113.633349, 1491656120.757677, 1491656127.334837], "initial_reset_timestamp": 1491656096.120308, "episode_types": ["t", "t", "t", "t", "t", "t"], "episode_lengths": [73, 69, 66, 67, 59], "episode_rewards": [-1393.5717470609798, -1260.1466084155297, -1154.9837928204474, -1195.3445652101964, -928.3658928889668]}