{"timestamps": [1491429311.182372, 1491429352.203639, 1491429394.915431, 1491429431.253952, 1491429458.169271, 1491429485.436736, 1491429512.842982, 1491429540.773895, 1491429568.423349, 1491429596.813928, 1491429624.744085, 1491429652.734888, 1491429679.408012, 1491429706.641543, 1491429734.267619, 1491429766.292441, 1491429818.773318, 1491429876.06299, 1491429933.003482, 1491429994.475856, 1491430041.534754, 1491430095.058244, 1491430152.147983, 1491430206.188015, 1491430262.975436, 1491430313.077914, 1491430364.044925, 1491430420.739207, 1491430473.404822, 1491430525.916875, 1491430582.112105, 1491430640.360765, 1491430698.125007, 1491430757.645814, 1491430812.820302, 1491430867.719488, 1491430918.062908, 1491430973.152483, 1491431027.337373, 1491431082.775557, 1491431137.446801, 1491431196.795094, 1491431253.380232, 1491431309.567398, 1491431364.91786, 1491431417.347735, 1491431471.040266, 1491431528.224819, 1491431584.808567, 1491431622.52315, 1491431650.673022, 1491431678.685043, 1491431706.823846, 1491431735.780053, 1491431764.944204, 1491431794.33263, 1491431823.775304, 1491431853.130812, 1491431880.73611, 1491431908.588876, 1491431936.932953, 1491431965.153773, 1491431993.721276, 1491432022.035483, 1491432050.700411, 1491432079.258112, 1491432108.086951, 1491432135.571563, 1491432163.701401, 1491432192.323458, 1491432220.674907, 1491432249.842358, 1491432278.845677, 1491432308.121414, 1491432337.197458, 1491432366.757493, 1491432395.12262, 1491432423.960679, 1491432454.343945, 1491432483.521471, 1491432512.260526, 1491432542.060094, 1491432571.241782, 1491432599.710321, 1491432628.568818, 1491432655.672919, 1491432683.964915, 1491432712.355498, 1491432739.978321, 1491432768.741325, 1491432797.991182, 1491432826.913047, 1491432855.352642, 1491432883.754703, 1491432911.196711, 1491432939.276931, 1491432967.733131, 1491432994.94968, 1491433020.840065, 1491433047.64617], "rewards": [-1003.938517332514, -976.0832998275132, -927.42561215255409, -882.7470519457936, -822.91997380886528, -761.20074687140414, -706.3094288303937, -659.32822780995605, -621.19697306368698, -565.33067073229699, -538.90015808810938, -500.59813415196601, -472.00182397371407, -446.70773803009047, -413.73271640153757, -383.78056253750788, -363.84965968706501, -339.96753539749386, -319.79188580573668, -304.23743544533716, -286.09120924173482, -273.11555951441898, -257.84454421012998, -246.3255761598823, -234.59082472998708, -222.05620357988192, -213.16629346261857, -205.75040193739639, -193.64670455318139, -186.69938443715645, -178.89216457553027, -171.84444584846523, -167.03086489253238, -159.25723372128994, -154.07626839086376, -147.24380331091129, -142.61538614741573, -135.92531244802967, -130.6602539206869, -130.38399837546396, -121.14911058359309, -114.99490392123785, -111.72459093688239, -104.27650128237735, -99.432090893957906, -100.23604454781407, -99.824161892966075, -90.651951571877305, -87.703870476804411, -88.220197001388328, -88.244035390400953, -88.925338304258744, -84.317179968836896, -85.94792583429836, -83.642431760725543, -82.926740813713891, -76.566215069731797, -74.958578961145463, -78.886575188108978, -81.687379630063234, -76.80096978641258, -73.937961424971149, -75.338264896014891, -70.788128250756102, -72.694654115810636, -72.253531664947147, -69.514452651497649, -70.286873380297266, -72.430416078627601, -68.613176204900697, -69.392195834694135, -69.503655456584255, -66.013547867627324, -66.656254876999441, -70.312389118264676, -72.820955484848326, -71.498554049517509, -65.383129473127724, -62.160111193917835, -67.771188760362989, -70.371695026586707, -69.039145833158059, -63.617002381451776, -65.02521993272542, -61.322011008179885, -61.845219489344508, -67.335083748896025, -60.467784071702809, -60.550763947092925, -57.06650559024515, -58.459756475426232, -57.801814850533809, -56.992868960918543, -59.529324082757412, -53.428752221637176, -57.566715493608726, -54.001059283315293, -54.946883392473659, -57.320753031986243, -50.950406817494667]}