{"timestamps": [1491434018.083568, 1491434055.67764, 1491434092.197018, 1491434129.313809, 1491434172.881881, 1491434205.448967, 1491434241.356762, 1491434273.956314, 1491434307.808531, 1491434345.00539, 1491434377.932212, 1491434415.244557, 1491434446.781891, 1491434485.516982, 1491434525.233441, 1491434558.506276, 1491434597.997392, 1491434634.162086, 1491434670.732446, 1491434704.554878, 1491434738.169312, 1491434772.605474, 1491434809.874983, 1491434846.688312, 1491434881.238853, 1491434916.666684, 1491434950.706715, 1491434983.204082, 1491435014.75236, 1491435045.509171, 1491435086.62941, 1491435122.593955, 1491435158.097751, 1491435193.370091, 1491435225.102308, 1491435265.847264, 1491435300.888165, 1491435335.080817, 1491435370.229342, 1491435406.5696, 1491435443.464362, 1491435479.934771, 1491435507.665746, 1491435538.336368, 1491435566.576282, 1491435600.599435, 1491435634.740851, 1491435672.429326, 1491435706.949429, 1491435738.848833, 1491435777.07065, 1491435811.539917, 1491435842.896887, 1491435877.652989, 1491435912.866149, 1491435947.107413, 1491435981.555007, 1491436016.577379, 1491436052.59296, 1491436081.714206, 1491436112.529109, 1491436146.758758, 1491436181.789806, 1491436217.375756, 1491436253.707993, 1491436290.155706, 1491436325.337538, 1491436362.901759, 1491436402.420798, 1491436440.63548, 1491436475.991236, 1491436511.164823, 1491436545.764763, 1491436583.347986, 1491436621.169822, 1491436657.543814, 1491436689.628244, 1491436723.300384, 1491436759.344652, 1491436794.255424, 1491436831.841812, 1491436867.896797, 1491436901.596186, 1491436938.586755, 1491436974.251572, 1491437011.609407, 1491437045.61399, 1491437080.164592, 1491437115.998286, 1491437153.550001, 1491437190.408889, 1491437222.770187, 1491437263.164956, 1491437300.205641, 1491437333.727671, 1491437368.152694, 1491437400.36732, 1491437423.591319, 1491437447.792997, 1491437471.671996], "rewards": [-753.58876157581983, -721.58032929993647, -663.79340137044096, -618.12220903371735, -568.40321457640709, -537.96604223291729, -489.84471530910696, -459.07661606083258, -430.68443412523675, -390.7322559142147, -361.77310416095548, -341.01551814568609, -314.44522190427938, -291.8784727554451, -263.77558391800966, -249.40806579208228, -232.10085453141815, -212.5674319405025, -200.42967311164767, -189.29504639711465, -175.74389264991697, -166.70895938438821, -155.17680114538723, -145.20239794023391, -135.37768897993175, -126.51946128665035, -119.52277241767003, -112.51568218489138, -107.15382330829945, -100.659508377655, -92.860975968905478, -90.254407794149799, -84.650338407983256, -81.16322752226138, -76.894468876164098, -72.636416856948372, -69.222476406919483, -66.41440494332042, -63.880542890109247, -61.362673520823044, -59.33246042585467, -57.833454867291366, -54.630618716466934, -52.895786883077463, -50.82243469628316, -48.685818883212079, -47.091266137676939, -45.697441725814571, -43.666077138207449, -41.988510392735634, -41.436963565066065, -40.305238213727314, -39.240744898983699, -38.287522921264802, -37.324931788335618, -36.175501010868473, -35.164547771432986, -34.484698656255723, -33.456814437232268, -32.565495567896662, -31.725586042538126, -30.926812096749259, -29.057554962075411, -28.125514050995566, -28.035582737134515, -26.413104109098377, -25.499984581866016, -24.902363570815684, -23.970033618306473, -23.316297024901083, -22.740143351790572, -22.229060543928732, -21.919048458063283, -21.709746820768988, -21.560792385339916, -20.743279266352477, -20.517539157817424, -20.058845821985141, -19.704534050191466, -19.525253950032372, -19.032428503498892, -18.777108934965856, -18.80269650989813, -18.356101230023281, -18.36700864765751, -18.207581956764081, -17.754163917120543, -17.381309146973763, -17.063586997338586, -17.166241556575358, -17.338748151439354, -16.649864413382126, -16.848800498040788, -16.726839368012236, -16.579578779119782, -16.235124982274325, -16.078607613750947, -16.030713526155367, -15.475307872353953, -15.580179436666574]}