{"timestamps": [1491420497.925067, 1491420504.395011, 1491420510.800885, 1491420517.191263, 1491420523.585974, 1491420529.877483, 1491420536.242932, 1491420542.620949, 1491420549.042531, 1491420555.302841, 1491420561.639461, 1491420567.88208, 1491420574.258582, 1491420580.623147, 1491420587.093321, 1491420593.371488, 1491420599.741416, 1491420605.896909, 1491420612.538066, 1491420619.015114, 1491420625.457991, 1491420631.826273, 1491420638.066536, 1491420644.400018, 1491420650.668085, 1491420656.88471, 1491420663.116687, 1491420669.30944, 1491420675.39345, 1491420681.670492, 1491420687.954064, 1491420694.39624, 1491420700.816832, 1491420707.173938, 1491420713.427266, 1491420719.678314, 1491420725.980844, 1491420732.37159, 1491420738.642974, 1491420744.921784, 1491420751.230188, 1491420757.486995, 1491420763.927689, 1491420770.247234, 1491420776.606524, 1491420782.935893, 1491420789.306198, 1491420795.645968, 1491420801.979869, 1491420808.297183, 1491420814.639471, 1491420820.909292, 1491420827.329995, 1491420833.20014, 1491420839.314507, 1491420845.640659, 1491420852.79754, 1491420859.929953, 1491420867.917549, 1491420877.092767, 1491420887.547257, 1491420898.928126, 1491420912.325204, 1491420925.028605, 1491420938.680469, 1491420952.194154, 1491420965.769472, 1491420980.124948, 1491420993.100433, 1491421006.375074, 1491421020.422662, 1491421033.791187, 1491421046.75113, 1491421060.184384, 1491421073.19148, 1491421086.083152, 1491421099.029721, 1491421111.761108, 1491421124.539962, 1491421137.722925, 1491421152.10437, 1491421165.985431, 1491421180.018163, 1491421193.25634, 1491421206.916314, 1491421220.69376, 1491421234.468386, 1491421247.942781, 1491421260.455939, 1491421274.153531, 1491421287.190732, 1491421299.539361, 1491421311.844773, 1491421324.693046, 1491421337.43086, 1491421350.731512, 1491421364.339566, 1491421378.180368, 1491421391.968099, 1491421405.377008], "rewards": [-1118.7951927525557, -1060.3022436029264, -1047.8249140249675, -986.91645704794939, -972.61515466712194, -964.96463751835279, -988.13429878324325, -933.72703070041837, -881.41169396342036, -873.5915686076529, -872.98984047805595, -840.23382404726817, -810.69918364940133, -794.44940754524907, -763.57457606496087, -757.24362098851645, -731.68457328213913, -711.97659149274705, -729.95126673588481, -672.53265395793005, -665.71209613448138, -673.92921934723972, -657.0108273312012, -633.30090541161553, -630.00945673407671, -616.92131637690261, -589.19945077110253, -593.68144550374029, -601.4196768731141, -563.21999521525254, -564.39824065174798, -548.78545464167519, -545.86806320476296, -527.73376545171584, -520.04478124285845, -509.24643864059249, -498.74210930693778, -494.35181509148714, -491.71294604009557, -470.53907857007891, -451.77614381475206, -451.90690841684028, -455.3394296542296, -453.16071606413902, -429.37238373133363, -428.86611803231318, -430.91884376529811, -412.2993409628732, -410.15335359816089, -422.48241123126945, -409.1663197163881, -394.19912839182763, -387.1304888174808, -375.91049010123874, -368.40229821304507, -358.44730539036436, -364.16465665097991, -355.78878632168585, -352.1173760343022, -343.4897040077052, -337.92321221473293, -338.58859683271811, -338.23961162515434, -335.35996255820521, -334.13437111824692, -317.36154266497249, -318.56707813613156, -309.39699972823411, -305.78374062573317, -309.43591099180037, -304.55935945327337, -296.75101695548278, -286.93348050101048, -281.91242021108081, -277.86386361605804, -280.95603528529989, -272.36107593023337, -274.28589535303666, -270.51541948994048, -262.86105365347123, -267.59117890113032, -260.72122518607301, -250.12247733762044, -253.47796989804243, -252.90474025037577, -242.89571985631116, -243.32130922451842, -241.19204787529762, -240.06015425349185, -235.38838514025511, -226.58257954567816, -226.58253981345354, -220.47811494926881, -217.98371039253993, -221.79986248450902, -213.71653121671096, -212.27916872325702, -213.35637946481671, -208.96771111407395, -207.043675402769]}