{"timestamps": [1491463382.801378, 1491463395.794136, 1491463408.882162, 1491463425.38073, 1491463445.839499, 1491463462.50999, 1491463477.670215, 1491463494.526579, 1491463511.772802, 1491463531.30123, 1491463546.785447, 1491463562.012059, 1491463576.67411, 1491463591.484124, 1491463606.175284, 1491463621.017296, 1491463635.613631, 1491463650.914125, 1491463666.355645, 1491463681.44842, 1491463695.927526, 1491463710.95264, 1491463725.882618, 1491463740.855841, 1491463756.401272, 1491463771.648437, 1491463786.428951, 1491463801.322459, 1491463815.996362, 1491463830.987261, 1491463845.858439, 1491463860.832127, 1491463875.550604, 1491463890.642071, 1491463906.270344, 1491463921.061487, 1491463935.866989, 1491463950.686943, 1491463965.85841, 1491463981.262356, 1491463996.41894, 1491464011.332305, 1491464026.288871, 1491464041.064281, 1491464056.122303, 1491464071.016165, 1491464086.165557, 1491464100.96963, 1491464115.608635, 1491464131.70509, 1491464146.587035, 1491464161.724818, 1491464177.110114, 1491464192.719067, 1491464207.552855, 1491464222.365832, 1491464237.129425, 1491464252.165737, 1491464266.954956, 1491464281.808705, 1491464296.684173, 1491464311.239779, 1491464326.091701, 1491464341.232035, 1491464356.230836, 1491464371.144938, 1491464386.188339, 1491464400.955351, 1491464415.674069, 1491464430.43932, 1491464445.285592, 1491464459.972863, 1491464474.875152, 1491464490.044528, 1491464505.383061, 1491464520.056209, 1491464534.467605, 1491464549.2302, 1491464564.095485, 1491464578.762915, 1491464593.544595, 1491464608.440517, 1491464623.44583, 1491464638.281956, 1491464653.011933, 1491464668.00028, 1491464682.745321, 1491464697.571304, 1491464712.358942, 1491464727.074465, 1491464741.780112, 1491464756.714982, 1491464772.061603, 1491464787.805667, 1491464803.191395, 1491464818.739347, 1491464834.081781, 1491464848.901999, 1491464863.582699, 1491464877.37721], "rewards": [-152.81161213702433, -141.38987159860528, -118.36255604765053, -102.01980248169626, -85.707927298668807, -72.56038903883065, -63.328432644577582, -53.811472867449737, -48.132515301704643, -41.343429706688205, -35.872747620503603, -31.571726552719372, -28.557200247621935, -25.340407085651506, -23.12071414399777, -20.589035853304864, -18.591174545074914, -17.14838808561057, -16.524646697259751, -15.441188130301239, -14.109484531759687, -13.539972732531762, -12.738399207339794, -11.800080562204201, -11.251949908379785, -10.502966028644382, -10.692797976925604, -10.450718974057668, -10.695345708869489, -10.439722676226634, -10.832621737564212, -10.01142190076148, -10.087469256962946, -10.533335629257472, -9.7202341277966706, -10.049007326456175, -9.4081871388057046, -9.0605288432235618, -9.3954659060456169, -9.7018922429024759, -8.8478062214868949, -9.7467685957124566, -8.9691115802226857, -8.6411771767831844, -8.7824755113897073, -8.7473885170327961, -9.0308446367535868, -8.8632729335825307, -9.3155746000509225, -8.5358366909613572, -8.5791175061084886, -8.2792833846534553, -8.4466264435216107, -8.8533137112463685, -8.1303136161269656, -7.8882031518652891, -7.5532190485800843, -8.0027166869458455, -7.9321263071779189, -7.7366106374070602, -7.2189206441267491, -7.4307903875947003, -7.6674385405070584, -7.4805133094035225, -7.8632212159406878, -7.8948318121339742, -6.9040632151176604, -7.4932872525392114, -7.6334848564632249, -7.3254411778774786, -7.3935361913943449, -7.5155387276738645, -7.0645612005017764, -7.17247551942065, -7.5494469715374359, -7.0875094947004538, -7.1341344882111306, -7.1827028100080614, -7.3147991170674969, -6.9480904762677298, -7.3196428044891197, -6.8532579814680687, -7.222772337408089, -6.8104845770599729, -7.2881981533446627, -7.3175425695575136, -7.2919822536141439, -7.0453208058718158, -7.5220462384750491, -6.8013439687468216, -6.9779410414652761, -7.0667635484602531, -7.3870464589358233, -7.1649862627653897, -7.0631208366362896, -7.5814767353706225, -6.9159963201007768, -7.1482530046106829, -6.2912745699971504, -6.9286048681127816]}