{"timestamps": [1491477825.664131, 1491477845.508149, 1491477864.67626, 1491477882.447568, 1491477903.856363, 1491477924.407951, 1491477943.522212, 1491477960.953894, 1491477981.852968, 1491478001.701003, 1491478022.510951, 1491478042.70775, 1491478063.675629, 1491478087.186305, 1491478103.947735, 1491478122.674669, 1491478145.002107, 1491478161.907546, 1491478182.936647, 1491478203.634857, 1491478224.924049, 1491478242.566003, 1491478262.124795, 1491478282.349665, 1491478300.44926, 1491478319.740136, 1491478340.888468, 1491478363.217114, 1491478383.593754, 1491478401.390104, 1491478420.280918, 1491478435.553697, 1491478454.965597, 1491478476.451936, 1491478498.083404, 1491478519.26074, 1491478537.87153, 1491478554.004948, 1491478574.213044, 1491478592.095882, 1491478609.935497, 1491478633.769497, 1491478652.710653, 1491478675.182953, 1491478699.469096, 1491478721.961913, 1491478739.971915, 1491478757.558946, 1491478779.38659, 1491478799.262161, 1491478819.34512, 1491478839.838191, 1491478857.393072, 1491478878.893104, 1491478896.461886, 1491478918.897427, 1491478933.091875, 1491478949.279971, 1491478970.082511, 1491478989.823915, 1491479009.0411, 1491479027.137997, 1491479045.676794, 1491479064.952317, 1491479082.734793, 1491479101.953487, 1491479120.493074, 1491479138.278867, 1491479158.679786, 1491479179.717846, 1491479200.749148, 1491479221.170347, 1491479240.499366, 1491479255.875055, 1491479270.865867, 1491479287.365181, 1491479305.466789, 1491479323.760995, 1491479343.446427, 1491479363.009632, 1491479384.322883, 1491479406.537497, 1491479426.545948, 1491479448.647098, 1491479467.588285, 1491479486.968547, 1491479504.613985, 1491479525.075081, 1491479546.465746, 1491479562.101337, 1491479579.344915, 1491479603.887493, 1491479626.872868, 1491479641.735395, 1491479660.667963, 1491479679.36401, 1491479697.533172, 1491479717.262526, 1491479737.920117, 1491479760.003247], "rewards": [-133.68025992319727, -122.36741431952441, -107.16857051506615, -89.69674808660659, -78.243359534812939, -66.766983978660846, -58.092078462587999, -51.031084972457265, -44.28795581134117, -37.648383125302338, -33.533391621745778, -29.535576940158435, -26.451732098806488, -24.068682330709532, -21.796741557997663, -19.111249321447168, -17.452007455714103, -17.181031771743722, -15.398282123301566, -14.620330837175247, -13.32748970982508, -13.095731196276724, -11.715781121110906, -11.816653619459984, -11.144184658768289, -10.769884535511299, -10.724083198686829, -10.067120992200815, -10.483146235836355, -10.08657440134748, -10.472111596806654, -10.460182818421442, -9.9293273491879113, -9.9924643134144642, -10.525814297696806, -9.6671139609743832, -10.749953875168053, -10.151008298439024, -10.238247311905035, -9.8263200239138992, -9.9452146143941498, -10.101806951760361, -9.9641210568622469, -9.7532580220918685, -9.6567406687421631, -10.1193428260981, -9.9346709572052543, -9.3503046074898464, -10.190545906551217, -9.6426413004242608, -9.495431218770003, -9.5998727768923846, -9.8571097573229114, -9.1277315736351152, -8.8265632127582663, -9.2982264464236604, -9.159715167267068, -9.4184272438859722, -9.3833214222922923, -8.7104213317816672, -9.3543651707776405, -9.3272953463682793, -9.2288478831402045, -9.1378645978227109, -9.0528963221201106, -9.18864088325277, -8.9346873642326337, -9.1934147220773141, -9.8266684330635048, -9.0286149443333503, -8.8354373217188602, -8.9015160614736288, -9.2023115265909698, -8.6853212708447121, -10.037339558003065, -9.6370772291152438, -9.1840095224891432, -9.3462961880546001, -9.7721425834139648, -9.7429636169403135, -9.3809261509916784, -8.9641466485633643, -9.6959478040247795, -10.109949098570205, -8.9916824940183879, -9.4062613099781416, -9.233606485904323, -9.2038581287188919, -9.4061309081977615, -9.1204227011889856, -8.7690352591251575, -9.3348668997773725, -9.3634404998021843, -9.106797453662546, -9.1678455433532076, -9.1418677236830597, -9.1588550381307545, -9.523581627179885, -9.5211666347870771, -9.3888947273079424]}