{"timestamps": [1491469678.067771, 1491469745.7541, 1491469811.154552, 1491469877.256797, 1491469944.326589, 1491470013.33062, 1491470081.369653, 1491470150.373302, 1491470225.890292, 1491470295.566907, 1491470361.293061, 1491470428.800586, 1491470498.560349, 1491470559.695901, 1491470622.626697, 1491470685.705582, 1491470750.710475, 1491470810.682538, 1491470870.414347, 1491470939.090069, 1491471004.206401, 1491471075.086473, 1491471145.534808, 1491471217.790836, 1491471286.739753, 1491471367.908557, 1491471434.115147, 1491471505.960961, 1491471579.968546, 1491471648.83041, 1491471711.900417, 1491471781.234589, 1491471848.566391, 1491471913.260926, 1491471983.061439, 1491472052.41239, 1491472124.983017, 1491472189.756106, 1491472250.270637, 1491472315.38591, 1491472380.395661, 1491472447.372234, 1491472518.463322, 1491472590.521054, 1491472652.683201, 1491472723.089158, 1491472792.685281, 1491472860.131048, 1491472923.853142, 1491472992.377051, 1491473061.027207, 1491473136.289675, 1491473204.863531, 1491473271.195517, 1491473336.188267, 1491473399.867561, 1491473472.478315, 1491473544.283156, 1491473601.470596, 1491473666.359797, 1491473733.395323, 1491473798.014819, 1491473835.393737, 1491473873.007546, 1491473910.640047, 1491473947.665825, 1491473984.372129, 1491474021.442225, 1491474060.402494, 1491474097.265068, 1491474135.500255, 1491474172.879328, 1491474211.337617, 1491474250.125776, 1491474289.934719, 1491474328.668814, 1491474364.890977, 1491474400.509669, 1491474438.659275, 1491474475.804554, 1491474513.499447, 1491474552.167293, 1491474590.100582, 1491474629.654532, 1491474667.860357, 1491474706.97615, 1491474745.670853, 1491474783.775575, 1491474822.564476, 1491474860.56203, 1491474898.618463, 1491474937.362704, 1491474975.010454, 1491475012.61806, 1491475049.38452, 1491475088.472266, 1491475125.996362, 1491475163.956567, 1491475201.432122, 1491475237.310699], "rewards": [-1206.479039343532, -1203.651694696263, -1088.585942943547, -1026.2624258965539, -952.4324266402941, -861.7220228630836, -852.9586232165252, -785.1048992949902, -754.3696850619448, -723.5114543117971, -675.8887952201056, -629.2491862726483, -607.9091251947352, -569.7967066842704, -544.7325794217309, -517.6267528035273, -477.75938789657516, -469.3544882183235, -436.51770783117803, -415.9571485516937, -392.1778640371915, -379.18563226862693, -359.8281417176915, -341.9062032448452, -321.9615558305093, -311.58946778237447, -292.3377071360806, -282.0614076989071, -269.6265252280191, -255.60031423818643, -248.13843135093057, -234.82937218557777, -226.4302761891369, -220.22275653029163, -206.10846231431074, -200.35431220202835, -189.2167907379526, -184.56091613854952, -175.65172849339294, -172.1409969115874, -166.2066608899197, -161.03422738030565, -151.77721594223252, -148.50111342832244, -144.916725063002, -137.84411176940347, -130.5263555288962, -124.4853792583119, -122.50845226434582, -115.19272517176834, -111.76883882723634, -109.77563676280135, -105.39066158721322, -100.34168796915111, -99.851590919121506, -95.503973450621345, -90.198865008199206, -88.012902299773899, -91.067746233721707, -88.490063942177585, -86.046194041037779, -76.27146171162687, -83.145271605499872, -78.852727994735247, -77.883782865618628, -76.777426246201074, -69.684632305653579, -69.603462823870487, -69.729932532271448, -66.984117862921707, -66.276332952542731, -70.00990118663367, -68.434346872063728, -64.25938608138793, -59.511746854497112, -63.096240119417608, -61.413012475532277, -60.242348092585068, -61.412034422285302, -61.898316693917174, -60.864082371258974, -62.967275260531743, -56.650970373362327, -49.943156056208345, -56.654457093742749, -55.874610108121963, -53.693002465353402, -55.592935902456496, -56.360073320840058, -51.881996684484875, -49.054243438346212, -52.069679197725861, -50.839805985438986, -55.554765177113822, -56.416243319011144, -49.834664918506007, -49.976529804739393, -47.896458802404346, -52.256292554333001, -48.96913585600867]}