{"timestamps": [1491433913.843594, 1491433947.976277, 1491433975.983937, 1491434010.808816, 1491434044.804914, 1491434080.082171, 1491434115.871345, 1491434151.965924, 1491434190.28137, 1491434226.17137, 1491434259.032864, 1491434296.291953, 1491434333.657613, 1491434364.508135, 1491434395.742846, 1491434428.112221, 1491434465.097652, 1491434496.219369, 1491434528.543215, 1491434563.770717, 1491434602.758421, 1491434637.372216, 1491434671.405668, 1491434706.282948, 1491434737.234786, 1491434774.877617, 1491434807.489898, 1491434845.008386, 1491434880.769293, 1491434915.093343, 1491434951.627991, 1491434982.582859, 1491435014.886816, 1491435048.980804, 1491435082.342733, 1491435118.747081, 1491435154.003105, 1491435188.653608, 1491435227.851798, 1491435259.023045, 1491435295.300847, 1491435325.943709, 1491435366.460032, 1491435403.971209, 1491435435.850587, 1491435476.684076, 1491435515.654081, 1491435549.569007, 1491435581.150902, 1491435610.956322, 1491435647.243228, 1491435684.492672, 1491435722.960833, 1491435755.105912, 1491435792.942058, 1491435827.270025, 1491435858.726035, 1491435891.778298, 1491435923.249022, 1491435958.699664, 1491435991.754282, 1491436027.918813, 1491436064.568005, 1491436097.578943, 1491436132.294298, 1491436170.832256, 1491436209.111723, 1491436246.987167, 1491436281.041683, 1491436318.82334, 1491436355.422723, 1491436389.885613, 1491436423.481151, 1491436460.800965, 1491436499.693775, 1491436535.984652, 1491436573.806626, 1491436611.704322, 1491436646.755848, 1491436681.355402, 1491436719.532285, 1491436753.829566, 1491436789.106747, 1491436826.455143, 1491436861.356646, 1491436895.291621, 1491436933.370285, 1491436969.757551, 1491437004.309161, 1491437041.839415, 1491437079.724074, 1491437115.565515, 1491437148.783694, 1491437180.856511, 1491437213.899366, 1491437253.100185, 1491437287.731496, 1491437321.296305, 1491437359.608213, 1491437392.58711], "rewards": [-718.64781690929635, -685.98586024470944, -617.62879169927578, -556.53907076023006, -519.09421846868747, -477.2680931928262, -425.76503422799141, -388.49703662605447, -354.96233444014075, -321.36928325094112, -295.04533843108237, -269.63841404040977, -248.43020555359493, -226.35210292785851, -202.41394804323653, -187.81502509462834, -171.0434216800617, -158.31887025479557, -146.73233597406647, -136.14614408169467, -129.56161010000429, -116.64317512558961, -109.45983491790639, -103.19500172359118, -98.203102365979177, -90.83318217911976, -85.301475480292268, -81.699648554866329, -77.688007402914025, -73.479662328305452, -70.458753506621917, -67.8445789122935, -63.537471840224846, -60.791380009807071, -57.733919116321786, -56.278102279419215, -53.489727100464592, -51.639580857633852, -50.50220415199324, -48.753639263682089, -47.810231193308255, -46.259834788832322, -44.368019931763726, -43.679219471746052, -42.393455316307964, -41.41413713853489, -41.306829588582247, -39.541076939230273, -38.425001656676073, -37.712013971270814, -36.310465660597259, -36.164092752303624, -35.276118500902697, -34.500074813956815, -34.078828704678209, -32.370331173533188, -32.713526406819092, -32.009005055800934, -31.620143320671477, -31.277878296097189, -30.938169352157832, -30.791687041628901, -30.307812677476488, -30.119878639186844, -29.470488065379673, -29.200801634532549, -28.70742501781676, -28.5785533468583, -28.057734530301804, -27.713164376062711, -27.458726952665984, -26.870739438934876, -27.506422931649652, -26.743860545890975, -26.401727586374207, -26.231347529664848, -26.457916032677211, -26.158853164276948, -26.006837482507969, -25.608536997769839, -25.409292551325535, -25.076959724547578, -25.233985429712103, -25.135512654086853, -24.871672190128201, -24.748520997879446, -24.501910926822831, -24.049306409922934, -24.106139687208525, -24.034058868859709, -24.00747321906497, -23.863301246455375, -23.843177520478278, -23.424096516351678, -23.049196528511949, -23.202611405856572, -23.024291795062492, -22.984490281241268, -22.54155483562187, -23.11872305530752]}