{"timestamps": [1491469669.358196, 1491469731.043349, 1491469790.808414, 1491469860.152578, 1491469922.770107, 1491469993.253637, 1491470062.430984, 1491470130.593242, 1491470204.830469, 1491470266.313806, 1491470338.026488, 1491470408.641502, 1491470473.366924, 1491470543.255941, 1491470617.946223, 1491470691.417825, 1491470765.640985, 1491470821.826142, 1491470895.679822, 1491470962.566071, 1491471034.880132, 1491471108.523002, 1491471182.424799, 1491471254.081643, 1491471325.293935, 1491471395.233335, 1491471465.486515, 1491471532.828242, 1491471603.193736, 1491471679.928445, 1491471746.858135, 1491471812.374446, 1491471881.204359, 1491471952.52535, 1491472024.136776, 1491472097.227802, 1491472169.611781, 1491472235.541042, 1491472298.906949, 1491472372.943301, 1491472442.570486, 1491472510.948046, 1491472576.577073, 1491472650.645904, 1491472719.707522, 1491472789.398954, 1491472853.733787, 1491472909.15669, 1491472978.313545, 1491473052.514323, 1491473123.527026, 1491473199.656476, 1491473274.825504, 1491473338.765146, 1491473404.273073, 1491473470.056792, 1491473530.637985, 1491473588.262922, 1491473652.125946, 1491473721.919402, 1491473792.260889, 1491473829.828932, 1491473866.910467, 1491473904.753408, 1491473942.862718, 1491473982.236609, 1491474020.189927, 1491474059.081382, 1491474095.091803, 1491474133.081879, 1491474170.302891, 1491474209.140212, 1491474247.349482, 1491474286.085669, 1491474322.756129, 1491474360.14218, 1491474396.172439, 1491474434.417855, 1491474471.882151, 1491474509.685725, 1491474549.233215, 1491474588.073296, 1491474624.814955, 1491474660.699679, 1491474697.972276, 1491474736.820253, 1491474775.033999, 1491474813.613589, 1491474851.168007, 1491474888.920819, 1491474927.57885, 1491474961.673455, 1491475000.029541, 1491475037.752956, 1491475076.507159, 1491475113.863836, 1491475150.425422, 1491475189.275993, 1491475227.304974, 1491475265.486142], "rewards": [-959.4831215043429, -936.304262410902, -890.4870431129533, -836.4789208803321, -812.186545302953, -741.927235618701, -696.4482077208199, -664.3752667591283, -627.9598235469293, -586.5343128842557, -553.7873937971166, -525.8306778918887, -497.1204599129942, -461.95957642427396, -437.0442330976691, -417.1088005428498, -390.8224434805104, -368.81516100322074, -349.85894599964723, -328.70489135283134, -311.37440094500255, -294.12783955717725, -277.619830639416, -265.38580840514055, -250.53635401755753, -237.4765317067623, -227.98164571749115, -214.91275856631125, -205.60651580408415, -198.56999476004043, -188.9211233224925, -179.71727067627273, -175.9373330196812, -162.8752645346534, -154.50421030693033, -152.46096085985963, -143.84272626944005, -139.85031350232921, -134.10685804161966, -125.2522035238854, -113.53044988619426, -116.01672884222215, -103.86269857448534, -102.3963676637443, -99.2931268444656, -92.31156666312647, -92.11657136705254, -88.71035908141252, -85.51643838655707, -81.93138598826695, -82.09062463962124, -75.903159396845368, -74.307945846838948, -77.831045488422546, -75.176619207553998, -70.759472991946282, -68.058559595279803, -69.959205004413207, -68.084233149337294, -66.482712698591158, -63.069388624421016, -60.204331128016776, -64.070840895555364, -63.112608121216155, -57.805882682329319, -60.659991935808087, -60.136444069272613, -57.131646213757534, -56.95512934363537, -60.021895605496539, -53.255575508127812, -57.601175623010192, -55.848162468673898, -55.703520459137032, -52.244274233836698, -53.10397849468972, -54.767080815775095, -55.398783983645174, -53.892566713799937, -52.926913313723162, -49.720022959596555, -49.563835658636442, -49.023207133856623, -53.347363714802221, -47.587390233318025, -46.182651847291048, -46.81871373284207, -43.16774163614086, -44.780301246589467, -41.886858805484188, -39.210170335643163, -39.623251985766274, -40.535283405230956, -41.74811917818981, -41.172027691945225, -41.070816420335426, -41.947334894311531, -37.764474472476039, -38.100302257142445, -39.226083532083031]}