{"timestamps": [1491469539.215286, 1491469559.368268, 1491469578.058837, 1491469598.045325, 1491469624.550788, 1491469656.170944, 1491469696.468842, 1491469742.510595, 1491469777.353233, 1491469820.594474, 1491469852.18383, 1491469899.561621, 1491469937.57124, 1491469976.589885, 1491470014.77505, 1491470052.029787, 1491470098.570042, 1491470130.303173, 1491470167.773908, 1491470202.031658, 1491470241.15753, 1491470277.952999, 1491470316.406594, 1491470355.875968, 1491470394.996602, 1491470438.207486, 1491470475.703285, 1491470520.113872, 1491470552.987419, 1491470592.013706, 1491470640.089047, 1491470677.477322, 1491470718.16709, 1491470752.906617, 1491470792.792743, 1491470837.2575, 1491470876.117925, 1491470920.891325, 1491470955.133831, 1491470995.729043, 1491471032.420059, 1491471074.999396, 1491471110.074491, 1491471148.529313, 1491471186.80151, 1491471224.135481, 1491471268.030212, 1491471304.503976, 1491471344.061338, 1491471378.458938, 1491471411.564162, 1491471454.63001, 1491471491.914387, 1491471533.530539, 1491471566.945485, 1491471607.738725, 1491471647.666525, 1491471683.436884, 1491471717.863438, 1491471753.619802, 1491471792.970222, 1491471829.743554, 1491471874.497566, 1491471914.839045, 1491471956.201696, 1491471997.928876, 1491472037.135246, 1491472075.941469, 1491472110.757906, 1491472150.896274, 1491472190.037483, 1491472227.389123, 1491472270.766317, 1491472308.203817, 1491472346.287607, 1491472383.243098, 1491472425.07815, 1491472463.804682, 1491472500.086072, 1491472543.761431, 1491472580.047539, 1491472622.914395, 1491472662.930622, 1491472698.93979, 1491472736.470508, 1491472772.748723, 1491472815.223319, 1491472851.494533, 1491472896.632991, 1491472938.372839, 1491472975.936281, 1491473016.101022, 1491473055.688368, 1491473093.815125, 1491473135.65207, 1491473175.399873, 1491473217.529333, 1491473262.244812, 1491473304.940513, 1491473343.405158], "rewards": [-710.21175520560291, -684.28858073893832, -634.04445989113515, -563.92232481432472, -504.11023900363426, -461.43916248447044, -412.0017774442091, -367.10570212191686, -331.70014272370071, -298.19710690117427, -270.41588362149798, -238.47580721538736, -213.47941912562604, -191.9994571682183, -175.21788030239514, -160.87840716953596, -144.78498726761103, -134.40275940873832, -121.63522905157784, -115.03565484268094, -102.8067734328128, -93.970483207211231, -88.525971224191068, -81.749118719653325, -76.565679900768032, -71.363333974529297, -66.479926109804353, -63.801490295062514, -59.279108050921423, -56.034071582175336, -52.472736107768462, -49.268675761456642, -46.876370880939973, -44.526979051599803, -41.767759526640212, -39.770122938924516, -38.076922509346112, -36.38415365989394, -35.356644913256623, -33.872966000837678, -32.830160122570241, -32.486764721169592, -31.746016028979863, -30.926373142264186, -29.879173787602426, -29.374736210960251, -27.947643483028987, -27.638746330549822, -26.848684660439051, -26.181066185846799, -25.776181842156689, -24.778930244881181, -24.386465869216607, -24.501530196901026, -23.976185238976147, -23.418706444683576, -23.680638778190747, -23.27641636610112, -22.450087948883773, -21.92200177831748, -21.516657831334875, -20.696120827612216, -20.199263334304224, -19.342356487871506, -18.318741140841404, -18.480090303688286, -18.296473964049682, -17.493122897702651, -17.175043723687747, -16.795926816795639, -16.470037114053991, -15.966119854998601, -16.428833289665217, -16.531763237491763, -15.738107255183444, -15.405531103491423, -15.361742885245121, -14.893808826424852, -14.588160540438194, -14.602325688641939, -14.108527412054693, -13.643234884082203, -13.401788955330559, -12.858546911897399, -12.679677994695089, -12.191889333997931, -11.77761160413932, -11.481099191953314, -11.445034951100061, -11.337388504279676, -11.078596839685281, -10.795059983935523, -10.401059791843034, -10.204422612627848, -10.093089602577283, -9.7340343722600604, -9.3951794387651208, -9.4388478609238238, -9.2071451716734991, -9.0970011155362371]}