{"timestamps": [1491490247.725623, 1491490315.740897, 1491490389.003715, 1491490462.509675, 1491490534.578626, 1491490596.82288, 1491490664.90812, 1491490735.713611, 1491490817.555685, 1491490881.059199, 1491490957.231699, 1491491031.965885, 1491491097.924155, 1491491163.492265, 1491491236.313763, 1491491315.529352, 1491491386.383595, 1491491461.951084, 1491491531.040205, 1491491600.18518, 1491491669.112755, 1491491749.368954, 1491491827.406087, 1491491902.725305, 1491491978.082476, 1491492051.36271, 1491492121.27264, 1491492194.021392, 1491492266.40659, 1491492336.996319, 1491492406.924775, 1491492478.292567, 1491492543.915333, 1491492623.452973, 1491492692.819674, 1491492772.952502, 1491492853.115114, 1491492930.120825, 1491493003.532761, 1491493069.454733, 1491493146.994387, 1491493213.357277, 1491493290.204032, 1491493352.350639, 1491493421.351975, 1491493492.898226, 1491493564.167344, 1491493630.617948, 1491493700.645059, 1491493765.946252, 1491493835.100857, 1491493910.679261, 1491493985.101098, 1491494059.913176, 1491494139.479511, 1491494205.862715, 1491494274.195394, 1491494347.095415, 1491494419.859882, 1491494492.016191, 1491494566.914291, 1491494634.729697, 1491494697.544339, 1491494769.931663, 1491494839.938312, 1491494912.713759, 1491494980.34329, 1491495052.91274, 1491495121.779897, 1491495196.722569, 1491495268.503118, 1491495344.261714, 1491495414.342859, 1491495487.143893, 1491495550.469106, 1491495612.447898, 1491495687.677674, 1491495758.315912, 1491495830.72106, 1491495909.298757, 1491495978.933678, 1491496052.860356, 1491496126.163282, 1491496189.649779, 1491496267.540041, 1491496332.094526, 1491496392.806677, 1491496468.683271, 1491496551.397871, 1491496624.78738, 1491496695.319431, 1491496763.938258, 1491496840.863591, 1491496912.438293, 1491496978.467345, 1491497051.521822, 1491497124.627646, 1491497193.87056, 1491497267.897956, 1491497328.928761], "rewards": [-1103.023728140814, -1110.8987380561955, -1026.9275042737893, -951.78974080772389, -895.96954694985686, -855.27071942620182, -790.67942239634783, -756.99609695053891, -698.87223790981079, -669.28874261663998, -627.03102358217575, -589.6144143558206, -565.24060074260126, -534.13891234669563, -505.10687332617539, -481.18651013635042, -461.86720468406878, -436.36184062439941, -413.49230363102834, -390.84482264650308, -378.04151924556157, -356.9054901598019, -335.42355918835949, -319.1861317544188, -306.03006637640021, -289.51794830236423, -278.72236445038061, -262.1707608239451, -256.271394987436, -242.40988879368837, -231.7073145551451, -223.0973712301344, -212.33119082908786, -204.89030140515908, -197.18935549008555, -189.96686567421798, -181.67623977901837, -177.72004888250996, -173.68692367986273, -169.04634629427107, -164.9130293721322, -162.60241615738181, -157.60938758727968, -155.0641789543605, -151.49363530704409, -147.55062665335947, -144.0110725188072, -143.24653883323478, -139.80055822939354, -137.27230546665888, -133.15006612680321, -131.73865051112597, -131.43935452402903, -127.92544906865791, -126.89040024951089, -122.09625420398088, -122.94164222841185, -119.43196932569037, -118.63856541440602, -115.6800205675389, -115.39750274595022, -116.25414193101051, -112.46770671426619, -110.57443955517938, -109.21786495223355, -109.34927678470689, -106.72177162778995, -105.21156837405628, -104.03805820636146, -101.8604484967928, -103.61739854310379, -101.37550125524456, -101.84564098074985, -103.38803376474421, -100.48772999101564, -99.632123600025992, -98.651268186482227, -100.20626132388252, -97.143763912024994, -95.41972848207817, -93.486342940789939, -95.458804066815631, -95.291747952154097, -93.980628186412829, -94.35991981014736, -92.83285063126003, -92.420235457907438, -90.538529860521251, -89.801362542895319, -92.061482088768074, -92.591669292250373, -89.410559867161908, -89.856156301369325, -87.472189553471665, -86.922113848061144, -87.337172411189968, -86.15853618359634, -87.939750009929142, -85.935115264043802, -84.647113083482793]}