{"timestamps": [1491546672.623405, 1491546782.438179, 1491546921.133459, 1491547076.209725, 1491547229.907055, 1491547384.231152, 1491547538.268459, 1491547690.85915, 1491547843.223635, 1491547996.010873, 1491548149.210725, 1491548300.294114, 1491548451.581129, 1491548602.035478, 1491548751.99029, 1491548900.812477, 1491549047.949701, 1491549195.521799, 1491549340.972431, 1491549485.150026, 1491549629.797413, 1491549774.137425, 1491549917.778949, 1491550060.541019, 1491550205.54007, 1491550349.670572, 1491550492.84398, 1491550636.069495, 1491550778.748853, 1491550919.692158, 1491551062.389911, 1491551204.44021, 1491551347.281276, 1491551488.004905, 1491551627.525526, 1491551767.565836, 1491551906.860572, 1491552045.60205, 1491552185.195267, 1491552326.136683, 1491552465.820246, 1491552604.886277, 1491552744.717888, 1491552887.165887, 1491553034.273171, 1491553175.572538, 1491553319.672585, 1491553464.479211, 1491553611.571849, 1491553760.328603, 1491553907.828085, 1491554051.709847, 1491554201.232649, 1491554349.653331, 1491554497.948675, 1491554643.936209, 1491554789.591437, 1491554935.051732, 1491555080.07009, 1491555223.47288, 1491555362.554665, 1491555504.308398, 1491555644.226267, 1491555784.416793, 1491555928.746538, 1491556072.72038, 1491556216.982013, 1491556361.105892, 1491556504.755168, 1491556651.103841, 1491556797.717006, 1491556942.641826, 1491557090.911652, 1491557240.110318, 1491557390.826337, 1491557545.034546, 1491557698.114055, 1491557853.094787, 1491558005.055647, 1491558156.523193, 1491558306.804371, 1491558454.929792, 1491558602.662171, 1491558750.659618, 1491558895.834278, 1491559040.887391, 1491559184.096641, 1491559327.556345, 1491559469.078712, 1491559610.724414, 1491559754.676207, 1491559902.571745, 1491560054.693949, 1491560211.300158, 1491560384.033484, 1491560560.026896, 1491560745.120074, 1491560916.162733, 1491561088.437682, 1491561257.461387], "rewards": [-1105.6896213843181, -1087.8418404219033, -1000.0988978505179, -926.16799942264436, -839.77745662258326, -781.74365591139201, -719.10182557624762, -667.67485091850892, -613.03798393276327, -570.66210301077672, -528.55667912246292, -495.39289076708974, -468.76674414445762, -433.85057018806225, -402.94363750099524, -375.81411263269194, -348.44063368817558, -325.57767924381307, -304.50590699812346, -286.22300447443541, -265.94335468209368, -250.83925004110142, -237.11818513819219, -223.31421864313927, -211.2137332517469, -200.97925019470975, -193.50006310509369, -181.72479861817905, -173.73579895566274, -165.36226904695988, -160.01966120127929, -150.95635780675832, -145.51443059030197, -138.21715364050362, -133.29516947652775, -128.95012016696046, -123.80240866807435, -118.85842935146536, -112.41836327246216, -110.34914415557083, -105.90221062162193, -106.70647357379403, -106.86560382529625, -100.27222263515711, -95.706348743835377, -92.290786264364556, -87.682832125399273, -84.49052663760456, -83.030530759331853, -83.818797012807764, -80.667509075360002, -80.365287705359307, -76.024037418067053, -74.225491222253339, -69.225079468295249, -68.624224036583215, -66.210922909116746, -63.986261840287689, -62.355702503794845, -59.993095379940414, -58.583713760664395, -57.736649341575031, -58.682788728780224, -55.613495348598775, -49.921243091539097, -50.265706834052445, -49.53934167116963, -49.780281935498948, -46.731643086780807, -43.846944547618591, -42.824119565625622, -39.960874428314312, -42.737165636575007, -37.589959816930516, -35.61067232397663, -33.347605704594045, -29.986054921197173, -30.199208555813616, -28.337528658421132, -27.365178332716273, -24.584577225839642, -27.419997520898384, -22.619668702539816, -25.449687308802076, -24.197360806792396, -20.379748080799576, -19.864835724423052, -23.027470141957412, -24.04252479637513, -16.369480749266415, -15.095068883863496, -16.590271915138661, -16.581395758521371, -15.984743440131666, -16.150923561640422, -12.525756115134715, -10.64999900783091, -12.462934028813374, -11.064024801875163, -6.0965045861592913]}