{"timestamps": [1491422178.593047, 1491422193.07838, 1491422207.397458, 1491422221.657107, 1491422235.661944, 1491422249.316931, 1491422263.817288, 1491422277.802443, 1491422291.88814, 1491422304.328137, 1491422316.714171, 1491422329.39742, 1491422342.62238, 1491422356.837997, 1491422371.371995, 1491422385.846107, 1491422400.362994, 1491422414.620276, 1491422428.77582, 1491422442.683513, 1491422456.946851, 1491422471.261717, 1491422485.436724, 1491422498.550533, 1491422512.732963, 1491422526.983864, 1491422540.863486, 1491422555.009375, 1491422567.917322, 1491422581.372795, 1491422595.191935, 1491422609.177811, 1491422622.432538, 1491422636.975851, 1491422651.304249, 1491422665.19354, 1491422679.007868, 1491422693.518795, 1491422707.563353, 1491422721.06678, 1491422735.398873, 1491422748.651232, 1491422762.35353, 1491422776.905109, 1491422790.670905, 1491422802.719753, 1491422815.623921, 1491422829.053431, 1491422842.529246, 1491422855.649914, 1491422868.989896, 1491422882.33911, 1491422896.399856, 1491422910.33429, 1491422924.26201, 1491422937.919389, 1491422951.615999, 1491422965.21953, 1491422978.925589, 1491422992.681972, 1491423006.559737, 1491423020.436218, 1491423034.77143, 1491423048.934321, 1491423062.425545, 1491423076.79941, 1491423090.898679, 1491423104.77312, 1491423118.792389, 1491423132.339574, 1491423146.117681, 1491423159.787349, 1491423173.355514, 1491423187.64465, 1491423202.005086, 1491423216.257146, 1491423230.342857, 1491423244.254389, 1491423259.116008, 1491423273.015376, 1491423286.172342, 1491423298.632547, 1491423310.914645, 1491423324.503408, 1491423338.515472, 1491423353.033031, 1491423367.045797, 1491423380.430246, 1491423393.806522, 1491423407.596741, 1491423420.959388, 1491423435.087661, 1491423449.008071, 1491423463.063951, 1491423476.924497, 1491423490.511138, 1491423504.135093, 1491423516.932093, 1491423530.211081, 1491423543.886443], "rewards": [-252.24551580806829, -222.92175801366051, -200.4395950385003, -166.63186529302141, -141.56578797854723, -118.99031611124491, -102.10554897228802, -84.779834990989414, -72.732514176820317, -62.611244959291895, -53.339717565676168, -46.525000033731686, -40.042651425605087, -35.632615129008713, -31.040553772950624, -28.203941820296066, -25.2538661561642, -22.754370983232398, -21.409819872710369, -19.88401275253554, -17.890599476121601, -16.933282266597942, -16.409014690098125, -15.570109626143239, -14.724672683567654, -13.608452479285649, -13.009488681081075, -12.936738163454971, -12.728754809615314, -12.494738175173081, -12.603578783604735, -12.588843736860667, -12.670051643678757, -11.984617956076827, -11.694933136246425, -11.502127765096631, -11.615299531833335, -11.531245459727272, -12.093795753034906, -11.951903852054233, -11.302355752589845, -11.693957179925704, -10.94523389217532, -11.775007005496846, -11.257036451353102, -11.184339292579171, -10.692499519604217, -11.342199390569403, -11.146992154601396, -10.541933302705765, -11.173780093881849, -11.009184247906406, -10.898392265927416, -10.86585984309764, -10.415013278093728, -10.821177615167571, -10.617680590165516, -10.524750644011535, -10.258452617458332, -10.486995771386301, -10.27877179594798, -9.5843686100516496, -10.30346775342008, -10.304889377387303, -10.161193286299795, -10.593376325088691, -10.251080487212571, -10.198644466497365, -10.378102943113269, -9.8236307203016811, -9.3437866751070793, -9.5984518188637669, -9.5540320514436292, -9.0470588037670012, -9.3170086765820166, -9.3801364613527074, -9.292200065524975, -9.703743228942022, -9.2431626271686032, -8.4068210287785057, -9.308485870431749, -8.8723594438368636, -9.1267449789762871, -9.3805992456623279, -8.9061742351454765, -9.4946443833926928, -9.0480156501765752, -8.6743798418642548, -9.0430364136429873, -8.8648305466115147, -8.9338693229589801, -8.9823127012165571, -9.0623189091641674, -8.822186601024633, -8.3146379349504063, -8.7191283928829968, -9.1184086084224774, -8.3980461676716018, -8.3862517609834057, -9.1330325863613542]}