{"timestamps": [1491737855.864865, 1491737939.944026, 1491738021.695338, 1491738106.483336, 1491738190.772243, 1491738274.990272, 1491738358.527377, 1491738441.462115, 1491738524.917139, 1491738609.595088, 1491738696.323186, 1491738782.637487, 1491738865.674272, 1491738949.704616, 1491739034.390073, 1491739116.991212, 1491739202.267033, 1491739287.27429, 1491739371.288032, 1491739459.183872, 1491739543.380189, 1491739627.612965, 1491739713.21142, 1491739799.69102, 1491739881.786112, 1491739962.293265, 1491740042.012073, 1491740120.908676, 1491740199.632987, 1491740281.064436, 1491740365.434496, 1491740450.016964, 1491740535.426521, 1491740620.961804, 1491740702.521019, 1491740783.790614, 1491740864.536479, 1491740944.586253, 1491741023.749985, 1491741103.371932, 1491741182.232388, 1491741260.773523, 1491741339.950823, 1491741421.504381, 1491741505.741944, 1491741590.776161, 1491741677.568333, 1491741761.900785, 1491741838.992378, 1491741918.416592, 1491741998.217577, 1491742077.77031, 1491742158.673541, 1491742244.746508, 1491742331.727814, 1491742417.373136, 1491742502.466035, 1491742587.668451, 1491742674.866069, 1491742761.860546, 1491742849.052532, 1491742935.661998, 1491743021.731091, 1491743109.158509, 1491743198.796985, 1491743289.309652, 1491743376.826109, 1491743462.275571, 1491743548.83887, 1491743637.019095, 1491743725.303604, 1491743813.387296, 1491743893.548426, 1491743974.333717, 1491744054.527775, 1491744134.538033, 1491744212.654182, 1491744291.01421, 1491744368.381385, 1491744446.150083, 1491744525.732185, 1491744604.221586, 1491744682.173222, 1491744762.270456, 1491744848.116538, 1491744931.515741, 1491745012.685786, 1491745090.613478, 1491745168.444737, 1491745246.328987, 1491745324.597417, 1491745403.016279, 1491745486.12726, 1491745570.896539, 1491745656.268399, 1491745738.166311, 1491745817.647519, 1491745898.278703, 1491745977.895067, 1491746060.706599], "rewards": [-935.4889110032288, -920.886285488846, -855.9414576759295, -798.392325734936, -728.3245950662374, -668.7279971365749, -607.8050497210239, -560.5976537698533, -512.8637465120333, -468.9344331751839, -430.9485758419606, -394.893139035918, -362.8444054733791, -332.62294986103376, -310.70329222766236, -285.2624199531338, -263.51689926216613, -243.69479443840052, -224.86963553185734, -210.4481225149519, -195.38809156823035, -176.94211697687086, -170.141517908837, -158.08164673166314, -147.7483182079921, -136.5215296713413, -127.97033126218514, -120.30926419282696, -112.46760850900675, -105.70958111638294, -98.18307295675, -93.60883725325056, -86.84613539413182, -82.8291950435386, -77.20288202423203, -73.40446734560935, -70.99695462899467, -65.31433272980095, -62.176381329219744, -57.86382211679308, -55.84745001992223, -55.002493037219345, -52.96634061444953, -51.801960115712355, -48.79248745025626, -47.20216148814996, -45.903164592053834, -43.681796775813666, -43.57889886062652, -39.4902535265993, -39.01333179015601, -37.194237778378316, -37.12112868369561, -37.038041369726486, -34.90412814992377, -35.25772844167916, -34.56668330346231, -33.70187672329048, -30.966597311001788, -33.328624353044916, -29.415121768959672, -26.404489204683316, -25.344123238871905, -25.90348302192205, -23.46344498425092, -20.63062592145328, -26.260840015390535, -21.64078768420927, -18.907411004082338, -22.52925700021167, -20.038175144748287, -20.339227205860418, -20.309585299237995, -15.669401005240145, -12.616244811247595, -16.32956490572851, -22.440186722274763, -24.996501691957334, -27.550452127566825, -25.778352699132338, -19.203637959192783, -16.156438390143286, -17.62599810218534, -20.83080610403809, -20.16279777687776, -24.720570992488167, -24.982351836381785, -20.568545198728557, -16.11210490751027, -13.93838361012099, -14.328691648437792, -15.921271077760323, -15.170482039308105, -16.171218959506064, -7.517946047608892, -11.495411896893252, -14.6433777277985, -15.284841956703719, -15.554345618552194, -12.256137891647873]}