{"timestamps": [1491417108.734762, 1491417135.948645, 1491417162.649828, 1491417190.170603, 1491417218.033869, 1491417245.638707, 1491417272.570558, 1491417299.616997, 1491417327.181143, 1491417354.344783, 1491417381.556862, 1491417409.225811, 1491417437.252849, 1491417464.852244, 1491417490.770797, 1491417516.261885, 1491417543.240239, 1491417571.183414, 1491417598.659538, 1491417625.82822, 1491417653.348608, 1491417680.528324, 1491417708.109253, 1491417735.691272, 1491417762.068571, 1491417790.36723, 1491417817.908502, 1491417845.651648, 1491417873.380942, 1491417901.413593, 1491417928.181141, 1491417955.692418, 1491417982.709669, 1491418010.060232, 1491418037.883108, 1491418065.017229, 1491418092.521459, 1491418120.216359, 1491418147.048305, 1491418174.901484, 1491418202.664516, 1491418230.44801, 1491418257.615189, 1491418285.223785, 1491418312.556436, 1491418340.088322, 1491418367.61118, 1491418395.684816, 1491418423.187592, 1491418450.310108, 1491418477.465737, 1491418505.281156, 1491418532.925669, 1491418560.859375, 1491418588.718711, 1491418615.542549, 1491418643.708016, 1491418671.999249, 1491418699.790012, 1491418727.590222, 1491418755.29659, 1491418783.056779, 1491418811.613364, 1491418839.467416, 1491418868.233418, 1491418895.50126, 1491418923.123118, 1491418951.513979, 1491418979.228474, 1491419007.226473, 1491419033.470107, 1491419061.308669, 1491419090.09246, 1491419117.791427, 1491419145.905616, 1491419173.354358, 1491419201.175114, 1491419229.648008, 1491419258.666345, 1491419287.09432, 1491419315.576578, 1491419343.930951, 1491419372.287206, 1491419399.503116, 1491419427.729361, 1491419455.809054, 1491419483.746176, 1491419512.159457, 1491419539.991871, 1491419565.723741, 1491419591.978571, 1491419619.662266, 1491419648.092919, 1491419676.492487, 1491419704.921043, 1491419734.598198, 1491419763.092713, 1491419791.019933, 1491419817.758278, 1491419844.048147], "rewards": [-1203.07729201465, -1162.3223151878906, -1108.4348808745015, -1053.7624649099196, -1029.5489941090557, -947.3709078838308, -948.1133618619403, -895.8131567469911, -860.8307993837012, -811.1384443393274, -772.7546332264876, -745.1263396030187, -706.212542051766, -671.8528644910843, -643.9306891712212, -624.8440831667072, -598.4245650592949, -576.4728138316768, -557.2526579443073, -535.934067033064, -511.93894088343745, -487.61918295518467, -472.3141033002136, -447.3946478988951, -435.447479786213, -411.18448093757456, -393.73283005816694, -381.00571439897266, -365.3000132844832, -349.3037894586812, -336.7934870210348, -326.745242857144, -312.49206018382534, -299.6720357211591, -290.764305419045, -280.4687736926085, -269.4041451953413, -257.76665241232115, -252.02107683998813, -240.77362290875627, -230.79981150572806, -222.2129795248207, -218.1533093576314, -213.36604570521666, -200.97129724692866, -198.6821724322768, -189.7030241282291, -179.0827319930114, -176.6322592861619, -169.62936217673422, -166.87306823076415, -164.35828356321906, -158.19710006072978, -155.40140049502057, -147.23201941300263, -143.6892561571439, -139.58878551284306, -135.26693901650134, -131.1495772427143, -130.39157256033496, -120.15935290095881, -119.25936912772157, -113.69809789849732, -112.03474751751602, -111.91445575424585, -102.4773252705376, -104.22314112513745, -98.90446548194451, -93.38452111176895, -92.02999546633109, -88.34728185740882, -87.90898586143061, -84.77096598505665, -78.3325059166307, -78.26059801251994, -79.9930343080843, -72.67539677540394, -74.06123507799681, -73.00110254536209, -69.14347897721721, -68.17580795275005, -66.86813847602753, -63.549647712789096, -64.8128787427882, -60.11485355769063, -58.906430205795324, -62.18163518252739, -55.426227958722166, -51.69051576492234, -52.293234421580564, -54.927181280827405, -51.82194533193267, -55.31130605901039, -52.22014869729322, -50.6691131899512, -52.09474565194256, -47.88939597300233, -51.85366187083107, -46.744958845096875, -44.0572458742042]}