{"timestamps": [1491463378.496494, 1491463430.621007, 1491463476.898537, 1491463524.819946, 1491463573.224871, 1491463621.036818, 1491463674.270214, 1491463726.572157, 1491463773.624612, 1491463821.533319, 1491463873.200022, 1491463920.785164, 1491463966.231132, 1491464012.213572, 1491464050.87309, 1491464098.263665, 1491464143.422931, 1491464192.356789, 1491464235.117514, 1491464278.947085, 1491464323.386523, 1491464367.977279, 1491464412.814613, 1491464459.69482, 1491464515.277157, 1491464562.274049, 1491464613.138152, 1491464662.665401, 1491464715.239471, 1491464764.578217, 1491464809.595529, 1491464851.83486, 1491464896.202484, 1491464948.63116, 1491464997.694569, 1491465045.900314, 1491465097.636884, 1491465144.189579, 1491465190.004987, 1491465239.964782, 1491465286.87939, 1491465336.958034, 1491465387.201953, 1491465430.698259, 1491465482.220737, 1491465527.922956, 1491465575.732368, 1491465623.864023, 1491465670.100559, 1491465722.46991, 1491465775.118835, 1491465817.940267, 1491465863.323994, 1491465914.312099, 1491465970.150541, 1491466014.444665, 1491466061.448799, 1491466109.862293, 1491466156.636367, 1491466205.207213, 1491466249.986626, 1491466300.024317, 1491466349.486807, 1491466393.83719, 1491466443.329423, 1491466490.71446, 1491466538.307355, 1491466588.374399, 1491466644.616284, 1491466687.906375, 1491466733.782452, 1491466780.393413, 1491466826.876595, 1491466869.57647, 1491466918.876279, 1491466973.582944, 1491467019.969842, 1491467066.522343, 1491467111.551337, 1491467160.751803, 1491467211.869895, 1491467255.947117, 1491467308.817526, 1491467356.075892, 1491467404.420209, 1491467449.250607, 1491467494.550292, 1491467538.365719, 1491467587.053668, 1491467638.454728, 1491467685.666651, 1491467732.883698, 1491467777.853076, 1491467821.814841, 1491467870.936356, 1491467915.540108, 1491467960.821002, 1491468008.234884, 1491468059.479781, 1491468113.198711], "rewards": [-566.0100866853873, -546.3692987043794, -501.0961235706234, -447.510195606998, -408.2807255119954, -367.09208699669273, -335.07805751157997, -301.8319837721523, -276.22446248140744, -250.49947735528812, -228.06593637800336, -208.44253870637422, -190.6999727289324, -177.27001964284906, -160.8469854696761, -148.9034596022128, -133.99857818528844, -123.62559767455332, -114.9348003533891, -105.88390255251319, -98.01071758861835, -92.14357084729545, -86.14987303961101, -81.88928069713998, -77.28777325399939, -72.46305813177908, -67.6963144194399, -63.765226530478266, -61.202454556699585, -56.90163542599571, -54.107826615086964, -52.42200903360335, -50.07521718690347, -47.67533266954272, -46.28552112264297, -43.84801472012413, -42.51322395409341, -40.83823797848958, -39.820770338009936, -38.162484370102895, -36.70641493717251, -35.59862406489586, -34.71009353692135, -33.45198365171654, -32.530614297144865, -31.111104688532937, -30.860237020762916, -29.930969969096505, -29.488696442491577, -28.49641302137099, -27.929787978930268, -27.849483764273192, -26.852655276241876, -27.175509794728772, -26.108090939670319, -25.757149993422868, -25.43806851525197, -25.427992460321526, -24.563626032032452, -24.391924486795595, -24.10334285652052, -23.716036807580466, -23.944657643644472, -23.607239477120164, -23.429999042066797, -23.365284863951278, -23.451836223639518, -22.530081662430952, -22.472489374879771, -22.419826350044954, -22.072932208799298, -21.783812376131127, -21.732206993872332, -21.911761431088216, -21.681036210970415, -21.683295395934106, -21.473469008475121, -20.874031682657375, -21.17856519580268, -20.775707898439268, -20.764625032716808, -20.761625600576405, -20.370956195385617, -20.752680060240326, -20.492277792571247, -20.564149730440608, -20.263492386010629, -20.05170939778105, -20.131030096766633, -20.279145524374496, -20.0010906095461, -19.508361690392864, -19.323488871772167, -19.91790331980572, -19.200532828707161, -19.349648602270509, -19.43867632450964, -19.325259621346952, -18.987213390553705, -19.366228157410479]}