{"timestamps": [1491497931.464236, 1491497970.82768, 1491498024.903165, 1491498087.670367, 1491498151.091408, 1491498207.058844, 1491498275.21643, 1491498333.026863, 1491498382.765603, 1491498433.415904, 1491498486.140974, 1491498545.845872, 1491498602.358048, 1491498661.253912, 1491498721.062224, 1491498778.610616, 1491498837.854326, 1491498888.982624, 1491498948.846067, 1491499007.968117, 1491499063.469941, 1491499125.712867, 1491499187.322457, 1491499249.908341, 1491499313.009384, 1491499375.525337, 1491499434.214849, 1491499486.182702, 1491499541.858003, 1491499596.295137, 1491499656.353313, 1491499718.908652, 1491499776.724339, 1491499832.717271, 1491499896.351375, 1491499957.755222, 1491500019.341789, 1491500076.612622, 1491500129.645633, 1491500186.116497, 1491500247.230606, 1491500309.998027, 1491500368.08105, 1491500429.752541, 1491500495.745821, 1491500554.458593, 1491500613.530388, 1491500673.760213, 1491500729.438465, 1491500778.739648, 1491500837.870588, 1491500909.37682, 1491500975.078331, 1491501031.227514, 1491501100.81589, 1491501163.115068, 1491501225.317871, 1491501283.006832, 1491501342.5434, 1491501404.031519, 1491501460.273191, 1491501516.63105, 1491501569.201025, 1491501626.035278, 1491501680.73625, 1491501729.856635, 1491501780.855029, 1491501831.569175, 1491501880.957875, 1491501930.526117, 1491501975.923301, 1491502021.109089, 1491502071.412205, 1491502116.613426, 1491502174.792305, 1491502222.972829, 1491502273.765581, 1491502327.962396, 1491502379.859917, 1491502429.995421, 1491502477.145148, 1491502532.285989, 1491502581.73089, 1491502641.687954, 1491502709.40905, 1491502778.092395, 1491502834.810395, 1491502898.064472, 1491502955.798134, 1491503024.674547, 1491503083.285311, 1491503142.775837, 1491503204.05161, 1491503272.285437, 1491503330.768595, 1491503382.920081, 1491503444.987311, 1491503500.513398, 1491503555.756679, 1491503615.414354], "rewards": [-620.3065755518254, -601.47156356240873, -527.5348976465516, -482.09624348307318, -429.11333402354808, -393.34262736763208, -355.87537208919298, -323.3023612156868, -289.11184437706896, -265.5810128740722, -238.04712011045169, -215.16992619628553, -195.68242601910316, -181.36431143189267, -163.28093580493439, -148.79511942659303, -137.35485902402158, -125.34871278359715, -115.7005915617396, -107.34574147434073, -99.465928682594239, -92.115459977980677, -86.752422627257218, -80.959071550992945, -75.120967784300291, -71.578373212749341, -67.261049769170029, -64.442265024371963, -60.052663471573524, -57.002243614575676, -54.64390782934651, -52.038222894049788, -49.953391828968542, -48.079336181774742, -45.892462848895541, -44.530961715746869, -43.185025726825387, -40.990316252763563, -40.120206190289942, -38.70210113178625, -37.583578108858759, -36.886141220704687, -35.751356264484386, -33.784421740875608, -32.351321677931288, -32.047918343249286, -30.634674730905221, -30.015922392612438, -28.773929961926711, -27.567011865540131, -27.040543912524758, -25.956568112835747, -25.434258260648615, -23.791239835737262, -23.822746727329253, -22.824697850889489, -21.341732982790887, -20.643335373493382, -21.198605682496094, -20.016752347004452, -19.160388627402622, -18.744803675472767, -17.909575001848658, -17.720485256938186, -17.407229823513333, -16.675231410578114, -16.410987285553617, -15.552734184110063, -15.226939205235478, -14.788836848269284, -14.845848678009833, -14.168972899097632, -13.519290728169519, -13.383826415978588, -13.29391955301495, -12.954227549410668, -12.320231088487425, -11.996085741416362, -11.866898105561869, -11.398206562184116, -11.242732790871637, -11.270461777935118, -11.195332477714429, -10.917321199581259, -10.477758293957216, -10.527583489295742, -10.459016503509984, -10.404988152452965, -10.057903290440764, -10.095775866735201, -9.9278533393730566, -10.0097720094052, -9.6263240278285771, -9.9987801173285149, -9.8306726679359908, -9.3867432390228718, -9.4689406400547025, -10.025765236403693, -9.4795115241170542, -9.3754371620157588]}