{"timestamps": [1491429598.029917, 1491429636.298017, 1491429674.466316, 1491429717.033049, 1491429751.812888, 1491429784.631497, 1491429822.462508, 1491429855.347606, 1491429884.942342, 1491429914.197547, 1491429943.282041, 1491429972.437104, 1491430002.048131, 1491430032.00188, 1491430061.299799, 1491430090.61952, 1491430119.797605, 1491430148.995235, 1491430178.129838, 1491430207.193363, 1491430236.363433, 1491430265.705086, 1491430296.170082, 1491430325.583727, 1491430357.092301, 1491430387.655332, 1491430424.725522, 1491430465.106006, 1491430499.151037, 1491430531.731041, 1491430571.394895, 1491430605.743207, 1491430640.603088, 1491430679.482333, 1491430721.850457, 1491430759.853327, 1491430797.549165, 1491430847.181694, 1491430887.721227, 1491430934.325468, 1491430973.077601, 1491431011.988344, 1491431050.336661, 1491431094.558837, 1491431135.234358, 1491431174.462229, 1491431213.736712, 1491431249.67722, 1491431291.094602, 1491431330.506738, 1491431372.086621, 1491431412.2651, 1491431446.631764, 1491431486.294003, 1491431526.819273, 1491431564.512994, 1491431600.181445, 1491431633.234892, 1491431673.909567, 1491431715.254782, 1491431754.282507, 1491431787.333983, 1491431824.537873, 1491431856.187133, 1491431889.357449, 1491431928.921991, 1491431976.833962, 1491432028.764376, 1491432060.748229, 1491432093.838292, 1491432128.430908, 1491432168.743694, 1491432205.762536, 1491432242.030628, 1491432280.010663, 1491432315.943729, 1491432358.990954, 1491432407.348671, 1491432439.831559, 1491432471.515937, 1491432503.115452, 1491432534.847073, 1491432567.076391, 1491432597.997948, 1491432629.942534, 1491432677.438909, 1491432731.510341, 1491432777.491112, 1491432821.130639, 1491432871.572975, 1491432912.73093, 1491432946.403832, 1491432983.31569, 1491433018.150645, 1491433050.394416, 1491433092.073563, 1491433133.23825, 1491433167.72668, 1491433210.393673, 1491433245.446069], "rewards": [-627.67790663837036, -625.11215611930118, -582.3973337314726, -523.70224431392262, -471.72035750132096, -411.35408451208031, -374.31284180438445, -329.05781207140865, -299.53282965719632, -268.32743056106489, -238.89951591154005, -213.23950718737848, -193.12675143314465, -174.56876376245211, -158.73938016147378, -141.40197116238747, -132.8681484223188, -119.68573756827131, -108.19376593461146, -99.555794778233718, -92.144743792376801, -84.723300070718508, -77.646433200921791, -72.484806841001586, -67.676241600204165, -62.691511007246248, -59.149795077954053, -57.022091700261761, -53.366477927799977, -50.661461464828314, -47.336183444681076, -44.852604622302827, -43.046580423147383, -40.252278031968217, -38.715477023052806, -37.696588918869509, -35.774458154547276, -35.071962733526483, -33.755653879015952, -31.772256880873361, -30.871187161060831, -29.831671760703529, -28.735442447888953, -27.533932336253759, -26.37986488672194, -25.199181430241225, -23.810612205566244, -23.213092606638693, -22.161937268593181, -21.554363537044225, -20.97640019422553, -20.507907357035492, -19.611239422613195, -18.87438355879733, -19.539148880772743, -18.950379972510586, -19.965549297134814, -19.696064697731138, -18.830749341892631, -18.066478798589493, -17.771720307742463, -17.398252359785626, -16.883896032235508, -17.425104713003478, -17.215544674533088, -17.241918510676602, -16.841943975694239, -16.689430857997152, -16.94750354613512, -16.552578529328049, -16.188944087044533, -16.145548263210689, -15.905956791247904, -16.661159939956256, -16.580395370670757, -16.334488243878639, -15.205227180382824, -15.028324442212629, -15.29965172294661, -14.595306663783488, -14.498818304877133, -14.530212693483531, -14.533103962437295, -14.603281565424345, -14.23153874803989, -13.946824100077572, -13.603844419975951, -13.490083260813064, -13.562336139493986, -13.427604843139028, -13.822377190522586, -14.259748001708562, -13.832361175918731, -13.224825837998425, -13.177908346786428, -13.009473640313963, -13.020615758978797, -13.203492491831211, -13.02123394503314, -13.07721747418595]}