{"timestamps": [1491486975.100935, 1491486999.952371, 1491487031.010346, 1491487057.820646, 1491487087.561223, 1491487111.609433, 1491487138.439018, 1491487168.116074, 1491487192.927234, 1491487222.370812, 1491487248.660872, 1491487277.955747, 1491487302.27234, 1491487328.456938, 1491487353.344355, 1491487381.156783, 1491487407.938809, 1491487432.463941, 1491487457.271331, 1491487483.76962, 1491487510.56048, 1491487538.457522, 1491487566.934347, 1491487589.968222, 1491487616.844853, 1491487643.896818, 1491487674.100301, 1491487702.258526, 1491487727.249966, 1491487757.352506, 1491487782.256335, 1491487809.802291, 1491487835.806398, 1491487864.701956, 1491487891.200104, 1491487919.091279, 1491487942.916877, 1491487969.081226, 1491487994.371929, 1491488022.185001, 1491488049.032564, 1491488077.171391, 1491488106.559049, 1491488131.798754, 1491488157.993406, 1491488179.950994, 1491488207.233033, 1491488236.298294, 1491488260.064059, 1491488290.765601, 1491488312.630275, 1491488335.867276, 1491488364.24942, 1491488390.530458, 1491488414.21559, 1491488441.730889, 1491488467.050272, 1491488493.988986, 1491488517.456808, 1491488539.145512, 1491488564.234342, 1491488591.330075, 1491488621.137959, 1491488647.471183, 1491488673.281128, 1491488699.502895, 1491488727.463165, 1491488754.407162, 1491488781.998026, 1491488809.490862, 1491488835.819043, 1491488861.270929, 1491488889.549738, 1491488911.631853, 1491488934.912755, 1491488960.56395, 1491488986.096952, 1491489013.854444, 1491489041.762659, 1491489066.931276, 1491489088.321289, 1491489120.295235, 1491489148.415217, 1491489174.286675, 1491489199.785106, 1491489226.157544, 1491489251.064046, 1491489279.823038, 1491489305.695058, 1491489330.236333, 1491489355.292134, 1491489379.815467, 1491489402.287598, 1491489425.378525, 1491489457.115197, 1491489487.906988, 1491489513.202712, 1491489539.169011, 1491489564.718915, 1491489589.788905], "rewards": [-197.45539115141955, -175.32724259065682, -151.40979662988929, -130.62301207574836, -110.4903283977729, -94.598838527348377, -79.459276293607587, -69.57207045546599, -59.076694854414392, -48.695916118776765, -43.469288091897404, -38.095411888421566, -33.117633719312565, -29.430749450717421, -25.590325024051523, -23.829915327399213, -21.082524391711345, -19.681360646631092, -17.984310491174902, -16.17079731898027, -15.738597631049254, -14.490156618547109, -13.228847105356346, -13.208623861033225, -11.419491503737591, -11.62881469195802, -11.40244814391543, -10.912273140844247, -10.135873589088328, -9.8223352079114061, -9.770154450920927, -9.9995341714737958, -9.7191876755055233, -9.9348275273223461, -9.5277122301162809, -9.4935467543971637, -8.4944526270894372, -9.018434346234157, -8.2388784240502275, -8.3305620265452447, -8.3627657592592612, -9.092738050155349, -8.2338224198513625, -8.5763982315821394, -8.4468458503216759, -9.2894775462014891, -8.3095687493743977, -8.5898532834907524, -8.7014518890789994, -8.1467548636293436, -7.9645833813226652, -7.8570882913162086, -9.7188486106024641, -9.2975348603043848, -7.4733444887254006, -7.6756203350932495, -7.7269793761420011, -7.4012636884256677, -7.7695845931311442, -8.0723092880627956, -7.4120376127030712, -7.9728090532734823, -6.9457522980920814, -7.7946189026048867, -7.8404514888833328, -7.4287569133967235, -7.9497705242659178, -7.4900179017068469, -7.8006025549714035, -7.7634522728913637, -7.3577655735586847, -7.334949440572589, -7.2810566049298195, -7.3775136526204346, -8.3140281800043674, -7.4984022943235509, -7.6828194613485126, -7.2951476601117609, -6.8905985654050701, -7.3395240234481856, -6.977882464009233, -6.7372836339712903, -7.0662656262903694, -7.2292028376835678, -7.3530619484572419, -7.6468575881181264, -8.0525391302230851, -7.2932765040840888, -7.1298471957274554, -6.8511355002620187, -6.7691804077019269, -8.0329481223954406, -7.5597274192680866, -6.8871957188318493, -7.3116799346630943, -7.0611147690989515, -6.5205512843924689, -6.6246534136823172, -6.9574792456671171, -7.3236013537273541]}