{"timestamps": [1491469676.358691, 1491469742.938636, 1491469807.395937, 1491469878.677713, 1491469955.730577, 1491470027.905485, 1491470091.362668, 1491470161.283582, 1491470232.417587, 1491470294.994524, 1491470365.645875, 1491470437.911728, 1491470503.921712, 1491470572.716939, 1491470637.521596, 1491470711.271637, 1491470784.404954, 1491470853.075096, 1491470915.273732, 1491470984.078988, 1491471054.301388, 1491471129.790963, 1491471193.765184, 1491471261.816993, 1491471334.123415, 1491471399.074465, 1491471466.733778, 1491471536.609168, 1491471607.268486, 1491471673.001865, 1491471745.003591, 1491471815.654065, 1491471882.892938, 1491471946.334167, 1491472009.000334, 1491472073.3949, 1491472142.561376, 1491472214.519588, 1491472284.583668, 1491472344.712491, 1491472408.935916, 1491472468.156712, 1491472537.12565, 1491472600.721569, 1491472660.903521, 1491472729.043046, 1491472795.749916, 1491472866.597406, 1491472931.100248, 1491472995.376098, 1491473064.775225, 1491473132.896545, 1491473199.352095, 1491473260.99805, 1491473327.601716, 1491473393.45387, 1491473449.879651, 1491473516.848845, 1491473574.05048, 1491473643.097592, 1491473714.718705, 1491473785.127149, 1491473822.322867, 1491473859.433485, 1491473895.981153, 1491473933.255386, 1491473970.432702, 1491474007.963399, 1491474045.844269, 1491474082.00109, 1491474118.265103, 1491474156.212786, 1491474193.362397, 1491474231.105297, 1491474269.474548, 1491474307.412383, 1491474344.875859, 1491474381.445497, 1491474418.072093, 1491474454.482657, 1491474492.624874, 1491474529.670724, 1491474567.300559, 1491474605.494271, 1491474642.897658, 1491474678.965863, 1491474716.128071, 1491474753.43732, 1491474792.640271, 1491474830.025843, 1491474866.829992, 1491474903.505555, 1491474941.714176, 1491474976.506023, 1491475014.053314, 1491475051.21785, 1491475088.618743, 1491475125.066965, 1491475161.611234, 1491475199.142072], "rewards": [-1020.0325085280826, -1015.5323695353912, -947.5867795330231, -890.6851948722854, -825.631968983127, -772.248882670918, -725.7305559092813, -669.863690078282, -638.2988968289307, -606.2963596468998, -567.740190109322, -534.0907591408245, -501.47797030857686, -473.81565232714325, -449.000559532681, -424.0856517161215, -400.79520322775375, -370.678578194672, -351.8266012189082, -331.6658612888461, -310.7128670953175, -295.76107634929554, -286.77291050292416, -272.54896003174713, -259.3540181944224, -249.1386606641653, -240.2600653802069, -227.5531453278478, -220.13114553917615, -210.28355534365554, -203.77547991152863, -196.9679660353546, -187.70077229054138, -183.5830972513619, -176.81655246723173, -168.5327396191181, -162.6502040750988, -157.66836264545577, -154.71742849188675, -146.96212045461053, -144.7925081725283, -141.4302028558014, -140.47953664407146, -136.81637783427658, -134.39302478816643, -129.8646995411961, -128.8130503139401, -124.03937253901408, -118.38593679083564, -117.48114425260526, -114.38155470101579, -110.16450393219304, -110.24763134043513, -106.6734470559033, -103.42095508248889, -103.07538359779126, -99.548156494876679, -99.187788984106973, -96.478100776381368, -94.523049843331322, -93.082845982951753, -91.876001382837458, -94.082587743301133, -88.825130314441807, -86.446463476901442, -82.932733325634345, -86.708292435675517, -86.449315844115048, -84.045017697400468, -84.461427848694015, -82.072979869171505, -81.023571190374781, -82.110466800698518, -80.908363718766338, -80.04596354040315, -77.827664779043488, -80.370078543652895, -75.640928552834751, -76.982905659287823, -77.956808221337326, -78.489312021286437, -76.717395703414098, -74.711133462779969, -73.958823492594746, -74.685342120954203, -76.30321439480231, -72.966206055532822, -73.625752891554967, -72.319015836678574, -71.151235733621832, -70.352694877345343, -71.18927435785487, -73.444525350861767, -70.600282695109996, -70.242378005352165, -70.872940577894084, -67.982333270003892, -66.952597640584486, -66.266508249584447, -69.420751517388709]}