{"timestamps": [1491477827.676187, 1491477851.486377, 1491477869.829863, 1491477889.677574, 1491477907.049781, 1491477927.961051, 1491477951.240584, 1491477969.583332, 1491477989.352475, 1491478010.63432, 1491478029.380903, 1491478052.801954, 1491478069.28204, 1491478089.932675, 1491478107.649171, 1491478124.227289, 1491478137.908306, 1491478154.903709, 1491478174.07992, 1491478196.971259, 1491478217.638755, 1491478235.802027, 1491478254.235665, 1491478275.036048, 1491478295.465605, 1491478313.21814, 1491478334.488589, 1491478358.343458, 1491478379.859276, 1491478399.206582, 1491478423.011965, 1491478441.761165, 1491478462.653829, 1491478478.007639, 1491478495.680553, 1491478516.204033, 1491478532.064602, 1491478550.798407, 1491478570.500815, 1491478590.993457, 1491478608.718053, 1491478626.16478, 1491478644.866586, 1491478666.044844, 1491478681.081975, 1491478699.32257, 1491478715.425811, 1491478730.021003, 1491478751.897528, 1491478770.585735, 1491478788.858998, 1491478811.893355, 1491478831.326384, 1491478851.6768, 1491478868.971956, 1491478885.802591, 1491478903.94207, 1491478926.266123, 1491478949.624983, 1491478965.290865, 1491478984.094665, 1491479002.017289, 1491479023.933938, 1491479037.798537, 1491479057.308247, 1491479078.017321, 1491479097.065457, 1491479111.419522, 1491479131.889778, 1491479155.146706, 1491479173.210992, 1491479193.364037, 1491479211.714839, 1491479233.334147, 1491479259.778836, 1491479278.220807, 1491479294.889767, 1491479311.799625, 1491479333.099137, 1491479350.098411, 1491479369.168003, 1491479391.119658, 1491479409.294233, 1491479427.43529, 1491479444.837192, 1491479464.373549, 1491479486.868109, 1491479505.401045, 1491479521.390426, 1491479535.942666, 1491479549.722851, 1491479570.772167, 1491479585.726045, 1491479600.80101, 1491479620.792217, 1491479646.117563, 1491479666.568061, 1491479685.178694, 1491479703.238208, 1491479722.182471], "rewards": [-137.25909106309908, -130.11394824100771, -114.28808473870971, -96.997139961874439, -81.435854897524621, -70.753638652391089, -59.560520957265446, -50.766935897426563, -44.185820518433012, -38.173623664592157, -34.880452016150123, -30.136199104685293, -27.438301609850331, -24.788990191418762, -22.23946325825089, -20.363963724188107, -18.440668475479971, -17.369577319980568, -15.975895714591683, -14.474073252420736, -13.568145760998229, -13.315667364271958, -12.822844974985598, -12.295273372062502, -11.107873734087857, -10.569647730167599, -10.731246437585618, -9.3394057408752342, -9.0084160192606468, -9.5793694618165119, -9.4370626965239772, -9.5211411739567477, -9.0452386298595471, -9.4049761257952351, -8.9219868066257675, -9.3575937673576206, -8.9455518677282555, -8.4870605690883796, -8.4060533655255973, -7.6256772042961085, -8.7600590592239787, -8.1712570272908494, -9.2597887339034202, -7.7900970061792245, -8.3003805349646882, -8.9032987294091033, -7.8094960145226207, -8.7879309508959835, -9.060866778390352, -8.5308663987686781, -8.318737665233618, -7.5684794441262371, -8.0866105119803802, -8.4300025948770934, -8.5230518565521667, -8.3622465707044089, -8.734637204310383, -9.315746684999354, -9.3315449059892828, -8.2483058028279679, -8.7906420393372144, -8.7794318279780992, -8.423411689684885, -8.9405542666232769, -8.2531421145885755, -8.0482215939374608, -8.0570381944869176, -7.8566578885116316, -8.4796470151830068, -8.392713689365408, -7.8738360262829126, -8.3496260032420206, -8.7724059305105655, -7.8220150986618719, -8.1218432611566342, -8.1856982242244882, -8.3937938152483902, -7.7195771447147017, -8.3325167792076442, -8.0434211311894686, -8.3658778168980739, -7.8799920038842375, -8.4706593223849431, -8.2739548328879291, -7.8532205240366268, -7.253773397455145, -8.5421515034403175, -8.2316830368590068, -7.8048731435302043, -8.2892817701472303, -7.8478162330443082, -9.0613637089965398, -7.6755792421951252, -7.9383070948852428, -7.4870018300283929, -7.742972395603144, -7.5059536645518747, -7.7719558460481268, -7.4098501735158102, -7.9747438007958262]}