{"timestamps": [1491477827.371985, 1491477851.143457, 1491477875.59255, 1491477899.056221, 1491477923.977029, 1491477946.510372, 1491477970.914736, 1491477994.921497, 1491478020.385875, 1491478044.988094, 1491478065.652167, 1491478087.17915, 1491478111.157047, 1491478137.650583, 1491478163.184702, 1491478182.96217, 1491478205.438895, 1491478228.724442, 1491478252.501802, 1491478277.214437, 1491478302.497186, 1491478328.586297, 1491478355.599344, 1491478383.940962, 1491478409.363046, 1491478436.337311, 1491478463.014268, 1491478487.203902, 1491478508.965566, 1491478531.387953, 1491478557.952929, 1491478584.574726, 1491478608.850209, 1491478632.079477, 1491478658.775115, 1491478680.68829, 1491478703.543239, 1491478725.663212, 1491478750.99785, 1491478775.436384, 1491478798.02005, 1491478819.503162, 1491478846.27629, 1491478866.610158, 1491478890.323648, 1491478916.942019, 1491478945.907368, 1491478969.85698, 1491478994.470566, 1491479019.581176, 1491479044.511735, 1491479069.900857, 1491479092.73991, 1491479117.087313, 1491479143.374603, 1491479165.002905, 1491479189.633039, 1491479216.266154, 1491479240.888691, 1491479259.555498, 1491479286.447861, 1491479314.410146, 1491479338.015677, 1491479362.567623, 1491479385.208837, 1491479409.270426, 1491479432.361751, 1491479455.505556, 1491479479.286139, 1491479501.984503, 1491479526.309877, 1491479553.001164, 1491479575.97283, 1491479595.961811, 1491479616.807859, 1491479639.018158, 1491479659.374561, 1491479680.195742, 1491479700.577612, 1491479721.669653, 1491479745.035031, 1491479770.332978, 1491479793.770276, 1491479815.669439, 1491479831.346905, 1491479844.12626, 1491479856.618056, 1491479869.925788, 1491479883.303082, 1491479896.754225, 1491479910.128024, 1491479924.267374, 1491479937.757497, 1491479950.824869, 1491479964.306849, 1491479978.037621, 1491479991.830841, 1491480005.959026, 1491480019.084422, 1491480032.635947], "rewards": [-157.21132184002386, -144.38144330260465, -121.1415397104149, -101.04645176194629, -85.82382634346607, -73.92008698269228, -64.4236329780183, -54.811977458571725, -47.7189969670851, -40.879756749109376, -36.593399013228925, -30.91640563187442, -27.97023340717037, -24.782817670552568, -22.69622684063704, -20.445559909025146, -18.81953038856391, -17.043753996548563, -16.181525644807582, -15.235759111864548, -14.490375720841547, -13.395808603483921, -12.970780200232888, -12.985236587441637, -12.59257282570489, -12.074920019092968, -11.595037236912798, -11.64939067401825, -11.935297662915634, -11.0842863597818, -11.013308238667566, -11.000972848585139, -10.915070452560743, -11.190716484627071, -11.153136654940164, -10.72290717616636, -10.537243649547829, -10.443027357532833, -9.996840434268826, -9.791811655785436, -10.20195872994669, -9.79916300636035, -9.868056684527488, -9.899591578793164, -10.208216302483681, -9.326163170421282, -9.401106724010615, -9.014134930792435, -8.92256240665143, -8.988983272686148, -8.7812561088354855, -8.8039595135807822, -8.9418135895382207, -9.2420290650479302, -8.6659045438536779, -8.5742653760015202, -8.735595044500311, -8.7634352205925872, -8.704749182840116, -9.0308169427168075, -8.3332977122536018, -8.8094532552834934, -8.9967574421635792, -8.7233204348691018, -8.6676665141635922, -8.5221799890008842, -8.9082359545503991, -8.9966903741493223, -8.6591689733673896, -9.1565044978480135, -8.6545208389986197, -8.5257577707688856, -8.5886142096332545, -8.456265114629856, -8.695923862874567, -8.0986444329646705, -8.6208240229979776, -8.3977285563019191, -8.5487434424132811, -9.1625795367652199, -8.4145560677019109, -8.5902362719890615, -8.0619924321666936, -8.5447065664893902, -8.8541567051443231, -8.2868962061090699, -8.3923952349837716, -8.3414268458815553, -8.4748125411873509, -8.6384307816299515, -8.3337370382986595, -8.5187055324320973, -8.6132846706481434, -8.5083784263283011, -8.0948653261613579, -8.6834698153813079, -8.1706672216510263, -8.488516149113595, -8.0167579733462357, -8.4171057659328099]}