{"timestamps": [1491562649.760973, 1491562731.873803, 1491562813.782124, 1491562895.643441, 1491562977.371912, 1491563060.573103, 1491563140.530499, 1491563221.559224, 1491563303.034425, 1491563383.853713, 1491563464.309961, 1491563545.648406, 1491563626.553617, 1491563709.651639, 1491563791.290748, 1491563873.081104, 1491563954.518701, 1491564036.006849, 1491564118.314841, 1491564198.645052, 1491564280.215687, 1491564360.568198, 1491564441.454231, 1491564522.953987, 1491564603.560774, 1491564683.652507, 1491564765.59607, 1491564846.048933, 1491564926.430988, 1491565008.248024, 1491565087.80207, 1491565167.58755, 1491565248.495185, 1491565328.631968, 1491565408.640283, 1491565489.654769, 1491565569.747986, 1491565649.957229, 1491565731.082476, 1491565811.633589, 1491565892.287406, 1491565973.991629, 1491566053.993122, 1491566134.342046, 1491566214.978116, 1491566294.999012, 1491566373.888355, 1491566453.511548, 1491566532.595635, 1491566612.108292, 1491566693.148817, 1491566773.577405, 1491566853.025984, 1491566933.519164, 1491567013.850582, 1491567093.186171, 1491567173.415028, 1491567253.481601, 1491567331.871972, 1491567410.75137, 1491567491.894358, 1491567570.53227, 1491567650.391193, 1491567731.55832, 1491567812.235638, 1491567893.087254, 1491567974.169298, 1491568052.680115, 1491568132.327842, 1491568212.487251, 1491568291.782985, 1491568370.973473, 1491568452.038149, 1491568531.793917, 1491568611.28012, 1491568691.990284, 1491568772.116132, 1491568851.446614, 1491568932.368034, 1491569013.097679, 1491569093.48764, 1491569174.269986, 1491569252.42091, 1491569331.909743, 1491569412.616795, 1491569494.397798, 1491569574.197498, 1491569654.592647, 1491569734.712589, 1491569812.388542, 1491569890.823149, 1491569971.29852, 1491570051.068857, 1491570130.930895, 1491570211.297375, 1491570289.975333, 1491570368.512519, 1491570447.591845, 1491570526.482577, 1491570605.966134], "rewards": [-798.1858143206737, -781.3340814573089, -732.1657198833007, -679.805753223651, -619.6939580895478, -567.5483833317613, -524.7548385028698, -480.7469198319752, -442.02273980482016, -409.08229748141775, -374.37048583302834, -347.73372749149, -324.0245004164694, -298.18706941691266, -279.35304375139157, -262.0413410694386, -245.1128086575982, -228.94227491408373, -213.63454170783095, -204.1052012968153, -192.7903390763241, -183.52634779840483, -174.17182379421027, -168.23494910209567, -159.26487614660752, -153.32958051023815, -147.01188743613872, -140.362114629141, -136.14214049469305, -130.82987348015064, -126.35769573658031, -121.4836760123058, -117.61059242962588, -113.48316361673145, -110.44222838042236, -105.41338977748674, -102.9124793533481, -98.25077490396073, -95.78177969235013, -91.06314537365354, -88.6720511820828, -86.69813769513641, -85.60274285488987, -82.67989659883443, -80.74095142264176, -79.09942075643042, -76.05444642693736, -74.4693462457347, -71.84338410076509, -71.86191753303883, -68.70123195598909, -67.11788075211689, -66.58843743721854, -64.49094439927481, -63.52417489318172, -61.81216909297577, -61.07073669016077, -61.37365626479713, -60.33745173896249, -60.78770945641566, -60.09173186639484, -57.36198395982726, -58.5981962335755, -55.89668720956039, -54.16131514708457, -52.80644918214549, -52.29683715341184, -52.85378987844249, -50.884559978663965, -51.753580633166905, -51.983777148366556, -50.72302359991559, -51.312917792419334, -50.495380375632024, -47.365738184311994, -45.17643506586588, -48.2081459622326, -45.99137505609362, -48.72804112254107, -48.95877023784214, -49.561300709241756, -49.27387365533746, -48.28988339439824, -47.77326526976196, -49.258334494430756, -51.62176369264569, -51.94643330076715, -52.724744144326834, -52.37729795118142, -53.31422081119281, -52.06606287908265, -54.018394511965184, -53.02195347625252, -52.493984403436386, -52.31793377805758, -52.799430254698535, -51.836762619659105, -51.380993418796415, -51.61253713788872, -51.304769991567696]}