{"timestamps": [1491463383.023562, 1491463396.012151, 1491463408.54015, 1491463424.888399, 1491463444.91022, 1491463461.772701, 1491463476.152058, 1491463492.888675, 1491463510.071655, 1491463529.915921, 1491463545.402706, 1491463560.876435, 1491463575.398494, 1491463589.991777, 1491463605.054057, 1491463619.385875, 1491463634.071526, 1491463649.156027, 1491463665.072787, 1491463679.868363, 1491463694.557678, 1491463709.250501, 1491463724.302518, 1491463739.199924, 1491463754.619418, 1491463769.69842, 1491463784.735873, 1491463800.035379, 1491463814.718412, 1491463829.309669, 1491463844.479814, 1491463859.45664, 1491463873.973721, 1491463888.902176, 1491463904.480857, 1491463919.498018, 1491463933.998072, 1491463948.815938, 1491463963.768571, 1491463979.371483, 1491463994.779395, 1491464009.847723, 1491464024.746567, 1491464040.076955, 1491464055.308141, 1491464070.107211, 1491464084.912887, 1491464099.86574, 1491464114.62275, 1491464130.060011, 1491464145.288056, 1491464160.186963, 1491464175.270958, 1491464190.057004, 1491464205.586726, 1491464220.321773, 1491464235.314965, 1491464250.206737, 1491464265.160865, 1491464280.182002, 1491464294.931527, 1491464309.676707, 1491464324.320746, 1491464339.245511, 1491464354.058119, 1491464368.919994, 1491464384.002303, 1491464398.892869, 1491464413.672887, 1491464428.384667, 1491464443.186795, 1491464457.977529, 1491464472.723281, 1491464487.540948, 1491464503.04927, 1491464517.649323, 1491464531.95109, 1491464546.757525, 1491464561.751189, 1491464576.287686, 1491464590.777453, 1491464605.489112, 1491464620.467085, 1491464635.203644, 1491464649.922096, 1491464664.784504, 1491464679.684189, 1491464694.376248, 1491464709.33518, 1491464724.109151, 1491464738.811639, 1491464753.674874, 1491464768.721001, 1491464784.619692, 1491464800.337628, 1491464815.73137, 1491464830.678571, 1491464845.357051, 1491464860.030163, 1491464874.461169], "rewards": [-154.88537141584024, -134.76901337370722, -117.04406035454936, -98.462423109063863, -86.02017513177168, -72.664168009351727, -63.019664905073789, -55.22612539060566, -48.229443662161529, -41.701746465464133, -37.262197607515787, -33.353689104592334, -30.29417052871408, -26.0908299527566, -23.784463433869824, -20.755521189606355, -18.656451733627247, -17.897739914225625, -16.219250417697474, -15.261199942330572, -14.447956245141548, -13.509671745778286, -12.753651290452762, -12.359352950629251, -11.649893574682137, -11.628164996740908, -10.920161639390527, -10.702175744873557, -10.456987904205187, -10.517227165337035, -9.9346111036867626, -9.4828079289739158, -9.1059304866440911, -8.650382915332921, -8.6549863614163272, -8.6292146458995855, -8.8988607259116836, -8.5305607291874868, -8.807024528218232, -8.182473262445134, -8.9632296507125542, -7.9226033704457022, -8.194724521502879, -7.6313104056633652, -8.4438093112160502, -8.3222682239072405, -7.8095520709880644, -7.369286532954038, -7.5008799608828705, -7.8987956499741143, -7.1874620283948696, -7.5947956961698528, -7.7140603642325951, -7.392581182031881, -7.5630298255343753, -7.5985387253614958, -7.5255278144854234, -7.3854477698279801, -7.6367102089665408, -7.3754220029293789, -7.9332197109089044, -7.6666144224668527, -7.9073436143931692, -7.2351281244348389, -6.9459515526494053, -7.3194161770782964, -7.5607379600202673, -7.0076691286911208, -7.1868548057683039, -6.83305487980207, -7.1795396711947141, -7.2637888161523163, -6.6118640105626563, -7.6678475512657496, -6.6414247702587463, -7.9981045701492981, -6.8670508265386561, -6.6091813192953177, -6.9776553007432298, -6.3253978939648947, -6.62966229011833, -7.0790357503732499, -6.5929680269883537, -6.7503780689843067, -7.1227852645089147, -6.7936500623857352, -6.8437626970101268, -6.6839208227648657, -6.9193171341113171, -6.8520883310670353, -6.1257069577517917, -6.822555999534452, -6.6075196441847917, -7.4669132541923124, -7.1494847834005908, -7.001418394770365, -6.5137613108853598, -7.0485029406263058, -7.4486764586805938, -7.0787596244674136]}