{"timestamps": [1491497934.875112, 1491497992.846044, 1491498049.896967, 1491498110.837965, 1491498168.528313, 1491498232.29929, 1491498292.350931, 1491498352.936093, 1491498411.503246, 1491498467.878618, 1491498526.847508, 1491498586.07593, 1491498645.277837, 1491498705.147218, 1491498760.741155, 1491498814.44838, 1491498878.320292, 1491498934.865893, 1491498994.871964, 1491499057.289552, 1491499116.24352, 1491499177.35773, 1491499233.974809, 1491499287.467006, 1491499347.163557, 1491499406.583897, 1491499462.094437, 1491499518.688363, 1491499570.463227, 1491499627.767841, 1491499682.728904, 1491499742.575605, 1491499801.660955, 1491499859.3711, 1491499919.093601, 1491499979.081906, 1491500036.46787, 1491500107.870406, 1491500173.491032, 1491500240.220667, 1491500301.175134, 1491500357.485423, 1491500420.955898, 1491500478.311035, 1491500541.269081, 1491500601.728521, 1491500672.032066, 1491500736.052739, 1491500791.35009, 1491500856.683502, 1491500912.918529, 1491500981.002707, 1491501046.912366, 1491501103.027214, 1491501167.677274, 1491501226.210318, 1491501284.61661, 1491501345.736628, 1491501411.361442, 1491501475.909412, 1491501541.058062, 1491501597.581878, 1491501648.726841, 1491501698.961773, 1491501754.372337, 1491501809.621745, 1491501865.49019, 1491501912.208011, 1491501966.396382, 1491502022.415921, 1491502080.174089, 1491502131.798758, 1491502184.527371, 1491502236.198453, 1491502295.342139, 1491502349.971121, 1491502402.120293, 1491502454.089253, 1491502506.637504, 1491502555.776384, 1491502613.043846, 1491502673.346781, 1491502732.072215, 1491502796.688381, 1491502861.697735, 1491502923.752702, 1491502987.058184, 1491503046.465696, 1491503100.396803, 1491503169.348855, 1491503230.74021, 1491503296.12543, 1491503353.651566, 1491503408.738014, 1491503462.476853, 1491503519.107106, 1491503581.064009, 1491503637.762479, 1491503684.232367, 1491503734.892545], "rewards": [-608.64729050866879, -605.75312391388775, -542.30843890587391, -481.85974176166985, -440.65003024562816, -401.63054337190266, -362.34128481225497, -326.62478723584127, -297.42395445080564, -270.81707746999706, -245.51414348617394, -223.36522633119347, -198.3214800757834, -183.00028573369178, -167.03952357268722, -150.08333790121688, -140.07903137919672, -126.29964269908345, -116.58747783015691, -106.85196078279272, -100.38657412093488, -92.134672925967919, -85.871577107777242, -78.918556521946627, -74.346792075423323, -67.921499461810541, -64.585645874188728, -60.885077540084929, -57.46544251817226, -54.459748392216859, -51.317736414978583, -47.713922762892537, -44.862608329407692, -42.226440644677226, -39.15493755955859, -35.98146113684826, -34.475562246978896, -31.12849985655971, -29.255936496639723, -27.049808634061215, -25.102370477219132, -24.005610828729317, -22.259798396977036, -21.490460354532686, -19.493062338696074, -18.967658669767026, -17.315183775908316, -16.461712350156425, -15.084220531670974, -14.959391346616218, -14.464596304829564, -13.814251357957255, -13.031267422840179, -12.815118495768125, -11.96058811632213, -11.954990454253377, -11.554796307395499, -11.203136190823912, -10.958856394760003, -10.678265755595534, -10.507704920839284, -10.116257316706447, -9.9339106860496358, -9.6406295435165781, -9.5349141455160584, -9.5311277556090879, -9.5763511081360182, -9.2304277707016915, -9.2875137417742231, -8.922292739512498, -8.668066003510944, -8.972169968940614, -8.7029995252208501, -8.5722287939762687, -8.4655980462166625, -8.5078859135060352, -8.256810743971478, -8.5068640558566635, -8.0932292906865033, -8.0095240134009806, -8.1103635389054549, -7.9627115388163086, -8.0336303108940861, -7.9119217685578267, -7.7294392319743599, -7.6137614164872671, -7.8023661576822452, -7.6915536524823587, -7.5344357752866493, -7.6845475088896693, -7.6526700075137057, -7.5188009796097024, -7.3996295780874854, -7.4372964689120078, -7.3100909550578441, -7.3202136519915415, -7.2122291509748324, -7.1729594220982902, -7.3052495193279352, -7.176988679651914]}