{"timestamps": [1491463186.858352, 1491463214.724113, 1491463242.621239, 1491463270.347707, 1491463298.27569, 1491463325.429958, 1491463364.352969, 1491463417.568846, 1491463475.189746, 1491463537.514281, 1491463592.757074, 1491463662.474595, 1491463723.568917, 1491463777.841164, 1491463845.185395, 1491463905.185755, 1491463970.499387, 1491464021.782437, 1491464084.988693, 1491464148.617145, 1491464213.432907, 1491464283.007084, 1491464342.793242, 1491464404.758472, 1491464471.811286, 1491464533.957483, 1491464595.155967, 1491464657.579404, 1491464724.371572, 1491464785.859837, 1491464851.039057, 1491464915.597081, 1491464976.72384, 1491465045.445447, 1491465115.600114, 1491465190.171872, 1491465249.145208, 1491465310.921102, 1491465373.255839, 1491465440.86332, 1491465497.264508, 1491465555.392683, 1491465618.610265, 1491465680.979296, 1491465743.287398, 1491465807.171181, 1491465869.346979, 1491465927.653617, 1491465989.198894, 1491466050.065366, 1491466113.855668, 1491466175.887805, 1491466235.480536, 1491466303.097537, 1491466363.779427, 1491466429.281068, 1491466490.202701, 1491466547.841759, 1491466608.369227, 1491466667.446666, 1491466734.882365, 1491466803.42101, 1491466869.281533, 1491466935.828684, 1491466998.659517, 1491467061.656046, 1491467125.613854, 1491467192.454816, 1491467253.411074, 1491467317.570625, 1491467378.596222, 1491467441.263785, 1491467516.320903, 1491467576.872326, 1491467634.081589, 1491467699.042257, 1491467762.828573, 1491467822.136248, 1491467873.792753, 1491467930.897138, 1491467995.759127, 1491468058.425337, 1491468121.537996, 1491468181.011998, 1491468245.826512, 1491468311.544241, 1491468369.505568, 1491468428.006256, 1491468494.413047, 1491468554.060278, 1491468619.725777, 1491468663.108753, 1491468691.327547, 1491468716.621187, 1491468745.069569, 1491468773.303983, 1491468800.93393, 1491468827.198399, 1491468852.263399, 1491468878.946401], "rewards": [-1405.2854537779242, -1355.9900143914458, -1293.0909408344976, -1190.9033141429932, -1104.2584396929012, -1009.713336637451, -929.09515059503622, -877.82015661704031, -817.24152997285262, -760.80037323588431, -706.68335023589532, -666.05706685801056, -628.97717183965642, -587.84838908216568, -542.60604230816227, -503.90198762620929, -477.88119193630365, -451.02173665951005, -425.88679868675382, -399.49150954951619, -379.66383952551178, -357.13095216449847, -335.47229973356951, -317.90390527436989, -302.58569310358871, -286.3520725903299, -272.15405428156652, -259.84286389662105, -245.33645753652266, -232.73070307240872, -220.24749224639081, -209.24059306707247, -200.43123924055087, -190.2840833163429, -186.88408147493831, -179.94001435156457, -172.83125463931299, -167.47631308636221, -159.59105770387268, -155.5626554077856, -148.95273431387923, -144.4058512683296, -139.55534729984069, -132.45717702218431, -131.39576928799889, -126.73742764525477, -121.66113724976628, -118.42226711827587, -114.85788293831138, -111.28004996201304, -110.23200725053886, -106.84162168676305, -104.89156965235497, -102.63823539452325, -99.113647611376038, -97.214521974342745, -95.775869356698308, -94.679740382550065, -93.055636543780494, -91.205434043522672, -89.937164206316794, -88.590493092319861, -88.389304465852149, -86.877449119961398, -83.354050260673318, -83.931774342696997, -82.070529296341931, -79.879980296457248, -81.120441068895659, -79.693465356308948, -81.516192013530585, -77.654619435732727, -78.020349921798925, -79.452800648245045, -74.305032613575193, -74.017885960703282, -75.82367305089177, -72.304281122723467, -73.153906496569874, -72.835816545304311, -69.629869044867775, -70.15580718788668, -68.934699539535913, -66.742667037836995, -71.207815451518869, -65.828569726206098, -66.590761581928902, -66.500141365442104, -64.69141878857458, -66.66538710867782, -64.663810370773774, -66.946090664910841, -65.496972439894805, -67.718623319658036, -66.518730874892157, -65.095213933710141, -65.412660506771076, -65.063886169187796, -64.879397914111749, -62.817644755653035]}