{"timestamps": [1491463186.938066, 1491463214.602805, 1491463241.664857, 1491463270.193468, 1491463297.410041, 1491463324.557229, 1491463364.28424, 1491463425.174475, 1491463487.388533, 1491463548.210329, 1491463614.883546, 1491463675.863421, 1491463738.330929, 1491463798.931733, 1491463856.684724, 1491463914.160444, 1491463973.178289, 1491464033.327978, 1491464095.368739, 1491464152.618572, 1491464216.265047, 1491464280.408898, 1491464344.318957, 1491464404.52557, 1491464466.492567, 1491464527.707211, 1491464584.587554, 1491464642.048169, 1491464699.826623, 1491464758.59348, 1491464823.062347, 1491464891.895296, 1491464951.9037, 1491465010.005641, 1491465072.122128, 1491465138.253547, 1491465194.021077, 1491465252.509278, 1491465314.888296, 1491465383.094625, 1491465446.582009, 1491465500.065255, 1491465559.356629, 1491465628.777869, 1491465697.718695, 1491465751.112185, 1491465810.911825, 1491465867.214998, 1491465932.325941, 1491465993.725146, 1491466047.145174, 1491466098.114852, 1491466158.919802, 1491466217.969395, 1491466273.815564, 1491466338.174471, 1491466397.934878, 1491466455.581797, 1491466514.164404, 1491466575.432282, 1491466633.666177, 1491466700.005653, 1491466759.477103, 1491466819.341932, 1491466885.795399, 1491466942.639014, 1491467001.643339, 1491467060.840234, 1491467122.016359, 1491467185.239696, 1491467238.75837, 1491467302.164549, 1491467362.258767, 1491467422.469207, 1491467476.871945, 1491467540.379488, 1491467603.393115, 1491467668.079388, 1491467725.081655, 1491467785.93131, 1491467845.331085, 1491467904.518638, 1491467974.138764, 1491468035.972367, 1491468097.232704, 1491468165.334277, 1491468219.103659, 1491468277.611157, 1491468339.932491, 1491468411.060815, 1491468466.290343, 1491468517.283746, 1491468587.177319, 1491468646.267344, 1491468674.049834, 1491468700.160231, 1491468726.926103, 1491468754.077336, 1491468781.584589, 1491468809.074893], "rewards": [-918.83652970456194, -906.27273065512736, -851.36242596003149, -810.06850470517679, -750.02171825923836, -702.6965759476011, -654.86697916485639, -604.93035106262107, -561.6901289019163, -520.75791382046589, -485.76222782897042, -448.15947844265509, -423.58426753359674, -398.12241308667404, -369.40798751404924, -348.80788640278229, -330.31844577002374, -313.73610327367243, -291.5659465765998, -281.14200163347965, -266.97733515297307, -254.58060841563761, -241.14539223662086, -230.3801452358752, -213.59367972369589, -205.58761698953055, -196.40523967220892, -187.49322099290941, -180.82475081107555, -172.81400712694457, -168.81503995667561, -159.35684008203916, -153.3157921068688, -146.5926935399921, -143.05034530038304, -133.9485479042936, -132.15194850738033, -127.19882374585127, -119.76177015363906, -116.32300480296993, -109.46113466561606, -107.12022210212537, -102.37801992141729, -98.501366549093632, -95.764329555202082, -91.908599882600413, -90.127605109526812, -86.51847138803349, -84.586721924545841, -84.681305472864409, -82.376754031936059, -79.523504606727371, -74.882261059520445, -75.768254837718771, -73.681971596777885, -74.349986319679687, -75.294691082720476, -72.27767526875374, -68.463454287016887, -68.759786621603951, -68.487116379265245, -64.476484487797777, -66.707663140374592, -65.834024062091743, -65.882357215725747, -63.902417795787649, -63.584911430995618, -62.220515246901016, -61.384103100452073, -60.552599718200398, -57.702406604438764, -59.033564125169505, -58.185360375103016, -59.456945071699685, -59.302865954486208, -55.956356225199222, -53.261538206747858, -53.647193036807039, -53.401197714490316, -50.811442147017914, -50.761779605672501, -53.35718271564788, -53.474890148302684, -56.28705821688456, -53.187028790288288, -51.367819442177819, -53.288185942885349, -50.19444932087859, -48.235380050231591, -48.719826235197914, -50.444139872620262, -50.392829439421206, -45.914387968348528, -48.163980211236549, -48.772734819118838, -51.293778720210497, -52.818208637180057, -54.066193959619149, -55.392689256714846, -53.180140471441447]}