{"timestamps": [1491486975.592226, 1491487001.342215, 1491487027.180772, 1491487057.287332, 1491487081.523894, 1491487110.545793, 1491487133.426546, 1491487156.807402, 1491487184.221544, 1491487207.519117, 1491487237.190175, 1491487258.409354, 1491487283.964854, 1491487312.764024, 1491487336.245011, 1491487360.572904, 1491487386.500988, 1491487410.41589, 1491487435.388075, 1491487461.772366, 1491487487.947961, 1491487518.516336, 1491487551.327552, 1491487580.393355, 1491487608.349071, 1491487640.091684, 1491487668.503571, 1491487697.690791, 1491487721.940636, 1491487747.247217, 1491487774.407118, 1491487805.22263, 1491487832.153919, 1491487856.369294, 1491487880.247399, 1491487908.181148, 1491487937.788256, 1491487966.270574, 1491487995.785616, 1491488023.343459, 1491488050.09326, 1491488078.346627, 1491488106.023156, 1491488131.430766, 1491488157.999753, 1491488186.003058, 1491488210.514286, 1491488233.196787, 1491488262.009237, 1491488289.585382, 1491488318.381348, 1491488345.760737, 1491488372.176979, 1491488400.014877, 1491488425.24981, 1491488450.765001, 1491488474.804077, 1491488504.512347, 1491488534.579195, 1491488557.768889, 1491488584.29873, 1491488614.334393, 1491488638.501697, 1491488665.613619, 1491488688.065656, 1491488713.87368, 1491488741.846716, 1491488767.156185, 1491488793.518811, 1491488821.008997, 1491488848.399284, 1491488876.511066, 1491488907.518982, 1491488933.019587, 1491488957.26319, 1491488982.570148, 1491489011.042543, 1491489037.685815, 1491489063.717445, 1491489089.326683, 1491489114.791038, 1491489136.025628, 1491489158.142029, 1491489185.54577, 1491489209.639141, 1491489234.257927, 1491489263.538706, 1491489285.159146, 1491489312.220263, 1491489343.977172, 1491489372.139455, 1491489404.958409, 1491489432.078482, 1491489458.995446, 1491489483.281005, 1491489508.95228, 1491489532.098827, 1491489565.150099, 1491489585.918527, 1491489603.20531], "rewards": [-255.31295196372434, -236.72040715833356, -201.42106105817155, -169.65704588948051, -146.98991433398635, -127.60978504429754, -110.16422416883584, -91.642033362835804, -79.006296812258341, -67.735584722130142, -58.064601150369917, -49.835272501617609, -43.739406373178845, -37.413851012901539, -32.825071304629596, -29.440415448613468, -24.84322310085955, -22.776397468142719, -19.705772480909005, -18.641876654912092, -16.981189875299155, -15.794314815384757, -13.824945079793419, -13.070828860444593, -12.371908185119464, -11.193773738325312, -11.14196123940579, -10.836586220751437, -10.274865359964046, -9.7850426063649429, -9.8959490390282117, -9.2814171772197582, -9.2049552212284382, -8.6075671735040089, -8.8425135216686321, -8.9529835271791605, -8.7175345293860964, -8.0291628821883467, -7.8582706714140782, -8.6285145750839494, -8.0152040532333952, -8.4724893889238544, -8.895643662812887, -8.3612727912541498, -7.6832464296419323, -8.4594357232563304, -8.1190889734502729, -7.5720040441499847, -7.9523433354545929, -7.9497614493222981, -7.5929967830360194, -6.9330226792097527, -7.5202916714679695, -7.7186940812549576, -7.9350225573031921, -7.840739832763238, -7.4539769888134115, -7.3452792354489818, -7.7054645107759017, -8.0324874121496741, -7.6172797566580002, -7.3623739617248534, -7.1010395080416693, -6.9968928618997941, -7.4695182011572845, -7.5723598402365937, -7.4823673419144852, -7.1345340770730363, -6.7007951198529749, -7.1329104711472509, -7.0999273720526812, -6.6308877547959222, -7.8650520046082377, -6.7040350604298053, -7.3065218944008361, -6.881485997332585, -7.1149981723432481, -7.7398070658218652, -6.6462562775677885, -6.8585819201684481, -7.1102433630437734, -6.4025446771739531, -6.6849400462661528, -7.2949219815479758, -7.2506526512827811, -6.4364745013893074, -6.9150508590327409, -6.6436508574726698, -6.5980807844935168, -6.5340797942877353, -6.4282156399887231, -7.0049108685621233, -6.2030513814593258, -6.9537880448128844, -6.7654693382458069, -6.5582284125968195, -7.388441377804793, -7.0564886433795815, -6.4918572352318575, -7.5163730111588896]}