{"timestamps": [1491463187.619248, 1491463215.753668, 1491463243.848371, 1491463271.488609, 1491463299.601125, 1491463327.719751, 1491463375.131065, 1491463433.405808, 1491463495.018047, 1491463555.506521, 1491463622.555374, 1491463685.970958, 1491463749.738647, 1491463807.816303, 1491463869.43091, 1491463930.84568, 1491463992.337922, 1491464050.703565, 1491464110.330505, 1491464173.49884, 1491464231.364086, 1491464299.730464, 1491464363.294765, 1491464432.54456, 1491464500.302094, 1491464558.651054, 1491464613.987801, 1491464676.913858, 1491464737.021787, 1491464796.359649, 1491464855.324674, 1491464906.527489, 1491464964.796164, 1491465033.748098, 1491465095.896354, 1491465147.943029, 1491465214.536477, 1491465279.066338, 1491465340.716766, 1491465406.016512, 1491465474.486303, 1491465536.508381, 1491465595.816788, 1491465653.571889, 1491465719.52218, 1491465782.963058, 1491465845.128328, 1491465904.344895, 1491465977.519214, 1491466033.080409, 1491466103.050629, 1491466169.301685, 1491466237.421579, 1491466307.926173, 1491466366.264839, 1491466428.56823, 1491466483.48807, 1491466549.040854, 1491466613.605088, 1491466658.895406, 1491466720.212257, 1491466783.529651, 1491466843.421272, 1491466902.553356, 1491466963.104322, 1491467031.159259, 1491467088.527547, 1491467148.534135, 1491467215.154731, 1491467271.355534, 1491467330.829252, 1491467391.858751, 1491467466.460413, 1491467529.439856, 1491467580.952945, 1491467639.366405, 1491467709.482342, 1491467771.311299, 1491467832.474182, 1491467892.960483, 1491467950.993898, 1491468018.744645, 1491468083.696166, 1491468148.415701, 1491468207.953971, 1491468265.857101, 1491468325.373153, 1491468386.787297, 1491468449.489958, 1491468519.026251, 1491468582.347562, 1491468634.209669, 1491468666.577837, 1491468693.307842, 1491468718.750942, 1491468746.040271, 1491468773.565823, 1491468800.144557, 1491468825.55123, 1491468850.665298], "rewards": [-1085.9207023697209, -1074.9409635836462, -1027.2574291659764, -994.63998564643884, -920.84647403740587, -875.87815096063321, -814.21089653097999, -745.23903399214896, -702.58992282374561, -634.41796494416337, -600.8497225464148, -558.28651108047347, -520.08568805051584, -488.08167581932446, -462.91034567301148, -424.40531873182044, -397.52266554046122, -375.55826269925745, -355.10108447093029, -335.50027906285652, -314.47624204345385, -294.96224182615305, -281.02241996661837, -268.09719510907865, -254.0971185603799, -239.78752483957166, -228.0159609123495, -217.4254637968933, -207.78194988810165, -196.25979095901243, -190.33951031096669, -185.59981744326419, -177.31140825632988, -171.20409445710536, -165.6710464339898, -161.50701419077731, -158.76192514820389, -152.7529038596125, -147.83420836828799, -143.85532996442947, -142.47758848860096, -140.81311870578196, -135.75341972963048, -132.64255317496804, -131.58063298346755, -128.53217485482145, -126.34417837650012, -124.57087630132519, -121.80240983579495, -118.48005679142662, -112.94820084898754, -111.77680190834107, -112.48091431206885, -110.54917673955184, -105.168958875965, -104.33558607099539, -100.86910132240229, -100.22282677074455, -98.448165499140273, -97.648561632461593, -95.591599849567871, -96.924893627006682, -93.738066436171309, -92.077026971024395, -90.471750704623204, -87.718295897792501, -88.591169533427603, -90.655274804619069, -89.689505333141057, -86.083747758228384, -87.223178529033206, -81.794635233371821, -82.909274834277127, -81.242417719038528, -80.870642968244354, -78.825622853867472, -80.459040334732194, -81.698423086864878, -82.262522108730423, -80.931515662227241, -80.840417895151802, -80.254040461940349, -80.323224806359676, -77.891047188914953, -78.214400941565813, -77.92449202036407, -76.313461279096558, -76.880226847218907, -74.560724729196124, -74.60955948148127, -73.592370996287755, -74.998479107511599, -74.372637093540121, -71.432268168606385, -71.796667792207657, -69.638656218195322, -70.220410554252084, -66.824418167675148, -67.775414008058561, -68.167150716568187]}