{"timestamps": [1491490244.328751, 1491490315.869896, 1491490390.199111, 1491490462.644311, 1491490530.361478, 1491490611.761971, 1491490680.753693, 1491490745.812852, 1491490814.494423, 1491490881.07296, 1491490946.635206, 1491491014.02909, 1491491101.365702, 1491491171.80852, 1491491242.661653, 1491491309.791523, 1491491385.681139, 1491491451.557198, 1491491518.44728, 1491491591.772485, 1491491659.169928, 1491491731.805491, 1491491796.357257, 1491491868.160535, 1491491942.164535, 1491492011.583199, 1491492088.298263, 1491492160.493453, 1491492226.732357, 1491492308.885304, 1491492383.784345, 1491492456.053642, 1491492524.73252, 1491492597.163571, 1491492672.593047, 1491492747.924003, 1491492819.379473, 1491492892.072896, 1491492968.405599, 1491493039.622777, 1491493108.384083, 1491493174.981929, 1491493240.951442, 1491493304.403821, 1491493368.259739, 1491493435.608035, 1491493508.748191, 1491493579.352936, 1491493645.729559, 1491493717.81695, 1491493787.721855, 1491493859.598971, 1491493929.559589, 1491494000.971946, 1491494074.320732, 1491494142.656404, 1491494216.458722, 1491494289.518296, 1491494351.865405, 1491494422.770402, 1491494493.321637, 1491494570.517106, 1491494639.390213, 1491494705.793071, 1491494775.458691, 1491494847.390583, 1491494920.677819, 1491494985.891992, 1491495053.863398, 1491495120.963952, 1491495189.19867, 1491495260.806679, 1491495336.689248, 1491495410.085024, 1491495480.667905, 1491495546.804216, 1491495616.683363, 1491495679.753608, 1491495754.189946, 1491495823.892171, 1491495904.802624, 1491495987.095534, 1491496063.394747, 1491496131.195632, 1491496206.846527, 1491496282.012223, 1491496354.240915, 1491496426.078084, 1491496504.0393, 1491496577.325682, 1491496659.374252, 1491496728.903388, 1491496799.130114, 1491496878.769943, 1491496955.801132, 1491497028.146754, 1491497098.715496, 1491497173.418087, 1491497250.023476, 1491497312.778468], "rewards": [-1126.3892085213877, -1100.9301122278471, -1024.2641989805606, -971.90237488416051, -909.42295405208529, -859.05000514413905, -801.07453304450348, -759.02088121857264, -695.29096462873133, -662.37501804701276, -622.04075746164244, -582.85411925006929, -543.85137768167681, -507.5428315613114, -476.77430686351391, -458.88137845556724, -433.4515314153897, -418.12062855809194, -394.3350464132842, -373.52184759891628, -349.26067622980901, -328.82681269672315, -313.93152544226507, -298.65014308463782, -283.66657358376284, -271.13420185681809, -258.8755752969065, -247.82228588785216, -238.55014495163334, -231.46169288113251, -218.76297738544804, -211.24815843836481, -205.21624476428266, -199.75246816769987, -195.9359647870937, -186.36345220960473, -184.10997495598994, -179.44430232659522, -174.06610445143386, -173.33979811373635, -171.71405639342919, -165.10714985793112, -161.82406558324922, -158.13655476313704, -155.27839476567772, -152.68978691098425, -151.85726865067596, -149.03088757045683, -149.04243798220389, -145.31941915445083, -141.35413247617942, -139.3320399266583, -137.28607674566072, -137.07563890446608, -135.66542687591249, -133.62696870970308, -128.60733998649968, -129.65862150024145, -127.18836358461392, -125.04455401479701, -122.6047946519536, -122.254001415316, -121.10631710529532, -117.91582081990268, -117.71726469770367, -115.54619908227669, -115.87948342114372, -112.50883658295918, -113.31670311768924, -112.11215306486336, -110.53004126112839, -109.9891187538791, -108.17147752820209, -105.91270514927066, -104.78136179787623, -104.98878379041098, -105.12776240340411, -104.38753836608117, -101.4453160069868, -101.56004527321461, -100.05690362920896, -100.33646577390871, -100.63827081497993, -99.338639506363094, -99.350415105014747, -94.188705792460965, -97.570442393192693, -96.530996149062389, -96.184753832674218, -93.525701940336404, -92.038618502340427, -91.486665680632626, -91.758289294480818, -88.021048809696879, -90.847358834340923, -90.340405008258017, -88.292002558193829, -90.258393166117543, -87.530344911068099, -89.183810102631256]}