{"timestamps": [1491562650.696259, 1491562733.785197, 1491562817.681304, 1491562899.674471, 1491562980.942278, 1491563064.370613, 1491563146.548631, 1491563227.503864, 1491563309.100336, 1491563390.216241, 1491563473.178794, 1491563555.235173, 1491563636.184386, 1491563717.326273, 1491563799.81079, 1491563881.946117, 1491563963.589197, 1491564045.409417, 1491564127.801503, 1491564208.24645, 1491564289.093821, 1491564368.805894, 1491564450.364359, 1491564532.363224, 1491564612.586729, 1491564693.905042, 1491564775.866611, 1491564855.847822, 1491564936.751397, 1491565018.237277, 1491565099.143335, 1491565179.008257, 1491565260.512262, 1491565341.093546, 1491565422.240635, 1491565503.288498, 1491565583.676461, 1491565663.918662, 1491565745.234657, 1491565825.945632, 1491565907.151834, 1491565990.55347, 1491566071.022072, 1491566151.919326, 1491566234.35157, 1491566315.975358, 1491566397.566974, 1491566479.735193, 1491566560.644696, 1491566641.486842, 1491566723.431417, 1491566804.612693, 1491566887.246281, 1491566970.493781, 1491567052.665413, 1491567134.96099, 1491567218.100833, 1491567300.709186, 1491567383.241261, 1491567467.42746, 1491567550.237519, 1491567635.224723, 1491567721.19995, 1491567804.695816, 1491567890.366349, 1491567976.22617, 1491568060.628002, 1491568144.146426, 1491568226.577319, 1491568307.919623, 1491568389.775718, 1491568472.23811, 1491568553.583807, 1491568636.028445, 1491568719.839556, 1491568801.549397, 1491568882.830033, 1491568964.921139, 1491569045.062551, 1491569126.369036, 1491569207.150966, 1491569286.414408, 1491569366.894249, 1491569448.338365, 1491569529.471436, 1491569610.644545, 1491569692.223475, 1491569772.595074, 1491569853.412229, 1491569934.805164, 1491570015.029324, 1491570095.936803, 1491570178.970812, 1491570260.003244, 1491570341.930554, 1491570423.660026, 1491570505.973959, 1491570586.90824, 1491570666.72195, 1491570747.145363], "rewards": [-1358.3166981650975, -1323.094090432719, -1236.4708837157634, -1109.8960509930562, -1021.084072217749, -940.8674375248797, -867.3197028234118, -795.0782611520361, -737.8787414433332, -676.9674502890105, -629.0752847736161, -583.3999648663815, -534.728707853481, -493.9122842809067, -457.20432892910475, -425.091855333568, -394.2183680531209, -361.8271969575501, -339.0308383078853, -315.0869087486659, -294.39709634518755, -277.55018231132675, -258.5128410254064, -243.23024807494724, -228.0879760199435, -215.95123082813643, -203.47920258284168, -192.25052458903428, -183.24689650071534, -173.91300264150019, -165.09960313004893, -158.05494385424842, -150.4894257684205, -146.43100545028574, -139.99117547379376, -134.56479707113718, -130.0147432811256, -125.13022018575839, -120.5219938924813, -115.75188177345036, -112.29843881228908, -107.30848682533815, -106.17658792912854, -103.99627179289874, -100.46889931194053, -100.34632557241254, -98.03924564907993, -95.78278048189887, -94.45199114882081, -93.37081032596585, -90.5474494987601, -88.54886326293528, -87.02672180610396, -84.04707245924696, -82.74087655761787, -81.9279113864638, -77.12052544214374, -77.4130758653164, -79.4198971185317, -77.31318827486447, -75.51462572423404, -75.35973381947386, -75.38017779275685, -72.99193839475964, -71.56312531341752, -73.48455517556259, -74.02351920096295, -72.1885766749626, -69.0516861325574, -70.29048550585183, -68.93230599904543, -66.10577033300176, -66.09028950629708, -64.67465364197152, -62.5187368873734, -64.14315128616111, -66.8171223227191, -65.13845226633903, -65.87986252971263, -67.69903486654842, -64.74812691554466, -63.017877642377, -64.0644155254684, -63.33675259847019, -59.816347507152884, -57.31759454818518, -55.41237224136062, -55.025697699522816, -55.614346172904845, -53.54778462107738, -53.57198968488148, -54.478237142609274, -52.08751671441542, -53.09793248353845, -53.83117004665957, -52.3469995617181, -51.060592274314224, -52.63358366459387, -49.83380409212878, -49.51779723275746]}