{"timestamps": [1491497933.001264, 1491497992.350174, 1491498052.400928, 1491498109.821973, 1491498169.991802, 1491498228.406327, 1491498285.851694, 1491498342.532804, 1491498404.820952, 1491498460.393676, 1491498507.718261, 1491498565.862099, 1491498618.508375, 1491498671.294278, 1491498732.017855, 1491498782.985423, 1491498845.455997, 1491498900.410584, 1491498949.060468, 1491499006.261682, 1491499065.951979, 1491499127.772178, 1491499182.710025, 1491499234.316519, 1491499297.139067, 1491499349.861387, 1491499408.822773, 1491499476.891891, 1491499528.574166, 1491499591.174599, 1491499653.420453, 1491499712.429804, 1491499775.747618, 1491499834.90223, 1491499889.273799, 1491499944.259231, 1491500006.514218, 1491500069.251142, 1491500123.045606, 1491500172.065242, 1491500229.497207, 1491500284.276168, 1491500340.232133, 1491500394.743274, 1491500451.834064, 1491500510.563066, 1491500567.048688, 1491500624.646552, 1491500677.203297, 1491500732.812085, 1491500793.702247, 1491500855.583075, 1491500918.56041, 1491500976.215638, 1491501030.658847, 1491501092.799867, 1491501150.198727, 1491501202.980305, 1491501254.627311, 1491501315.598524, 1491501380.507545, 1491501433.14415, 1491501493.620537, 1491501553.813775, 1491501608.642004, 1491501662.814414, 1491501711.659788, 1491501760.502183, 1491501807.700551, 1491501857.658917, 1491501905.326627, 1491501955.47481, 1491502002.65524, 1491502050.953187, 1491502106.02587, 1491502155.8327, 1491502212.222239, 1491502261.997323, 1491502311.423181, 1491502362.037388, 1491502410.763832, 1491502458.543208, 1491502504.831601, 1491502556.369653, 1491502610.211169, 1491502668.386045, 1491502728.21069, 1491502782.291848, 1491502847.991198, 1491502894.451338, 1491502958.212318, 1491503015.568673, 1491503072.229272, 1491503130.049172, 1491503180.755611, 1491503234.283454, 1491503293.609039, 1491503351.167976, 1491503412.83581, 1491503455.421364], "rewards": [-572.8165831403885, -562.86479995154991, -503.80723130945239, -449.31466645969675, -402.99297891018932, -366.1810409464818, -334.12815958368429, -300.55058554202913, -273.63402792699156, -250.14649978921446, -228.33609124398373, -206.99003117573895, -189.0977343382657, -172.12995600211383, -156.79524928949991, -143.69924081597085, -134.04961981269861, -122.78901718901861, -112.06415921026461, -103.90282879953801, -97.830506067446677, -91.261790167475667, -85.003788155098079, -79.862036500973147, -75.360689780849299, -70.995967720759779, -67.675534292855986, -64.096500048692775, -61.343070344692208, -58.761186387143901, -55.000388119854314, -53.026495440421428, -50.849428739622617, -48.01513149576305, -46.12594004966904, -44.250549501677604, -42.917088882978334, -41.110625005047275, -39.895211257147402, -37.888881939423136, -36.960911400537213, -35.084416546464915, -34.667899779186492, -32.805373937035142, -31.802391756189134, -30.495460016524319, -29.619251568294054, -29.14913104342569, -27.875705278544057, -27.270586731747294, -26.146186201494558, -25.528248399169538, -24.933315269799706, -24.426562987508884, -23.657675176302988, -23.111211634197115, -23.145124462882873, -22.00034066327018, -21.751391940107993, -21.274946557803393, -20.452843460930861, -19.741279591900586, -19.235634178355134, -18.914032698067366, -18.435568718943536, -18.276934638768424, -17.754954378679979, -17.39923674533787, -17.125590329946544, -17.172913923299802, -16.459606129518189, -16.060468901724388, -16.046115543054551, -15.593732602365467, -15.228803220320726, -14.958248388115789, -14.631795956545115, -14.07553189009742, -14.322453944838637, -13.957826723688358, -13.941679166645869, -13.576599339179376, -13.333409496488633, -13.142909179789751, -13.330378780710655, -13.336442623263087, -12.875668014089932, -12.70877929722554, -12.28933322918944, -12.137680921604554, -11.917071827652963, -11.929154264369238, -11.967263813890021, -11.874069353458836, -11.992395775100881, -11.553982748321067, -11.713949053112541, -11.445302023292802, -11.599708985300008, -11.259195680506942]}