{"timestamps": [1491433879.091693, 1491433909.246462, 1491433940.129634, 1491433971.832944, 1491434004.929144, 1491434037.76883, 1491434074.113488, 1491434112.334612, 1491434146.027651, 1491434185.33095, 1491434217.389913, 1491434248.938734, 1491434285.205335, 1491434319.645607, 1491434355.476445, 1491434391.850855, 1491434429.458748, 1491434461.932374, 1491434491.886814, 1491434524.523214, 1491434558.878805, 1491434594.601527, 1491434632.296688, 1491434666.20778, 1491434702.228176, 1491434738.050017, 1491434773.611039, 1491434811.159376, 1491434843.055541, 1491434878.343226, 1491434916.33956, 1491434948.718069, 1491434984.926185, 1491435021.841293, 1491435053.365103, 1491435091.39518, 1491435122.324295, 1491435157.457676, 1491435195.50229, 1491435230.406264, 1491435264.255473, 1491435298.630305, 1491435333.250639, 1491435368.764346, 1491435399.842304, 1491435431.671775, 1491435468.901104, 1491435508.646895, 1491435538.111295, 1491435577.278689, 1491435613.174592, 1491435650.273057, 1491435685.022055, 1491435722.772379, 1491435760.37884, 1491435794.840315, 1491435831.66669, 1491435868.162157, 1491435904.138555, 1491435937.696314, 1491435977.030387, 1491436014.734499, 1491436047.788346, 1491436087.213215, 1491436123.387408, 1491436161.348193, 1491436197.307235, 1491436230.714364, 1491436268.033506, 1491436302.981435, 1491436341.675986, 1491436373.449395, 1491436409.406727, 1491436446.090102, 1491436482.887674, 1491436517.148271, 1491436552.921844, 1491436590.893043, 1491436628.198542, 1491436663.514242, 1491436696.469097, 1491436735.895168, 1491436772.530972, 1491436809.734087, 1491436845.867622, 1491436883.085192, 1491436925.526375, 1491436958.367538, 1491436995.036054, 1491437032.478483, 1491437067.628582, 1491437098.709135, 1491437132.910909, 1491437171.618181, 1491437204.743613, 1491437241.680432, 1491437274.920534, 1491437311.959797, 1491437347.648824, 1491437381.005015], "rewards": [-528.32328321101068, -510.85134883857273, -459.35168917288314, -414.40909184968569, -373.97183883368081, -333.83756389232985, -309.41165615858466, -271.58722466633407, -250.00666901505494, -227.06436135446558, -208.16433472839782, -191.12963745625501, -172.17106900330052, -159.30666481870506, -147.5267244834213, -133.69279229499767, -125.38922224197917, -113.68353927537581, -106.33790767803931, -98.405575926307563, -92.737713609196376, -87.315978733620199, -80.967883955451768, -77.779889880431881, -73.332721830769785, -69.935411447433097, -65.674470632794808, -63.592279753098353, -59.116444505310412, -57.268940631656967, -55.114349862885284, -52.355184827789863, -50.386115369927523, -48.510795926490474, -47.582000674753552, -45.994943960365433, -44.205894077146347, -43.058940845415073, -42.035960334136149, -40.545232597164564, -39.769208492260162, -38.702141086366908, -38.135516039014185, -37.167624428687617, -37.35920606485552, -36.17179428412156, -35.546932327139118, -34.459235377054895, -33.783137508272254, -33.448731211428054, -32.622004174122686, -31.934936404724052, -31.88618855771325, -31.157369858822499, -30.181115542938979, -30.268980885837188, -29.6936719480105, -29.270513858336493, -28.411856765982208, -28.79694432434141, -27.973778664886098, -27.920265595294246, -27.561946977965313, -26.820460639712721, -26.567161117183637, -26.180866924939728, -25.82200266597475, -25.886165835095181, -25.703987454242029, -25.346548083155309, -25.051491089313551, -24.88150747703013, -24.508154565430253, -24.272255803063246, -24.007955301352176, -23.892519481144863, -23.609631424445428, -22.970031196326396, -22.26576564254033, -22.111762757708608, -21.131012460333178, -20.454227177108258, -19.205131986661723, -19.019121047274243, -17.904089586773217, -17.302143834800191, -17.618225828687866, -16.859785653355274, -16.350399942396383, -15.679658041231756, -15.59808298275089, -15.713344056017029, -15.315061707943403, -15.57930099004815, -15.055080104497538, -15.254081118242231, -14.349396212232712, -14.387182065859943, -14.701029218409902, -14.174090175558417]}