{"timestamps": [1491497930.148442, 1491497987.104565, 1491498046.974572, 1491498108.579136, 1491498165.432996, 1491498215.808553, 1491498268.115607, 1491498336.914498, 1491498400.844424, 1491498460.328086, 1491498523.343065, 1491498574.471184, 1491498627.447447, 1491498686.97864, 1491498741.121344, 1491498796.756318, 1491498862.994223, 1491498920.812764, 1491498981.530056, 1491499041.418107, 1491499100.800189, 1491499164.380863, 1491499222.822387, 1491499286.521857, 1491499345.871283, 1491499399.858447, 1491499461.559849, 1491499514.823719, 1491499570.726412, 1491499622.076829, 1491499676.518134, 1491499733.15519, 1491499794.002709, 1491499849.219595, 1491499903.982959, 1491499969.398685, 1491500025.299722, 1491500084.410692, 1491500149.342343, 1491500211.048725, 1491500275.433312, 1491500334.028434, 1491500393.091409, 1491500446.196306, 1491500507.776968, 1491500572.706696, 1491500634.246661, 1491500690.042097, 1491500745.416337, 1491500808.330271, 1491500865.994328, 1491500925.585337, 1491500979.967292, 1491501038.405196, 1491501096.203802, 1491501156.240847, 1491501220.3034, 1491501284.7599, 1491501345.712761, 1491501396.703554, 1491501464.697119, 1491501526.213231, 1491501586.727611, 1491501639.654266, 1491501684.797513, 1491501734.794085, 1491501788.601659, 1491501842.51733, 1491501901.801105, 1491501953.522232, 1491502013.367896, 1491502063.727357, 1491502116.659416, 1491502166.295509, 1491502222.010774, 1491502277.945982, 1491502333.689845, 1491502384.843684, 1491502440.423999, 1491502488.378705, 1491502544.500361, 1491502611.116183, 1491502669.417998, 1491502725.379193, 1491502787.727205, 1491502851.654295, 1491502912.026485, 1491502971.71042, 1491503034.244618, 1491503099.339554, 1491503156.271948, 1491503213.767152, 1491503274.009418, 1491503334.508129, 1491503391.619712, 1491503439.961851, 1491503498.669473, 1491503553.881565, 1491503615.687595, 1491503666.669252], "rewards": [-817.80938493455687, -778.38985079397321, -704.97391696578427, -634.86983833508532, -567.32934765275081, -527.04486624873914, -475.33759126642434, -447.59560608257749, -406.03346102545549, -368.48839112232469, -339.02514011180227, -311.78105399104425, -281.29703385271756, -257.49907693295671, -235.53914940359471, -216.43065661071668, -199.87880954881325, -185.45206797527152, -170.45385245517912, -158.97452281996976, -149.01840383898542, -137.83572650774715, -129.03221009698484, -119.92024478365012, -109.53256013486879, -103.57060734986128, -96.367365765473465, -90.596199195170485, -83.664291408340631, -78.686958770393346, -75.441195500632261, -71.323986511264422, -67.789717773365595, -63.509707295072239, -62.314479860143884, -59.383182281498563, -57.482972868414791, -55.35701614032363, -52.810159986455247, -51.566439995521939, -49.959150832209936, -47.896404957986114, -46.337448425618362, -43.937968014222733, -41.955607485300298, -40.914560396131044, -39.718232490408347, -38.212589960132441, -36.567267845371269, -35.139114176173372, -34.287311999324032, -33.054207647025471, -31.77206089409054, -30.722017172841156, -29.415859157620538, -27.663188350322589, -26.778083400660766, -25.065024981505509, -24.255457568472611, -22.828344398987628, -21.301297892911524, -20.506834674207362, -19.465263346117943, -18.930478433098997, -17.561020181449248, -17.15719810134528, -16.397485427043513, -16.011453663078306, -14.871299663463486, -14.410518212093631, -13.654567655272297, -13.386458336730511, -12.995879076871654, -12.659243960099307, -11.978679955244298, -11.885980222349996, -11.594870179188854, -11.348473285084015, -11.240945982836303, -11.028523639171038, -11.002389164582763, -10.3211643682007, -10.521936973910474, -10.236634803640948, -9.8860449896767957, -9.8738628738245477, -9.5828039594919634, -9.5717524822956896, -9.4951781792750882, -9.4999491904142506, -9.1040091808809844, -9.3928384427207146, -9.0405859991565176, -8.8636431848488613, -9.0256625772377816, -8.7998653275134924, -8.7164426676115525, -8.7372659356020357, -8.5301664726769157, -8.278623105204618]}