{"timestamps": [1491737856.101169, 1491737940.186328, 1491738023.484017, 1491738106.833809, 1491738192.560363, 1491738278.094287, 1491738362.985117, 1491738448.825776, 1491738534.086977, 1491738618.208713, 1491738703.867683, 1491738788.948132, 1491738874.561237, 1491738959.298559, 1491739045.237292, 1491739130.911258, 1491739216.61357, 1491739302.92216, 1491739387.721605, 1491739472.480263, 1491739557.941977, 1491739643.748655, 1491739727.942957, 1491739813.953749, 1491739897.026466, 1491739974.283677, 1491740052.897627, 1491740131.937901, 1491740210.189186, 1491740291.898781, 1491740375.795058, 1491740458.530127, 1491740541.870084, 1491740622.815168, 1491740700.384775, 1491740778.615405, 1491740856.852191, 1491740934.628801, 1491741011.946738, 1491741089.824863, 1491741168.405708, 1491741247.436792, 1491741325.153217, 1491741402.330634, 1491741484.939185, 1491741569.172941, 1491741653.706003, 1491741736.088214, 1491741815.643588, 1491741893.591385, 1491741971.581041, 1491742049.729439, 1491742126.945433, 1491742210.365374, 1491742293.63776, 1491742378.414614, 1491742461.697485, 1491742541.310818, 1491742625.300512, 1491742710.349603, 1491742794.114422, 1491742877.498438, 1491742960.109486, 1491743041.319516, 1491743124.337969, 1491743208.198079, 1491743291.974826, 1491743373.801279, 1491743454.340458, 1491743537.000773, 1491743621.268726, 1491743704.330571, 1491743787.858717, 1491743866.951549, 1491743944.275581, 1491744022.249496, 1491744098.999329, 1491744175.221637, 1491744251.712088, 1491744328.262669, 1491744403.782603, 1491744479.742454, 1491744557.147996, 1491744633.805212, 1491744709.618688, 1491744791.445721, 1491744873.35261, 1491744956.120287, 1491745035.5726, 1491745112.147678, 1491745188.289952, 1491745264.475013, 1491745340.864809, 1491745417.346339, 1491745501.377634, 1491745583.572079, 1491745666.558797, 1491745744.021765, 1491745822.14157, 1491745901.299607], "rewards": [-1066.764570390818, -1038.394286674579, -992.2227989449929, -921.3273914012437, -847.1585556438408, -766.4624545578886, -705.44720133524, -640.7977192080461, -598.4214789903476, -543.2083237754038, -498.7389686093789, -459.62648458690035, -422.10889859264404, -384.7905911263231, -356.6289073155969, -332.0250952210216, -306.9366941436258, -285.3895496325989, -267.165837538939, -244.90626264244915, -229.6266591851806, -214.55341468622487, -201.09091030680636, -188.80037301679369, -178.2859444213106, -162.5133524714101, -157.97618111247786, -149.83649606530534, -141.73933804664657, -136.75161559659105, -129.20019047851505, -124.15629369005066, -119.1425052466187, -113.19916927009321, -109.82594643516136, -104.25714902130116, -100.87401049491253, -96.54908062778603, -92.88947431757258, -88.79120083161605, -85.01566148086211, -81.30874053218824, -78.36845405068449, -75.06926233365303, -70.33711901347021, -68.36439628650909, -66.11770697384082, -64.84172612182113, -63.791886969511495, -63.00124319178478, -58.20301340282645, -55.3189791732859, -55.01004459497035, -53.7155761724382, -51.76305345969064, -51.007571174848756, -51.364928659901345, -51.530419784825966, -52.01059993352956, -50.89578490114925, -49.614293901246285, -48.44399041970941, -49.859681171604805, -49.93351403722559, -51.71831493455896, -51.19092000804401, -51.24238034277555, -48.91188195762225, -46.49445770561915, -44.62272037015338, -43.94713159496199, -41.43414261837569, -39.625351128517664, -38.2965881668731, -36.569127486637335, -35.39597888587681, -35.934497600502716, -35.94397988520668, -35.496960994703876, -35.63356665537322, -35.77948127328991, -33.5822076567122, -34.62944328735774, -32.65686172917878, -30.903857217687417, -29.94511118491211, -28.104142635452625, -28.15819163590406, -29.191070378550048, -27.775376110532658, -26.647695390638425, -27.609253267599076, -24.3815491279533, -23.2008213980162, -21.649840547691333, -23.05988885877498, -23.797576387344172, -24.900587229000497, -25.501160171266843, -23.03780637280094]}