{"timestamps": [1491429754.014794, 1491429765.733202, 1491429779.871393, 1491429796.810131, 1491429812.513549, 1491429829.885975, 1491429845.436567, 1491429862.795301, 1491429882.114982, 1491429897.985108, 1491429912.820595, 1491429927.49996, 1491429943.68151, 1491429958.20424, 1491429973.417311, 1491429986.356911, 1491429999.504614, 1491430019.088571, 1491430036.058978, 1491430048.265899, 1491430065.621678, 1491430081.645939, 1491430096.968078, 1491430111.980543, 1491430128.885782, 1491430143.218141, 1491430156.872528, 1491430173.716563, 1491430190.932982, 1491430209.598934, 1491430222.107431, 1491430237.419237, 1491430250.727472, 1491430267.472103, 1491430282.725876, 1491430297.198052, 1491430317.457409, 1491430330.847531, 1491430347.575615, 1491430363.397896, 1491430378.379699, 1491430392.671518, 1491430408.831334, 1491430425.391294, 1491430442.298276, 1491430456.505878, 1491430472.067408, 1491430488.115245, 1491430502.456604, 1491430517.725171, 1491430536.671946, 1491430551.017042, 1491430565.793923, 1491430583.005931, 1491430597.985469, 1491430614.160121, 1491430627.838866, 1491430643.282664, 1491430659.503824, 1491430676.923641, 1491430691.798774, 1491430708.493603, 1491430724.398933, 1491430741.509647, 1491430759.103046, 1491430775.916844, 1491430791.483854, 1491430806.463701, 1491430819.858451, 1491430833.447931, 1491430853.470922, 1491430869.35301, 1491430885.951736, 1491430904.714862, 1491430918.777729, 1491430933.946492, 1491430948.028776, 1491430963.699312, 1491430980.293365, 1491430996.465303, 1491431011.616231, 1491431029.348062, 1491431045.248219, 1491431062.018494, 1491431079.589575, 1491431097.47043, 1491431113.72847, 1491431125.54826, 1491431142.498621, 1491431156.963819, 1491431173.188759, 1491431187.311406, 1491431202.762366, 1491431219.629596, 1491431235.614949, 1491431251.485065, 1491431267.95716, 1491431285.716334, 1491431300.601688, 1491431316.712255], "rewards": [-159.43117037501085, -133.0047951986754, -118.42088217897275, -101.23744514628497, -87.36431683465031, -75.177897366124682, -64.417055126593482, -55.329835484091802, -46.955801274702019, -41.131911847465034, -36.493617859952238, -31.715952482590342, -27.873641832369017, -24.944043961503343, -21.977420981964556, -20.675266123977892, -18.297455648545121, -16.730168887511372, -15.746197885581559, -14.714624950412842, -13.53829777380148, -12.802543544868989, -11.879342305530491, -11.332006338407465, -11.340201903208255, -10.636527881414485, -10.764124942882592, -9.953247045146945, -9.7041351355979337, -10.140431896741052, -9.4957735904935525, -9.5160273674986104, -9.7455663723813366, -8.7481634503380317, -8.7045656010745365, -9.160234458455772, -8.2041798475667616, -8.3872223316651873, -8.5956368030499188, -8.4840023736492363, -7.980091024470167, -7.5268385956784822, -7.5971324359146237, -7.3777932094000036, -7.6528616820390392, -7.312255791271383, -7.4913033820846469, -7.5599433707973036, -7.2986191901498785, -7.5952620266598618, -8.0200453825966989, -7.6724598289610411, -7.9679246024316921, -8.1540511882428746, -7.7076795517666463, -7.2940501214753111, -6.8312618661268631, -7.5713166296915277, -7.6886382199126952, -7.5410410269602526, -7.3291578693224482, -7.5348141523183578, -7.4056592244392743, -7.0009966810204949, -7.5311009471655517, -7.352828887648176, -7.343228655885409, -6.5124739089826171, -6.8834418328927089, -7.0073796202951435, -7.2476242570445608, -6.9958183207083984, -6.9947746923465415, -7.0559383597652916, -7.1641437739040228, -7.0928639150977224, -6.4470162247420646, -7.6989189998023564, -7.1130190407884957, -7.3066728014450879, -6.4090848719011193, -8.071023699093999, -7.2358821220100253, -7.3134951412570022, -7.1080719952390288, -7.3372740612069318, -7.7730122015504071, -8.2253322037669463, -7.8779420611184605, -7.2092347079877435, -7.9154278124923856, -7.1311117086216207, -7.2738218176243548, -7.6745579906970924, -7.6080941267223396, -7.539949442500947, -7.1847683840743652, -7.4894909089933774, -7.3993679443772882, -7.4983911960696785]}