{"timestamps": [1491138397.834562, 1491138762.372105, 1491139123.417755, 1491139470.130454, 1491139813.127501, 1491140155.776011, 1491140495.904199, 1491140832.776769, 1491141185.75282, 1491141527.823817, 1491141877.477212, 1491142229.317253, 1491142573.322325, 1491142917.095429, 1491143264.33272, 1491143601.949142, 1491143928.115849, 1491144254.158057, 1491144578.8338, 1491144902.406017], "rewards": [-1310.6939209785353, -1260.3001096040598, -1168.2971463686461, -1075.625113234812, -1012.1345209888024, -937.9459961980964, -871.50451013620375, -811.76307954980916, -767.1312201709336, -720.57584245295618, -672.95740586161355, -631.9152240915455, -595.62183183058937, -559.68886782837808, -522.448985599651, -495.35560226739153, -469.7756981435881, -448.93704422222686, -423.58802482690908, -404.11908627216218]}