{"timestamps": [1491486971.448287, 1491486996.757444, 1491487020.636473, 1491487054.564641, 1491487082.6275, 1491487112.573327, 1491487140.516017, 1491487164.51428, 1491487190.471872, 1491487215.855493, 1491487242.026349, 1491487265.772916, 1491487290.097694, 1491487316.036812, 1491487338.8176, 1491487369.948279, 1491487398.510057, 1491487426.882063, 1491487454.605792, 1491487480.016813, 1491487508.658603, 1491487537.243378, 1491487563.83563, 1491487587.560839, 1491487609.234496, 1491487637.569943, 1491487663.406273, 1491487690.967038, 1491487720.445507, 1491487748.548879, 1491487777.382649, 1491487802.35399, 1491487831.06863, 1491487860.650419, 1491487887.626589, 1491487913.420847, 1491487937.072069, 1491487958.893141, 1491487987.595434, 1491488013.716562, 1491488040.867189, 1491488065.566353, 1491488089.899488, 1491488118.809068, 1491488151.962383, 1491488184.953617, 1491488211.669599, 1491488234.951724, 1491488255.870576, 1491488282.679105, 1491488310.195908, 1491488340.093384, 1491488367.194169, 1491488393.174249, 1491488416.207733, 1491488445.965026, 1491488475.838406, 1491488505.255873, 1491488526.736226, 1491488548.66722, 1491488571.275096, 1491488598.421765, 1491488622.522571, 1491488650.910368, 1491488679.422702, 1491488706.228624, 1491488729.563289, 1491488758.428304, 1491488783.312893, 1491488805.796197, 1491488832.396111, 1491488857.481951, 1491488880.666668, 1491488897.363495, 1491488925.009591, 1491488953.659112, 1491488979.274539, 1491489004.595393, 1491489032.236323, 1491489061.205436, 1491489088.489976, 1491489111.74982, 1491489138.518065, 1491489165.37122, 1491489196.822073, 1491489221.935052, 1491489248.023911, 1491489274.863054, 1491489298.066368, 1491489322.307573, 1491489345.771285, 1491489370.56621, 1491489395.02126, 1491489424.640021, 1491489443.932544, 1491489473.603533, 1491489497.721445, 1491489519.93319, 1491489543.732748, 1491489574.938206], "rewards": [-162.36922522071677, -146.27373756340728, -121.27607918706475, -103.92348225995225, -89.086798485060228, -75.826169307200885, -66.003309559352914, -54.498193088867204, -47.495223526801595, -41.420062109588983, -35.574166841662759, -32.180809946035041, -27.973432249686457, -25.311947744161799, -22.199274466126688, -19.361612001501271, -18.806349672654864, -17.277204720347626, -15.421631421727227, -14.197079122928844, -13.273688840662576, -12.483538017500207, -12.327799308440198, -12.042852518590513, -11.211639605865205, -10.929698723293418, -10.689857059771937, -10.004471156271457, -9.9963121032830937, -8.9189902913891288, -9.6134555133681232, -9.3447846358148006, -9.0825598927302966, -8.8188670406872696, -8.1784822973823026, -8.0885512155523678, -8.8697556001389657, -8.7114588862830296, -8.6183525589096366, -8.6144258443550186, -8.6126173677629669, -7.8953889913272857, -7.8750361068207111, -7.9938085979462459, -8.389626393330385, -7.9257733719072032, -7.7222573197183442, -7.4873722738122686, -7.7782950207936912, -7.8123352594617392, -7.5400670268539152, -6.9350064423456468, -7.1781931347929993, -7.8757767737455477, -7.2805014210716354, -7.1611831940804471, -7.6154104072184179, -6.8628855360497383, -8.0636378135477802, -7.9117722425668582, -7.3146527864239212, -6.8832540468493839, -7.0610084703505329, -7.3088069537913976, -7.106105824608635, -7.2813005616251276, -7.2171606471002887, -7.4481075030685941, -6.6296677569019211, -7.5783283208556096, -6.4813944622948352, -7.8948646265419926, -7.2040277950904112, -7.0078693558738383, -6.7132029792030155, -7.6196432691295568, -7.4105705597650733, -6.6062001730485038, -7.3963254135175056, -6.9521811523313897, -7.324033124467312, -7.640592239560136, -7.4307651913055475, -7.0707888762002131, -6.5191621270827662, -7.0065969794488128, -7.391886065201617, -6.7851652348422373, -7.1103113320133389, -7.1800851326580286, -7.1598934036789581, -7.2697076860549643, -6.4150408068283502, -6.8276208205296758, -7.0157120213899029, -6.8548313291549468, -6.8740780310001295, -6.3910356801961505, -6.5161736013535521, -7.1647511735966374]}