{"timestamps": [1491469671.77583, 1491469740.403651, 1491469809.844335, 1491469882.225629, 1491469946.962778, 1491470006.029546, 1491470073.318354, 1491470146.433171, 1491470212.329648, 1491470278.519678, 1491470350.901588, 1491470422.275913, 1491470499.983278, 1491470564.343331, 1491470632.110642, 1491470689.69893, 1491470759.758875, 1491470829.299395, 1491470899.584251, 1491470973.048856, 1491471040.6378, 1491471104.33645, 1491471166.505005, 1491471243.999406, 1491471314.804101, 1491471386.581097, 1491471449.974982, 1491471517.960414, 1491471588.477179, 1491471660.550711, 1491471728.702146, 1491471792.683312, 1491471863.964706, 1491471927.778578, 1491471996.285627, 1491472063.14747, 1491472132.350676, 1491472198.436573, 1491472270.616104, 1491472329.252207, 1491472391.718484, 1491472462.635157, 1491472533.818084, 1491472609.812273, 1491472683.401999, 1491472752.264084, 1491472819.222267, 1491472888.921769, 1491472953.94601, 1491473019.769311, 1491473096.453032, 1491473160.450254, 1491473226.297638, 1491473298.923848, 1491473367.284328, 1491473433.541645, 1491473512.048338, 1491473585.487456, 1491473660.890276, 1491473734.663514, 1491473793.88809, 1491473832.913733, 1491473870.279992, 1491473909.570286, 1491473948.145066, 1491473986.131464, 1491474024.336258, 1491474062.917777, 1491474099.647748, 1491474137.724022, 1491474176.001862, 1491474215.369009, 1491474253.903193, 1491474294.382647, 1491474334.74147, 1491474371.972378, 1491474408.485157, 1491474447.07901, 1491474486.021877, 1491474525.421531, 1491474564.257645, 1491474604.834811, 1491474643.639094, 1491474680.465388, 1491474718.321082, 1491474755.571493, 1491474793.773746, 1491474831.582525, 1491474869.700154, 1491474907.512809, 1491474944.957217, 1491474981.029779, 1491475018.879883, 1491475055.438026, 1491475093.507343, 1491475131.841361, 1491475170.620615, 1491475209.243326, 1491475245.267718, 1491475284.543525], "rewards": [-1029.248069197831, -1038.470289320836, -967.6929021452303, -907.3682305695754, -850.6888106048865, -788.1418422647372, -729.8941289064413, -683.125452970393, -642.6191858069956, -599.6363139499995, -551.9846730469146, -523.9536061672519, -487.14469034335156, -457.83109994207337, -428.4587843787686, -403.8337232071453, -377.10304379390664, -353.24488503335806, -333.3639893198482, -315.15539351248094, -300.8116355550762, -283.7248860906993, -271.0225776851468, -260.6004023365899, -246.19803586762987, -238.1472386235065, -223.1629058071872, -214.0754841108576, -205.88588532771323, -195.07643838815957, -191.87223862371386, -185.0806936126015, -177.656493196638, -173.4301677029693, -167.1160441690658, -162.25114025783404, -158.95698750592447, -153.2645953090625, -149.33952265183456, -145.90573056491348, -142.31484409480186, -138.8414738832724, -134.02464856650644, -132.94181228764657, -130.27559940354516, -128.13579663137455, -127.06175791831448, -125.8544203471545, -119.35234198843625, -119.92399864242724, -118.54388872502317, -117.02879762123315, -110.09324798840126, -113.94569484591426, -108.19238247358543, -107.46976394285444, -104.57383137162942, -106.31874894132041, -104.97919353216179, -101.61421543299016, -99.510235466798733, -95.885657982348604, -99.522550890540728, -96.130504864004848, -94.580104019501889, -97.867602565682461, -96.098906501181276, -95.238681078889343, -93.154009424302401, -91.313836991791774, -88.169613402762764, -90.959122370933315, -87.341356310894923, -83.140045313859162, -81.097272077735127, -85.048782795533057, -82.300687888907348, -83.943318927004398, -85.844354700264589, -81.430204327255865, -83.521900307293109, -82.298762834055907, -84.69668675727435, -74.644455537528103, -79.263418821527637, -78.879611524138198, -82.27364366356575, -79.845313934789786, -77.702307851493643, -76.111215774059232, -78.081845539905629, -78.316617564879323, -76.020557204579248, -76.851703353194324, -75.489462958809767, -75.946193965457141, -74.439385771676498, -72.915045953224279, -76.548589985534178, -79.851518145371926]}