{"timestamps": [1491423983.176311, 1491424010.550685, 1491424035.610469, 1491424064.717182, 1491424093.908473, 1491424123.494882, 1491424152.556774, 1491424182.357586, 1491424211.650026, 1491424239.207861, 1491424268.868555, 1491424298.119089, 1491424326.759226, 1491424354.841917, 1491424383.144426, 1491424412.269484, 1491424441.453227, 1491424469.30653, 1491424497.446751, 1491424526.6073, 1491424554.86764, 1491424583.419912, 1491424612.139414, 1491424641.511997, 1491424670.613268, 1491424699.517312, 1491424728.222706, 1491424757.237082, 1491424785.652248, 1491424814.051298, 1491424842.6745, 1491424872.290169, 1491424901.700378, 1491424931.351144, 1491424960.692365, 1491424991.315302, 1491425021.420835, 1491425049.647216, 1491425079.106185, 1491425108.778583, 1491425138.691625, 1491425168.988704, 1491425198.113532, 1491425227.670588, 1491425256.896204, 1491425287.715509, 1491425316.77323, 1491425346.784257, 1491425377.417969, 1491425407.310662, 1491425447.645721, 1491425498.526098, 1491425554.235672, 1491425604.825662, 1491425653.094325, 1491425705.227445, 1491425751.954015, 1491425805.206989, 1491425858.921239, 1491425910.539505, 1491425956.209901, 1491426006.087338, 1491426054.614665, 1491426102.928324, 1491426156.591465, 1491426214.466886, 1491426264.096781, 1491426313.516822, 1491426367.534015, 1491426414.688752, 1491426468.500715, 1491426516.631007, 1491426566.579304, 1491426620.134167, 1491426677.09955, 1491426728.488356, 1491426776.47446, 1491426826.296385, 1491426874.065211, 1491426926.62242, 1491426980.215803, 1491427032.553013, 1491427087.81633, 1491427139.184593, 1491427191.025561, 1491427237.904819, 1491427286.863408, 1491427339.738156, 1491427390.432188, 1491427433.574721, 1491427488.594052, 1491427540.195451, 1491427591.466792, 1491427642.129592, 1491427695.576241, 1491427745.561049, 1491427794.128481, 1491427843.549221, 1491427902.624038, 1491427941.944158], "rewards": [-888.65928602776796, -859.57974484826934, -722.88809577151505, -648.51304331161077, -575.73780401833903, -520.53758038190642, -479.86135532130197, -431.98097594661772, -390.29678192831773, -352.09470007335784, -318.96839691668197, -286.38940504375228, -263.45544762533189, -237.15555790700861, -216.89955782389177, -197.52307299103515, -176.00217552060698, -162.08227588261354, -150.59504086879119, -136.49262193669199, -125.51212251902098, -114.57946413866401, -105.99965021005653, -98.72985741356834, -91.045345440117146, -84.330521797476919, -78.845972666555468, -73.161100037432689, -68.325527259142689, -64.742347786367304, -60.284929962810949, -58.567323181169371, -55.182624762841463, -53.001294090078481, -50.415449481187878, -48.254116724996884, -47.106221999605097, -45.384515927483022, -43.359388966082122, -41.468764732258933, -40.046052578375225, -38.775262534938079, -38.150904456186169, -37.657696902880737, -36.415515634158119, -36.880182687854351, -35.917485863178939, -35.108425609959546, -33.63651908274803, -33.255881132239878, -32.504018537431911, -31.422970232198139, -30.764727577582995, -30.445200362530066, -30.077072365476326, -29.987273029488811, -28.512486586891349, -27.712198394797856, -27.225445494475352, -26.738379995996805, -26.350843135045029, -25.797600045340911, -25.084582900027854, -25.170180796284853, -24.296143173801685, -24.3152593962526, -23.883205598046125, -23.826622026781987, -23.812275002685734, -23.333939083509371, -22.978635862918626, -22.880064407042074, -22.275737131256115, -21.73928891484697, -21.892371930399904, -21.97737900507704, -21.726033534941891, -21.21556037494496, -21.126724277790004, -20.813056215606057, -21.09995490514514, -20.609552341483564, -20.744319014759142, -20.482171599259573, -20.479630988859384, -20.022313598157279, -20.245089721325613, -19.983272830366005, -20.283567803827701, -19.969170876713235, -19.778245674101822, -19.67337092326785, -19.062546853134954, -19.277006427167695, -19.043180832322165, -19.209066719631195, -18.831755736376525, -19.027429384952768, -19.016062803863939, -18.324459577892593]}