{"timestamps": [1491425455.636423, 1491425494.485752, 1491425535.743167, 1491425573.666458, 1491425612.881352, 1491425653.909413, 1491425689.839172, 1491425733.541659, 1491425781.031462, 1491425826.648437, 1491425864.5025, 1491425905.943031, 1491425944.133495, 1491425981.002728, 1491426025.82109, 1491426068.298733, 1491426113.556587, 1491426157.005708, 1491426193.086676, 1491426227.108024, 1491426264.071634, 1491426309.125353, 1491426345.550056, 1491426387.534264, 1491426431.667874, 1491426476.81565, 1491426509.582284, 1491426544.456772, 1491426588.933124, 1491426629.780591, 1491426671.171299, 1491426711.299199, 1491426752.578327, 1491426796.34688, 1491426841.207911, 1491426889.451459, 1491426928.059616, 1491426966.82122, 1491427012.425202, 1491427066.547944, 1491427109.26431, 1491427154.029999, 1491427196.742563, 1491427236.257287, 1491427279.634044, 1491427313.052117, 1491427352.03634, 1491427399.042033, 1491427441.689494, 1491427483.742439, 1491427529.506064, 1491427573.754597, 1491427613.791343, 1491427652.111936, 1491427695.465454, 1491427736.893592, 1491427778.420268, 1491427822.453381, 1491427864.434838, 1491427899.651608, 1491427927.85474, 1491427968.958179, 1491428009.495096, 1491428049.693762, 1491428086.55161, 1491428106.908344, 1491428126.704108, 1491428147.49122, 1491428168.108497, 1491428188.427925, 1491428208.35851, 1491428228.82004, 1491428249.129943, 1491428269.90316, 1491428289.852434, 1491428310.571598, 1491428330.718126, 1491428350.503891, 1491428370.552384, 1491428390.556562, 1491428410.783729, 1491428431.121924, 1491428450.636785, 1491428470.999545, 1491428491.777463, 1491428512.462163, 1491428532.731042, 1491428553.27943, 1491428573.898008, 1491428593.962091, 1491428614.645417, 1491428635.213217, 1491428655.599406, 1491428675.784017, 1491428695.552756, 1491428715.692891, 1491428736.141381, 1491428756.440755, 1491428776.974334, 1491428796.876294], "rewards": [-616.04692717246269, -589.69569793521987, -534.55811494388104, -485.26860079264554, -443.01930305724289, -393.0186067573444, -367.41649309587802, -333.52223972650813, -299.17497285253268, -274.52934677370121, -257.45133483520948, -238.05516858187681, -219.86945425901442, -206.32296952658231, -189.16130045576335, -175.92947931423427, -167.13602856024795, -152.78012727984216, -143.0003907585417, -135.85688328816329, -127.5907053574406, -120.83716649688034, -112.87537278991627, -105.40446875780779, -99.678050455268149, -93.653106089898358, -88.385025274605681, -84.745409716025364, -79.766415951522788, -76.399936573093726, -72.770196462743641, -69.217335810140398, -67.023057045177936, -63.855441122760233, -60.650686559300908, -58.800234968585137, -56.969759714300643, -54.611886284444239, -53.116842253290578, -51.513583253672124, -50.572859888652118, -49.226438911087008, -47.423566838431931, -46.33441765797015, -45.108523060685748, -44.562987069634907, -43.04543223730213, -41.95501045194046, -41.122351494546137, -40.047378138902019, -38.893022148573522, -38.074211490006846, -36.355377114437914, -36.087690757150561, -35.661541077290821, -34.445444236980677, -33.889620643835713, -33.410813642987094, -32.489368757076711, -31.769550309862563, -31.6352835160653, -30.765452939029647, -30.001039786753026, -29.536389422893702, -29.272936491819337, -29.026823178112245, -28.751415183150815, -28.152757686669343, -28.007653548203269, -27.539380922215955, -27.198938774340341, -26.827846820861065, -26.303250278813429, -26.546110160218724, -26.479532632483, -25.848810751583251, -25.681075838259193, -25.873559332427465, -25.600146242419331, -25.176798297441515, -24.934257267957719, -24.910673780939078, -24.467038245378017, -24.728364735522355, -24.251139179080528, -23.984168837630815, -24.256686109313804, -23.763098643366149, -24.056994626636353, -23.687315032317009, -23.595995527286277, -23.25680614525951, -23.162009205108674, -23.38652972366144, -23.12455625806923, -23.191069674557607, -23.115744993102783, -22.913199846461666, -22.831267562552444, -23.336133795899059]}