{"timestamps": [1491737856.89443, 1491737941.450775, 1491738026.196181, 1491738110.656623, 1491738196.364921, 1491738280.789941, 1491738366.430673, 1491738451.620138, 1491738536.292619, 1491738621.006235, 1491738705.850441, 1491738791.29366, 1491738876.673165, 1491738962.02127, 1491739047.733631, 1491739131.700418, 1491739215.986039, 1491739302.880079, 1491739386.998145, 1491739472.415425, 1491739555.753291, 1491739639.95121, 1491739722.53852, 1491739808.074175, 1491739890.619468, 1491739968.704404, 1491740047.351159, 1491740126.85696, 1491740206.245828, 1491740288.303704, 1491740374.227006, 1491740459.262078, 1491740543.661591, 1491740626.035592, 1491740704.876302, 1491740784.580913, 1491740864.240747, 1491740943.578348, 1491741022.346645, 1491741100.977473, 1491741178.989685, 1491741257.158013, 1491741335.813384, 1491741416.419942, 1491741501.205855, 1491741585.184118, 1491741669.371846, 1491741751.144848, 1491741827.792096, 1491741905.206506, 1491741982.529701, 1491742059.843197, 1491742137.840044, 1491742221.505548, 1491742305.726131, 1491742391.675812, 1491742474.315021, 1491742554.660516, 1491742638.37734, 1491742722.901671, 1491742806.835153, 1491742889.117082, 1491742971.779571, 1491743052.99797, 1491743136.370635, 1491743220.428132, 1491743305.87167, 1491743390.215798, 1491743473.103578, 1491743555.611503, 1491743639.539081, 1491743722.273586, 1491743807.040999, 1491743884.828355, 1491743961.712131, 1491744039.126075, 1491744116.104509, 1491744192.121693, 1491744267.949639, 1491744343.050711, 1491744418.488143, 1491744493.700605, 1491744570.066644, 1491744645.253941, 1491744721.017424, 1491744804.541574, 1491744886.12573, 1491744967.278241, 1491745044.422748, 1491745121.437234, 1491745197.553398, 1491745272.8663, 1491745349.020394, 1491745424.565962, 1491745509.941604, 1491745591.345825, 1491745673.037721, 1491745749.598463, 1491745826.665865, 1491745903.377894], "rewards": [-1024.2992353880645, -988.3582488366302, -920.4757389623703, -840.7757859804475, -767.8121115113493, -703.0063375793131, -634.0300322688764, -582.6168810649962, -529.7521754702715, -479.9091549987577, -451.5350597739709, -414.92405980084646, -384.9110741679616, -354.8272883351441, -328.86287654342846, -301.5774750667555, -280.0980267275592, -263.2983720381539, -242.43376285726788, -227.5802609224569, -210.37554862451842, -198.5658883207909, -185.49758852533864, -174.53735035740684, -163.27630203023338, -155.2226163531815, -146.1551344693673, -137.9708674704506, -131.95474178742768, -125.39488166321028, -117.24948119014942, -113.40170785798674, -108.4894754460948, -101.68347414812015, -95.89082005615899, -91.71783549837748, -86.57091704629435, -81.92202817841148, -77.97926463901484, -73.72694006526505, -70.58792237705431, -66.85038382156047, -63.88836256734156, -61.515278023676125, -58.862175451288444, -56.38860491543397, -54.76286928574103, -52.64112002818131, -50.18148776535898, -49.859849248061415, -49.72418182226247, -48.98756960587349, -46.694368738647796, -45.24957097203266, -42.82281854036075, -42.479471923325086, -44.49408296669908, -43.00566386195289, -41.836601306278205, -39.78256847513817, -37.51960268624285, -36.32965409620311, -34.752256729806646, -35.08299358642007, -33.86511334982218, -32.61395707126231, -33.179518979048524, -33.17956817733709, -32.068993515349554, -31.322398218373177, -30.27392161072675, -29.28996426139719, -30.72101041121443, -32.24844625246039, -32.281624117883915, -32.80251781497993, -32.89515332996176, -34.33937216059151, -36.68295482121709, -36.94153131902505, -36.005716036560116, -34.477067257170866, -32.81890410447508, -29.880118659055103, -28.722931748821782, -26.495610666724254, -26.28072480684007, -27.085304028930192, -27.226330234693556, -26.81283387979907, -25.596036521150214, -23.41819204595726, -23.87976415653468, -25.908826824917814, -24.853152456193946, -25.4771981655136, -22.335236444228062, -22.411257312534133, -23.48940268470544, -23.74646646350564]}