{"timestamps": [1491420875.121208, 1491420885.368454, 1491420896.596922, 1491420908.465319, 1491420921.694407, 1491420936.009524, 1491420950.497563, 1491420964.22845, 1491420977.943974, 1491420990.387185, 1491421003.549158, 1491421018.311057, 1491421032.667843, 1491421045.631141, 1491421058.903951, 1491421072.182531, 1491421084.514231, 1491421096.808054, 1491421110.597916, 1491421124.676836, 1491421138.390772, 1491421151.249561, 1491421164.67001, 1491421178.859702, 1491421193.102376, 1491421205.409867, 1491421220.545309, 1491421236.549197, 1491421249.036299, 1491421263.50242, 1491421276.904266, 1491421291.667131, 1491421305.73207, 1491421319.976265, 1491421335.025579, 1491421348.977824, 1491421361.026261, 1491421372.774869, 1491421386.032061, 1491421400.20029, 1491421411.325701, 1491421421.491437, 1491421431.180231, 1491421440.749716, 1491421450.398803, 1491421460.029895, 1491421470.971753, 1491421483.071946, 1491421493.033439, 1491421502.751614, 1491421512.216154, 1491421521.663358, 1491421530.865416, 1491421540.385062, 1491421549.928934, 1491421559.302848, 1491421568.805318, 1491421578.374058, 1491421587.663158, 1491421596.825846, 1491421606.196797, 1491421615.656245, 1491421625.303616, 1491421634.927202, 1491421644.438709, 1491421653.674814, 1491421663.366939, 1491421672.479406, 1491421681.736197, 1491421691.414645, 1491421700.939934, 1491421710.296029, 1491421719.880906, 1491421729.66442, 1491421738.837428, 1491421748.212466, 1491421757.583749, 1491421766.713111, 1491421776.39642, 1491421785.699566, 1491421794.825892, 1491421804.078785, 1491421813.431513, 1491421822.72003, 1491421831.956895, 1491421841.04188, 1491421850.124043, 1491421859.490837, 1491421868.932816, 1491421878.641845, 1491421888.11509, 1491421897.6706, 1491421907.268611, 1491421916.794414, 1491421926.34616, 1491421935.669166, 1491421945.118921, 1491421954.489043, 1491421963.807147, 1491421973.36803], "rewards": [-123.73454090112097, -111.06059679779126, -97.306879230235864, -82.594639874884166, -71.376625679331099, -61.910910479661091, -53.924560660815807, -47.138247584252348, -40.069954382373062, -35.883610565548921, -32.028968596392431, -28.175345396246403, -24.504734390399459, -21.94383778573404, -20.429116714364262, -17.90041647437252, -16.956960693261884, -15.546220706480732, -14.417669669757874, -13.804967462160356, -13.150903106522879, -12.659449660507422, -12.0719616785884, -12.130003930837564, -11.502545580505114, -11.165528902331021, -10.664400226011773, -10.413041405140177, -10.635550005791639, -9.9267795057700212, -10.145631887595254, -9.8275735612416764, -10.052878788542259, -9.6935342760908956, -9.84077353125112, -9.1549253263506198, -9.1501507173322274, -9.3554995720085099, -8.7706577749994512, -8.8657285525278962, -8.6216552870758587, -8.6652091475471416, -8.4228371915761837, -8.0281256939019094, -9.0117410409077632, -8.4475437010436707, -8.0756151825890381, -8.3215195599681593, -8.28058822059546, -8.3842102855274483, -8.2675403594215293, -7.7378912351592977, -8.2203165911609446, -8.3192043924535355, -7.5954664776197784, -7.8399620321776853, -7.9009022898667043, -8.3516683435926033, -8.387947839879601, -7.6142342392151443, -7.6397680087757749, -7.0042383304190867, -7.6924007373680432, -7.8243841967641483, -7.8007428778203476, -8.103065141343853, -7.4287457032330302, -7.3836488481892619, -7.8477054105756938, -7.6910459189300857, -8.280092209070224, -7.7488031780480746, -7.2563313921882377, -8.2531247056679362, -7.0260055461871289, -6.9528883296893946, -7.5826255236838573, -7.5813836119153892, -7.8539147074100777, -7.6644927179781739, -7.7860241263534764, -7.4157734581389478, -7.2587925435311442, -7.9661560806417411, -7.8330023795970058, -7.1222855824648015, -7.1996592498663805, -7.2393952669322266, -7.4491767105978193, -7.1934628572676544, -7.6233104027999623, -7.3566454588020962, -7.3515077979387913, -7.4553287364911069, -7.8005420172517059, -7.2426803506113426, -8.0619553932314645, -7.1501951917974971, -6.9311178171684071, -6.7462618207647473]}