{"timestamps": [1491429287.724645, 1491429332.600988, 1491429378.586154, 1491429417.934562, 1491429446.540631, 1491429474.291283, 1491429501.658157, 1491429530.062463, 1491429557.891113, 1491429585.684322, 1491429613.123876, 1491429641.331277, 1491429668.464094, 1491429695.642975, 1491429722.644792, 1491429751.741446, 1491429799.411325, 1491429855.460848, 1491429905.37033, 1491429961.275325, 1491430009.511206, 1491430064.774939, 1491430118.069644, 1491430169.309419, 1491430225.073305, 1491430272.091935, 1491430327.999208, 1491430381.063657, 1491430442.882214, 1491430501.506318, 1491430557.004631, 1491430610.354146, 1491430664.997828, 1491430723.613822, 1491430781.511263, 1491430831.501222, 1491430889.456614, 1491430947.777448, 1491430994.774582, 1491431055.338099, 1491431111.782504, 1491431166.873013, 1491431223.559038, 1491431283.132377, 1491431339.639796, 1491431388.20277, 1491431439.079555, 1491431488.948126, 1491431543.964091, 1491431594.833751, 1491431627.663162, 1491431655.241207, 1491431682.032327, 1491431709.088469, 1491431737.188768, 1491431765.318191, 1491431792.93047, 1491431820.561467, 1491431848.071659, 1491431874.721315, 1491431901.968779, 1491431929.476341, 1491431956.813381, 1491431984.169957, 1491432012.376989, 1491432040.429711, 1491432068.569532, 1491432096.235337, 1491432123.495064, 1491432151.109506, 1491432178.38459, 1491432205.749905, 1491432233.911527, 1491432261.956398, 1491432290.040954, 1491432317.543407, 1491432345.18244, 1491432373.965918, 1491432400.886586, 1491432428.803501, 1491432456.860969, 1491432484.535534, 1491432512.436828, 1491432539.739034, 1491432567.190962, 1491432594.88926, 1491432622.880825, 1491432649.768505, 1491432677.066438, 1491432704.18609, 1491432730.802846, 1491432758.166538, 1491432785.805634, 1491432813.477419, 1491432840.813578, 1491432868.706217, 1491432896.154364, 1491432923.035481, 1491432949.812017, 1491432976.778859], "rewards": [-912.35219558414883, -890.47217459126546, -856.43777981633548, -796.22468986391721, -747.31199744442279, -681.91447590360531, -640.54826870719762, -596.85348665376159, -559.14280458712631, -514.42195341278727, -478.50678739602137, -447.07945464306664, -417.6116314783801, -391.52397418656989, -363.63940361191629, -337.9788560319019, -320.13025167479208, -297.46184799997491, -282.7180908336112, -262.22990956560852, -247.95537912772951, -234.06602787828217, -224.83648022695144, -210.06203796543321, -197.6692619054636, -192.4355838341539, -181.35378654265747, -173.48839789749789, -166.79623127485516, -162.36817116811392, -156.92803638994593, -149.0027487894171, -144.38564437460343, -144.08534867191432, -134.94103922676106, -130.21344028886287, -126.55824188826675, -121.89045877102089, -119.21579185934304, -115.90843792317894, -110.53067890736079, -108.27652900093337, -107.20723487836403, -104.90573715834464, -102.80691897890507, -99.123152637098698, -97.942406191797261, -95.593251986860707, -96.082180437500043, -92.830848489371462, -92.641185740199532, -89.398685149151547, -89.33944986141249, -89.465057201982361, -90.356605826331773, -89.323531318475091, -87.764666503273759, -88.802818487002199, -85.463144298910322, -85.802115584734977, -79.861356980262329, -82.2553397961603, -80.822885661767373, -77.105772268199601, -75.684148482158164, -72.829989434302746, -78.37370285964252, -74.158492125553209, -72.601844776276778, -72.312140862715538, -75.723511122610489, -72.920601290983512, -71.817131955992579, -71.828446797031688, -70.645338579714178, -69.216976644908016, -67.625582687590381, -70.046695162362028, -68.780371368948352, -67.390510724697663, -66.860394920898173, -67.445730396690337, -65.226199416354717, -67.789725354128663, -62.836492766256988, -66.668766976590945, -61.015985667100331, -64.386132408998165, -61.647202152155039, -63.052732022069705, -63.443413194677532, -62.887024078175926, -62.82088651002973, -65.378624990045324, -58.896248955190615, -60.164428119140048, -59.770731493736484, -62.136711469355852, -59.675002441476664, -59.367563823140145]}